track_id,name,artistName,release_date,popularity,duration_ms,isrc
6tAM5c0bJOwRqGAEgiNMpI,Solace Album Mix,Monstercat,2012-06-06,0,3538579,TCABG1284815
4mjgNE8R31AzxWfPNGtVMf,Best of 2015 (Album Mix),Monstercat,2016-01-22,0,9158194,CA6D21600007
5Q0P0cX3e42PgKd8LLS3ms,Horizon Album Mix,Monstercat,2014-08-06,0,3623121,TCABY1492585
6jvMmRtSzoEibQGrQkSISQ,Monstercat Best of 2012,Monstercat,2013-02-04,0,6348017,TCABL1374362
1KzLyjpjIRHuuj4iX8QsC2,Monstercat Podcast EP. 100,Monstercat,2016-04-05,0,9744610,CA6D21600120
4VrdksXJVhAOLW49qV0VTQ,Best of 2014 (Album Mix - Part 1),Monstercat,2015-01-26,0,3374468,TCACD1536766
0ng42pTjKgskmobNzhnEUa,Monstercat Podcast EP. 101 (Hush Takeover),Monstercat,2016-04-12,0,3701042,CA6D21600132
1ip1SN4tWX0qMgE1KgIF52,Calling Out (feat. KG & Skyelle),MUZZ,2015-12-18,0,335923,CA6D21500383
05LCfd8s9n2teUcsTsBAnr,Alladat,Jarren Benton,2015-01-27,0,207560,USWB11403652
1uy20tUwglZ4hapeq50jSL,Saving My Love - Stfu Mix,Twin Pack,2011-11-25,0,386718,DEN061100132
0EEWFu8Becr1CKzCljRiEG,オトノナルホウヘ→,Goose house,2015-04-06,0,216173,JPSR01301492
2nYxM6Di7mhBTv26K887fQ,Sky,Goose house,2011-11-25,10,334081,USA371501558
4kFW3sV8K3YRYG04Qhxdjw,バーチャル#9,Goose house,2011-08-20,9,286668,USA371407553
6mPGkCjfAZ1PR52RBxXumL,”JUST FRIENDS”?,Goose house,2011-08-20,10,299259,USA371407556
167PWPhEUGgTXuRkRCCCSD,"Fly High, So High",Goose house,2016-09-16,0,283706,JPU901602004
3AyQKxtCEk3ZR3JRnEpuSe,Best Friend,Goose house,2016-09-16,0,286306,JPU901602005
7piGheKcgabl2VgB1YkVEo,Perfume,Goose house,2015-04-06,0,223840,JPU901500338
54PTOiC3MbDJGt9zpf6Jac,恋するMerry-Go-Round,Goose house,2015-04-06,0,277026,JPU901500336
3IG6jyqLWwEyvPaGwEepcr,Pop Up!,Goose house,2015-04-06,0,231546,JPU901500339
3nKu0IIjJLU4h1cM5eTBiQ,笑ったままで,Goose house,2015-04-06,0,255800,JPU901500341
2kBR8dkyKfd25W9PRUFrLh,Don't Get It Misunderstood (feat. Venice),Kyle Coglitore,2015-10-28,13,139702,TCACI1595492
0skMV1gLpuvWFx1oKVBEkv,Up In Flumes,T-Mass,2014-12-27,0,212165,GB2LD0901842
1WSH5C56sRGwgbpH4cndH0,Paper Planes,Virtual Riot,2014-04-06,0,228870,GB2LD0901607
19aFbIM6m8suZZnP0YDhW2,Let It Go,Gene Galuska,2014-06-10,0,247480,QMFMF1457272
4mKaGkUNWrbDtvTl7sZDkt,Can't Forget You (ft. The Nicholas),San Holo,2015-11-20,0,216363,NLZ541500815
0IavpjES4TgnNw2RPYDDey,Can't Forget,Omar LinX,2014-03-17,32,217093,TCABW1401516
15O20RQyWJgKrkHID9ynT9,Never Be Like You,Flume,2016-05-27,0,233337,AUFF01500784
48qF1yaxtfOga12D6xR0Im,Alone (Slushii Remix),Marshmello,2016-08-25,0,259212,CA6D21600249
2bfGNzdiRa1jXZRdfssSzR,Dirty Harry,Gorillaz,2005-05-23,70,230426,GBAYE0402431
26ZC396ABpfS0MIbOetGEV,Summer Never Ends,Anna Yvette,2016-07-25,0,231225,CA6D21600210
2QzQU3nEL5kcCI11o5AfmK,Yours Truly (feat. Danyka Nadeau),Mr FijiWiji,2015-02-13,0,282026,CA6D21400113
1Kny6fGX5BzfhI3emVgMVz,Into the Limelight (feat. Danyka Nadeau),Trivecta,2016-06-03,0,270000,CA6D21600107
1Y4z9pcqHF9KHHnZQoB07O,Mandala,5054281243927,2019-01-25,0,237215,GBKQU1463153
6rn7zSeV46JMH0hJa4JJ6O,Time Stops,Virtual Riot,2015-09-21,0,276374,FRX871592466
4AP0fHeJ9MRGiS1i1xlw7Y,Real Love (feat. Danyka Nadeau),Rootkit,2014-06-30,0,275409,CA6D21000384
46zeAK3nRlfjRmHf22lpQc,Dangerous (feat. Danyka Nadeau),Televisor,2015-12-18,0,268004,CA6D21500384
1x59YtDtw7jPZTxqNYmhq2,Crossroad (feat. Danyka Nadeau),Au5,2014-12-14,0,417314,CA6D21400074
12mGwph2YzDIlChtq3EdXP,Alone,Marshmello,2016-05-13,0,273802,CA6D21600147
7IPCUIHT37O1mbk4R9O6En,Unbreakable (feat. Danyka Nadeau),Hyper Potions,2016-04-25,0,264954,CA6D21600123
51O58Axxs6CFiJzf1uUflq,Breathe (feat. Danyka Nadeau),Tut Tut Child,2014-10-31,0,275121,CA6D21400044
204PudWeSLHxVwOkune8mr,Inside (feat. Danyka Nadeau),Au5,2015-08-17,0,289970,CA6D21500255
7BKLCZ1jbUBVqRi2FVlTVw,Closer,The Chainsmokers,2016-07-29,82,244960,USQX91601347
0UZwcRQAk4QR09HtGRZhYC,Closer To The Edge,Thirty Seconds To Mars,2009-01-01,27,273466,USVI20900433
5HOpkTTVcmZHnthgyxrIL8,The Fox (What Does the Fox Say?),Ylvis,2013-09-02,62,213708,NOAGW1300374
59PCsXjyZnAzDTOyC4QdZx,Stonehenge,Ylvis,2011-10-31,0,233560,NOWHG1201040
6tO70xUCWTTjH73QHMAvb9,The Cabin,Ylvis,2013-10-26,0,248158,NOWHG1302010
4KX39APEOO2EgiZFkcJOfR,Together,Martin Garrix,2016-10-20,44,221274,NLM5S1600013
5MFzQMkrl1FOOng9tq6R9r,Don't Wanna Know,Maroon 5,2016-10-11,0,214480,USUM71609975
5Fm1OwRebHb5GFwdT3ia89,Mercy,Shawn Mendes,2016-09-23,0,208733,USUM71603531
1oR7VE2YJv3kT5XIa0MGMS,Sing,Goose house,2011-08-20,31,260441,USA371407557
0urpBLpcm6DOGzs86rcKd8,Untuk Perempuan Yang Sedang Di Pelukan,Payung Teduh,2014-11-04,72,342000,FR2X41400049
4NrgHwCBgIQfst4NT2CmM3,Cerita Tentang Gunung Dan Laut,Payung Teduh,2010-12-16,39,425626,TCACK1546453
11m2Qis3Q4uX3pBKjYefAc,Kucari Kamu,Payung Teduh,2010-12-16,46,277666,TCACK1546458
7wIkCYvFL159wjEDRn4qWI,Why Can't We Be Friends?,War,1975,0,230066,USSM11502343
4yNoaxUJjnP50AXYoAZx4S,Emotional,Flux Pavilion,2015-09-18,14,235275,GBUM91500036
271feX4Fipo7wGlxTYqjQa,First Love (feat. Diamond Eyes),Curious Kontrol,2014-01-21,0,255312,USLZJ1400290
5Dk2YjSwm9U2WC1nsFuwrD,Bring the Madness (Noisestorm Remix) [feat. Mayor Apeshit],Excision,2015-03-23,0,240000,CA6D21500177
44lyaXavLM0ulSopAS1F1J,Showtime,Shazzka,2015-09-04,4,251682,QMWZB1510666
7i0Pa4mJTJVIMw7Vy3FFUi,Find the Light (feat. Harley Holmes),audalanche,2016-02-15,0,183774,TCACL1696084
4jyPwgbt41phI3JionKQR8,Chasing (feat. Phoebe Ryan) - Giuliano Rascan Remix,Mt. Eden,2014-01-14,4,232960,USUS11202416
5ck7Ye06LHgGhWYJiAps2Q,Annunaki,Extra Terra,2015-07-17,5,241507,QMWZB1510768
0ng4EHlOtKCQfpJjH5djmB,Mix This Feeling - Original Mix,Centron,2014-10-06,0,246953,GBKQU1485925
6l8YTdyBFxP4m7fGNaUl58,Pieces,CHIMES,2015-07-01,0,273750,QM4TX1587878
6lHjGJAIrTWVqWn1NAiYlG,ShadowBoxz,D1ofAquavibe,2015-09-10,3,222595,TCACH1554801
5bX55UxmDPHnNDnee3Nhkx,Break Away,Foria,2016-01-14,0,301714,GB2LD0902228
6cxzIx8KTDEhCfGH9TAcDT,You've Got to Move,Disfigure,2013-01-12,3,248952,uscgh1320873
6KzHQR35nTZ336ABF9IiuQ,Los Angeles,Vaski,2016-01-31,0,192500,TCACL1655981
52oaUia8TvAcPvAeLL1M5F,Possessed - M4SONIC Remix,TGC,2015-01-17,6,261541,CA5KR1500010
2TNmy12Kv86t5Wt0LMDfIT,Surreal (Feat. Abby Sevcik),Mielo,2017-10-20,0,228031,US3DF1540533
34dkIFtyGlcg4qN0X9NBO3,Lack Of Shame - Original Mix,Elènne,2014-01-24,1,291166,DEBY71301149
3s4gfqgL8GW4sKD6HCbTCO,Best in the West,Lets Be Friends,2013-07-08,26,298626,FR6V81850818
4mdKjIVwZn8r0CdxfdeLRg,Release,JayKode,2015-07-06,0,246073,QM4DW1540920
57JB8Nk90z6NHT9OCB5RTi,Kaede - Original Mix,Nhato,2015-12-21,10,408311,GBLV61517839
6CLuXOJNHuLVAbhUP5XWFM,Faces,L Plus,2013-02-03,0,314493,GBMFG1300392
5Bi7zxA9t47MkTzMr5rYvZ,Arigato!,W-Fu !!!,2016-05-10,8,320177,TCACO1626739
3GUCa7VYKUcwTr5VWIkXg9,Killing Giants (EFL103),Puppet & Murtagh,2016-11-15,8,274427,NLF711609057
12f77tAz7FPaFxnFABoZbH,Complete - R.O Remix,LigOne,2015-01-21,7,199500,FR10S1523356
5fSS1HoqUnDitEc7IYSBTd,True Stories,Axero,2015-09-24,19,274838,GB-SMU-23-32493
718lC48FqA6liN6xSgBUhm,Robot Love,Klaypex,2015-04-28,31,231640,QM6N21491960
6YjA9S9LK1hrUFdbwz453x,Beyond the Void,Arkana,2014-12-18,0,321904,TCACC1413846
4XFMaZTEmNvsmKeQUxCfQ4,Knife (Tofû Remix),Nola Wren,2016-11-18,10,205090,ushm81693753
0nX4hydaOORRDqlfZfJA07,Running Away,Ollygon,2014-12-22,3,257560,SEYOK1430061
5IJbTPhcj0IjdzUaYqwe2I,Stfu,Pink Guy,2017-01-04,49,224493,QZ4JJ1704545
3JaKlOxGyK5S38uI2YabYn,Why You Always Lying?,Nicholas Fraser,2016-01-12,35,227106,QM6Y61600001
4l1NjfkuYjoSbYjrMB6z2T,Lights,DJ Striden,2015-10-01,24,195437,TCACI1594169
5fA5LqjhNlAk3iwwSldHAy,Obama Mic Drop (1999),The Gregory Brothers,2016-01-14,22,144246,US92U1515501
6fkjRwfYTWdzjW6HzWIlPX,Titenic,Jon Tron,2015-06-09,29,180647,US92U1504901
3WyawnjePexe2eqMKauJBR,Popcorn,Joey Rumble,2016-07-18,0,221648,TCACQ1638166
5zOz2xrNP1x6Znpe9PaDCd,Cure,Cole Sipe,2015-09-10,0,217411,TCACI1531992
71SZ2WDbxKnDEq1vVVj2Je,Closer Further,Toxic Emotion,2016-09-16,0,209240,QMQ3X1600372
0SxZpiF1BfbLiKJAamelYz,I'm Beginning To Think You Prefer Beverly Hills 90210 To Me,Fight Like Apes,2009-01-26,0,203413,IEACJ0800017
6kQ9Os7x5LJ2jLHb8VWKaa,ninelie,Aimer,2016,0,261773,JPU901600638
3oshLPqyQEEWBCktWl8jfS,Another Earth,Pink Guy,2017-01-04,25,132206,QZ4JJ1704569
01LSU6meTykNfXu66aBTvZ,Small Dick,Pink Guy,2017-01-04,28,132285,QZ4JJ1704567
7rE9wYXPgLqZsXVxn2JhU9,Pink Life,Pink Guy,2017-01-04,34,190640,QZ4JJ1704568
7qiZfU4dY1lWllzX7mPBI3,Shape of You,Ed Sheeran,2017-03-03,85,233712,GBAHS1600463
0afhq8XCExXpqazXczTSve,Galway Girl,Ed Sheeran,2017-03-03,77,170826,GBAHS1700026
3eR23VReFzcdmS7TYCrhCe,It Ain't Me (with Selena Gomez),Kygo,2017-02-16,76,220780,SEBGA1700015
0PyWKgNmGiYTFe6MXN5U4K,Bounce Back,Big Sean,2017-02-03,0,222360,USUM71614503
2pJZ1v8HezrAoZ0Fhzby92,What Do I Know?,Ed Sheeran,2017-03-03,64,237333,GBAHS1700036
6syOdAs4IK8kPWR7gDyjRw,Congratulations,Post Malone,2016-12-09,0,220293,USUM71614484
0KKkJNfGyhkQ5aFogxQAPU,That's What I Like,Bruno Mars,2016-11-17,86,206693,USAT21602948
1yNyoWWWikbLhwIGWjZuDW,All Night,The Vamps,2016-10-14,0,197793,GBUM71605342
14uKsvPJ0quzQvdB6f7Dur,Call on Me - Ryan Riback Remix,Starley,2016-09-23,64,222040,AUCN31209086
2EEeOnHehOozLq4aS0n6SL,iSpy (feat. Lil Yachty),KYLE,2016-12-02,67,253106,USAT21700378
5aAx2yezTd8zXrkmtKl66Z,Starboy,The Weeknd,2016-11-25,1,230453,USUG11600976
15vzANxN8G9wWfwAJLLMCg,Paris,The Chainsmokers,2017-01-13,63,221520,USQX91603031
3Lfiu5sZ4M4B6JaKMBc0FU,Barcelona,Ed Sheeran,2017-03-03,61,191146,GBAHS1700042
5uCax9HTNlzGybIStD3vDh,Say You Won't Let Go,James Arthur,2016-10-28,86,211466,DEE861600586
1CnPYaKxTVb4LWOtiGOm0m,All Time Low,Jon Bellion,2016-06-10,63,217603,USUM71603666
51ChrwmUPDJvedPQnIU8Ls,Dive,Ed Sheeran,2017-03-03,72,238440,GBAHS1700022
3rOSwuTsUlJp0Pu0MkN8r8,Mask Off,Future,2017-08-04,49,204600,USSM11701444
3TJk0aoXM0knrOlgd1fnbx,Weak,AJR,2017,0,202186,USKFE1620002
35QZaWQRkmnAVqBF1TLCxQ,Nancy Mulligan,Ed Sheeran,2017-03-03,64,179786,GBAHS1700046
6PCUP3dWmTjcTtXY02oFdT,Castle on the Hill,Ed Sheeran,2017-03-03,79,261153,GBAHS1600462
7oolFzHipTMg2nL7shhdz2,Eraser,Ed Sheeran,2017-03-03,55,227426,GBAHS1700020
1dNIEtp7AY3oDAKCGg2XkH,Something Just Like This,The Chainsmokers,2017-02-22,71,247626,USQX91700278
3ebXMykcMXOcLeJ9xZ17XH,Scared to Be Lonely,Martin Garrix,2017-01-27,79,220883,NLM5S1600025
5knuzwU65gJK7IF5yJsuaW,Rockabye (feat. Sean Paul & Anne-Marie),Clean Bandit,2016-10-21,71,251088,GBAHS1600363
6PJ8FF6UR8FZXfEvpHkIVN,How Would You Feel (Paean),Ed Sheeran,2017-03-03,63,280533,GBAHS1700038
6gpcs5eMhJwax4mIfKDYQk,Slide (feat. Frank Ocean & Migos),Calvin Harris,2017-02-24,68,230813,GBARL1700262
5ndfVSDyPq90jaIUhNPeby,Chained To The Rhythm,Katy Perry,2017-02-10,0,237915,USUM71700560
2SZy40PLDk3vFucXUGFCFA,You Don't Know Me,Jax Jones,2016-12-09,0,213946,GBUM71606456
6VRghJeP6I0w1KxkdWFfIh,Believer,Imagine Dragons,2017-01-31,0,203782,USUM71700626
5HDPtsnyb3maFmPL8LLUTG,New Man,Ed Sheeran,2017-03-03,59,189280,GBAHS1700030
0dA2Mk56wEzDgegdC6R17g,Stay (with Alessia Cara),Zedd,2017-02-23,0,210090,USUM71700736
4RepvCWqsP6zBuzvwYibAS,I Feel It Coming,The Weeknd,2016-11-25,0,269186,USUG11601012
0tgVpDi06FyKpA1z0VMD4v,Perfect,Ed Sheeran,2017-03-03,85,263400,GBAHS1700024
2dfHh7ECGxfNqZTQno09Vk,Hearts Don't Break Around Here,Ed Sheeran,2017-03-03,59,248413,GBAHS1700032
3WOUyEmV9Hi12JKn9QeLjI,Everybody (feat. Phillip Müller),K-391,2014-12-04,0,311259,TCACC1430367
2RttW7RAu5nOAfq6YFvApB,Happier,Ed Sheeran,2017-03-03,75,207520,GBAHS1700028
5Wh7OXtD7BzzUmhwzOpBZb,Run Up (feat. PARTYNEXTDOOR & Nicki Minaj),Major Lazer,2017-01-26,26,203180,QMUY41600121
6HUnnBwYZqcED1eQztxMBN,Solo Dance,Martin Jensen,2016-11-04,0,174933,DK4YA1610901
1sXUWdKx03aP9Gmzft58rt,Issues,Julia Michaels,2017-01-13,0,176346,USUM71615691
4Km5HrUvYTaSUfiSGPJeQR,Bad and Boujee (feat. Lil Uzi Vert),Migos,2017-04-07,2,343150,QMCE31600796
1WniHvhq9zTkny0WvGXX8o,Chantaje,Shakira,2016,0,195612,USSD11600299
5NNlUMcOEOdoOIwwaWXv0k,Cold,Maroon 5,2017-02-14,0,234308,USUM71616357
1WC5UN1U79gJlxGLYDGIO7,Green Light,Lorde,2017-03-02,0,234661,NZUM71700063
3EmmCZoqpWOTY1g2GBwJoR,Just Hold On,Steve Aoki,2016-12-10,56,198774,USUS11600503
7nKBxz47S9SD79N086fuhn,SUBEME LA RADIO,Enrique Iglesias,2017-02-24,68,207680,USRC11700058
4VuS959DSpr82t3qBqCrWG,Supermarket Flowers,Ed Sheeran,2017-03-03,73,221106,GBAHS1700040
3umS4y3uQDkqekNjVpiRUs,El Amante,Nicky Jam,2017-01-20,68,219506,USSD11600415
4aWmUDTfIPGksMNLV2rQP2,Despacito (Featuring Daddy Yankee),Luis Fonsi,2017-01-13,0,228200,USUM71607007
5yzuAVmDCCuRM5bDT9H4Y0,I Have a Gun,Pink Guy,2017-01-04,31,110000,QZ4JJ1704543
5rRMux9vrgG0HAnW8AgFCt,Nickelodeon Girls,Pink Guy,2017-01-04,41,188546,QZ4JJ1704544
3NdDpSvN911VPGivFlV5d0,"I Don’t Wanna Live Forever (Fifty Shades Darker) - From ""Fifty Shades Darker (Original Motion Picture Soundtrack)""",ZAYN,2016-12-09,0,245200,USQ4E1602586
043MJ8zk9VQLvXXV01UbH6,Fairy Tail Theme,Taylor Davis,2012-12-15,39,188000,TCABL1204481
37Yr8hkrWzfWT7ZRsfCOzX,Attack on Titan Theme (Guren No Yumiya),Taylor Davis,2014-07-29,27,171986,TCABY1495989
527iyT77FKfKsWb59QeetM,Fairy Tail Theme,Taylor Davis,2014-07-29,32,208933,TCABY1495991
6BwGADsK48truigixSvLps,"He's a Pirate (From ""Pirates of the Caribbean"")",Taylor Davis,2013-07-23,37,157640,TCABP1348185
3UCrsQ2v8vexY7pcsoUxo1,Assassin's Creed III Theme,Taylor Davis,2012-12-15,25,174222,TCABL1204479
0fDXx9vVgfdLZasmDoVnqP,The Avengers Theme,Taylor Davis,2013-08-27,0,124000,USE830907919
4KbrSpUpAViTkxs7e4aunN,Game of Thrones Theme,Taylor Davis,2013-03-26,31,201847,TCABN1308738
4Wqyc4zng66azPNuGp9Hp7,Arrival to Earth (Transformers),Taylor Davis,2012-06-28,13,246000,TCABH1252914
1IbqahgWSIgMcgUxbupT19,"Swordland (From ""Sword Art Online"")",Taylor Davis,2015-09-01,23,178124,TCACI1524519
2PH4A0uzqE8DSinxxETZrE,Cold Sun,Aimer,2014-06-25,0,309093,JPN101400051
7HHIwfRPcfnvUTK2zOGrD0,RE:I AM,Aimer,2014-06-25,0,345133,JPN101300001
6HH1qlyyVAAJzbctS0OYKB,No.1,Kana Nishino,2010,0,252000,JPU901503155
2fcg8FwEs3OhcyT91mbvT4,トリセツ,Kana Nishino,2016-07-15,0,257253,JPU901502466
2NMBRQiJSTuiLBCwHVTlnq,スピカ,Aimer,2016-05-11,0,308413,JPU901600640
4XD7dBLAbo3C5UF8N5WuD1,Best Friend,Kana Nishino,2013-09-04,0,319840,JPU900902261
0f34MnV51uwA1jhPQ2XnDe,Brave Shine,Aimer,2015-07-29,0,233493,JPU901501303
2p7kd9XmOXxSd9Czqdl59B,眠りの森,Aimer,2014-06-25,0,273360,JPN101300761
7nMyG8CJCgLweioZNOqRJc,Through My Blood <AM>,Aimer,2016-05-11,0,241533,JPU901600639
1JdnhcPSrGF8bGzUdXw96l,Distance,Kana Nishino,2013-09-04,0,226600,JPU901001901
7hDc8b7IXETo14hHIHdnhd,Passionfruit,Drake,2017-03-18,0,298940,USCM51700072
3GnLo84IkdSWCPYt6tnLll,HUMBLE.,Kendrick Lamar,2017-03-31,0,177604,USUM71703085
1x5sYLZiu9r5E43kMlt9f8,Symphony (feat. Zara Larsson),Clean Bandit,2017-03-16,76,212459,GBAHS1700199
6Zosz8w6CmdGMZM6p4JlbQ,Me Rehúso,Danny Ocean,2016-09-16,0,205741,TCACR1696782
2BoS7pU92MQtynhQ0cZOLT,Tunnel Vision,Kodak Black,2017-02-17,45,268186,USAT21700379
2jG6ifTWXk0AvonlgcXGgZ,Portland,Drake,2017-03-18,0,236614,USCM51700055
5hYTyyh2odQKphUbMqc5gN,"How Far I'll Go - From ""Moana""",Alessia Cara,2016-10-28,0,175517,USWD11677601
37Hr7Cnjt9uqPpPqDnjsWo,Why Can't We Be Friends?,War,1994-10-18,19,228333,USHR10421422
3SP0MlWYfu7xt1ZfMqBxh9,FEAR.,Kendrick Lamar,2017-04-14,0,460573,USUM71703090
5ELRkzdzz0HvGpMDlfZHkV,Sign of the Times,Harry Styles,2017-04-07,1,340706,USSM11703595
2j3g68OQNQKEmQW7kDJeKO,Goofy's Trial,Pink Guy,2017-01-04,30,166402,QZ4JJ1704573
7zvKFw17XyoBUx9mHiwzPy,Rice Balls,Pink Guy,2017-01-04,39,196173,QZ4JJ1704559
6x959m2QDvatSwUAVCHIuf,Why Can't We Be Friends,War,1975-01-01,59,230106,USRHD0610205
5VnaOLeK1lKfULuNwet8ck,Flowers,In Love With a Ghost,2017-10-23,53,252121,GB-SMU-26-29434
6vKK2Gy6QSCjt8nMVdMXX5,Everybody Dances Except Me,In Love With a Ghost,2016-11-15,22,91200,GB-SMU-31-46502
2XizvxDAomTbA3KOnOgGcc,"Let's Walk Across This Forest, I Can Feel Everything Being Real Again",In Love With a Ghost,2017,33,139807,GB-SMU-33-88996
47p7dDK9JvK3O0STbQL02u,I Think We Should Break Up,In Love With a Ghost,2016-11-15,18,111157,GB-SMU-31-46503
3nhBvq3wC6zsNf23cYvXFT,We'll Be Together,In Love With a Ghost,2016-11-15,21,234666,GB-SMU-31-46493
654qURfLGShCjqo8VvHQ47,Lapis,In Love With a Ghost,2016-11-15,25,56528,GB-SMU-31-46505
6Z7RZRCnM3oLktccT2Bgbm,Thoughts,In Love With a Ghost,2016-11-15,31,132075,GB-SMU-31-46491
0GbSslWDNItJQPA788gr20,Healing,In Love With a Ghost,2017,33,247484,GB-SMU-33-88998
5cvbog6wen3r3bBbcwL16U,We've Never Met but Can We Have a Cup of Coffee or Something,In Love With a Ghost,2017-10-23,49,199603,GB-SMU-26-29433
6NxTzPkAVrLOZXh6KV6x8T,When You Think About Her and Your Brain Says No Don't Do That,In Love With a Ghost,2016-11-15,28,166400,GB-SMU-31-46494
3HO8tYJGwNdOlctYzGhzkH,Good Morning Qt,In Love With a Ghost,2016-11-15,21,78720,GB-SMU-31-46500
51NwEhU00taacC9npdji7W,I Just Loved You (feat. Tomppabeats & Oiseaubizarre),In Love With a Ghost,2016-11-15,32,114000,GB-SMU-31-46492
3lXP9X4TWjSHzpVKv6t4A7,Goodbye Earth I'm Taking My Spaceship to Explore the Universe,In Love With a Ghost,2016-11-15,23,119172,GB-SMU-31-46499
7fB9Qu6IcMRhAg1L7SB0ir,Ghost,In Love With a Ghost,2013,0,172800,FR6V82270921
2Csg0XMPdNmHLozWODtsQq,"I Was Feeling Down, I Found a Nice Witch and We're Friends",In Love With a Ghost,2017,41,230243,GB-SMU-33-88990
23VciRIsKDL6JjfhQzTKiY,I Thought We Were Lovers (feat. Basil),In Love With a Ghost,2016-11-15,33,157518,GB-SMU-31-46498
7q4Z1OieVSNeplX7Rgw5u0,I Need a Cup of Coffee and Some Bread to Wake Up,In Love With a Ghost,2016-11-15,41,60000,GB-SMU-31-46504
3dkLN75ITjlF3TK1D4M1bw,Welcome At Qwerty and Azerty's Place,In Love With a Ghost,2017,22,35631,GB-SMU-33-88991
1xxlEIFljtiUYVXufYup84,Can I Be Your Internet Crush,In Love With a Ghost,2016-11-15,20,205090,GB-SMU-31-46495
600wewdSes7BMxXmm6UD7M,I Don't Know and I Don't Want to Know,In Love With a Ghost,2016-11-15,19,186000,GB-SMU-31-46496
29cp4vju8mOmmPYBwsPtLb,You and Me - Dancing,In Love With a Ghost,2013,0,216409,FR6V82270922
1g89nNWU8XIjUQwc8BNVTD,Am I a Girl? Am I a Boy? Do I Really Care?,In Love With a Ghost,2017,37,59480,GB-SMU-33-88997
75imPZaXVxdqNVnRV44KsK,Qwerty Enchanted The House and Now It's Attacking Us,In Love With a Ghost,2017,27,88685,GB-SMU-33-88995
7xRfZ4bQgEg60LQa3vgx02,I Know It's Not Easy but You're Not Alone Anymore,In Love With a Ghost,2017,34,142759,GB-SMU-33-88993
3PqWJMsNn4yh9lFqBbYhuE,Sorry for Not Answering the Phone I'm Too Busy Trying to Fly Away,In Love With a Ghost,2017-10-23,42,132413,GB-SMU-26-29435
6Lr6YaV8KW41iD53PgjPr5,Chilling At Nemu's Place,In Love With a Ghost,2017,41,46315,GB-SMU-33-88992
3ij9PeVmzqcsztIgi6fWok,Comet,In Love With a Ghost,2016-11-15,23,138556,GB-SMU-31-46497
5gNx7WNPQG7gEMfRAgDki5,I Hope You Don't Mind If I Come Here to Cry,In Love With a Ghost,2017,34,51069,GB-SMU-33-88994
6IWTSv1HarcxE5JSgPuFgb,We Were Friends,In Love With a Ghost,2017-10-23,36,155428,GB-SMU-26-29436
3gfBrvyk35gtmZhjbSvNyb,Don't Cry Kate,In Love With a Ghost,2016-11-15,21,192000,GB-SMU-31-46501
3GpX3pimbyQAF2jufyGoV8,Introduction,In Love With a Ghost,2017,25,36388,GB-SMU-33-88989
6IFEVo4pLKw67EYa1iEDle,12:05am,The Deli,2016-10-17,0,159831,UST8K1674337
7wDZGwj5hUwGScBlY1iBIo,Weekend,Gyvus,2015-11-30,0,163764,USLZJ1582464
1M1aKmgUXpmWZi43u8sJn4,Marble Soda,Shawn Wasabi,2015-06-22,0,161919,TCACG1573489
6UFZBPUhfvkN4JRAJ5vOLQ,Grass,baaskaT,2016-11-07,0,96923,TCACT1622418
4kVmLlBnLcfXIZIIhq3VUq,Her,eery,2016-01-01,0,123207,GBSMU2728328
0WFgSYnXkvKNQudrPe1Oym,azalea,eevee,2016-12-01,0,115299,DEQ121744929
07yx1qShTYZ6Eq5yvLEQUg,1:47am,The Deli,2016-10-17,0,140237,UST8K1674334
6oTZJx62mCTt7p3LEqxcT0,Snowfall,Idealism,2016-12-19,0,176500,TCACU1638204
26xgfuQnTaa5UQJhdQACz6,Forget,Pogo,2015-06-11,55,164703,TCACG1550645
24Jk4wYlLRXI9TUMdkHoMN,Again,Wun Two,2014-12-19,0,143132,DEQ121429630
7ydeKIGuAdxqkp7OsWGZx6,We Can't Be Friends,Dream Koala,2012-08-15,0,208451,NLPM11406916
4s2lS4q7UAwpqynFpxCKjH,Tyner,The Deli,2016-10-17,0,163281,UST8K1674333
2li2YIAG0WR8wlkgyUbmST,Lonely,Idealism,2017-02-13,0,119901,TCACX1747925
4adfpXRxA7q41AnkIRjTep,Souvenirs,Dream Koala,2012-09-01,0,187392,NLPM11512194
6JtvXsOCLxILwhVaHS2nCC,Tell Me - Qrion Remix,Giraffage,2015-08-14,0,259404,JPG921500059
4EHkL0jkgTpG7Ri85LAXtg,Morning Ritual,L'Indécis,2016-02-15,0,92259,USLZJ1613739
299vmLW2iaQxe8y9HLWNiH,just ask,weird inside,2015-05-22,38,173846,GB-SMU-21-33059
29uGke73C3JUzciyUBRrkD,Finding Parking,Joey Pecoraro,2017-02-22,0,172500,TCACX1752751
1louJpMmzEicAn7lzDalPW,No Promises (feat. Demi Lovato),Cheat Codes,2017-03-31,62,223503,QMCE31700953
2zDt2TfQbxiSPjTVJTgbwz,Starving,Hailee Steinfeld,2016-07-22,0,181880,USUM71606370
3jK5ndIlxMK3rN0gjlfkzh,Anganku Anganmu,Raisa,2017-03-30,41,271467,IDAC51700024
167NczpNbRF7oWakJaY3Hh,Slow Hands,Niall Horan,2017-05-04,0,188174,USUG11700631
2Gl0FzuLxflY6nPifJp5Dr,First Time,Kygo,2017-04-28,63,193511,SEBGA1700113
0Oa9mHOnH14GZ4toWwkf4c,Good Life (with G-Eazy & Kehlani),G-Eazy,2017-03-17,63,225520,USAT21700489
3s8ik4CUIZXXGDBgD0EAZ5,All Good,Dipha Barus,2017-03-08,47,193160,FR2X41702246
4uoumbAMEMaKdtiv763jKz,TG4M,Zara Larsson,2017-03-17,44,172893,USSM11701002
72Q0FQQo32KJloivv5xge2,I'm the One,DJ Khaled,2017-04-27,0,288876,USSM11703300
2oFQqo6YyVeQDTpVjhUfwE,Stryman,baaskaT,2017-03-15,0,117735,TCACY1791725
6tuZKBiS1p6Ig0UtC0ii0Y,I'm sorry (feat. shiloh),Swell,2016-01-20,0,157524,QM42K1600449
2S4N7RYlhHr1vWadDaleuJ,Burnt Rice (feat. Yung GEMMY),Shawn Wasabi,2015-12-04,46,120750,TCACK1521757
6RQFej8jDkNZIWc625nTKX,Fuck That Bitch,Gangsta Rap,2007-05-15,22,186540,USDE10701417
7iL6o9tox1zgHpKUfh9vuC,In Da Club,50 Cent,2003-02-06,81,193466,USIR10300033
29NjaVT0UIw4Jc4HK21C0Y,Black Beatles,Rae Sremmurd,2016-08-12,0,291866,USUM71603313
2KWc5DKUCdoIMVIgivR1bb,Black Beatles - Rock,Our Last Night,2017-01-17,36,241773,GBDMT1700083
3Rx2h3qPbTOqvu8DEuIMQs,"Nothing but a ""G"" Thang",Sean C. Johnson,2015-03-10,19,223733,QMUQ71500002
5qQ2Bnai4C9NQ1vWBl7yeX,Smoke Weed Everyday (feat. Diezel),Trick Trick,2013-01-08,36,229434,TCABL1347538
68hGjYI63KZXgCYicSMWHD,Turun Tetapi Naik,Jeffrey Rachmat,2004,0,3053106,IDA141310722
7cuu0RqA5ZXghqrD202NZB,Turun Naik Oles Trus,Fresh Boy,2017-05-02,0,392751,FR2X41787978
4ZaSwueqdMGHr8z0oQSkMn,Seperti Babi,The Panasdalam,2014-01-09,29,186053,FR6V82154175
5yEPxDjbbzUzyauGtnmVEC,Bitter Sweet Symphony,The Verve,1997-09-29,0,358426,GBAAA9700049
2NeHnSFnwNp1Z5WYgcjJ8L,X Gon' Give It To Ya,DMX,2010-01-01,0,219253,USDJ20201342
2oTDOIAdsxPTE7yAp4YOcv,Jump Around,House Of Pain,1992,0,214946,USTB10300119
3u9fHuAtjMY1RW2mZfO4Cf,Gangsta's Paradise (feat. L.V.),Coolio,1995-11-07,0,241933,USTB10250016
0s6Yxg9h7eW4M13rDq2N7Z,Lose Yourself,Eminem,2014-11-24,42,320573,USIR10211570
6HHytHLXLX8QfWTtGfFSvH,Drop It Like It's Hot,Snoop Dogg,2004-01-01,0,266066,USMC10400640
1YTz8nFEQi7t0VeZ1ppvy0,Dat $tick (Remix) (feat. Ghostface Killah & Pouya),Rich Brian,2016-10-13,40,197812,USUYG1115606
6IkCht32pbDskKd8NWzWBF,Dat $tick,Rich Brian,2016-02-17,0,126768,USLZJ1621592
1XSvndyw6uqVW1ekRZsJUp,Who That Be,Rich Brian,2016-08-09,41,134879,USUYG1109378
527KhZRk72NqSOduoJpXV6,Who That Be (Josh Pan & West1ne Remix),Rich Brian,2016-12-06,20,172962,USUYG1122206
7uuBfgY1vBCalrQRyyQhqs,Gospel,Rich Brian,2017-05-12,0,173294,USUYG1140378
51OepvVuCOodoHfTi70hkl,Rintihan Kuntilanak,The Panasdalam,2014-01-09,20,283160,FR6V82154186
1hPNdCII2b8NOEIqwbbsdG,流星雨,F4,2001-08-27,52,276600,TWA470125001
0sjlALfgJkLnR7TVJOEuds,Ask For More,F4,2006-12-18,29,239613,TWA470208013
1WUQih0Npms0jQbn7XJQ2L,Suka Dukaku Mencari Lala,The Panasdalam,2014-01-09,15,232560,FR6V82154188
7Izr83kICU3jNIkZKfxbbe,Djatinangor,The Panasdalam,2014-01-09,34,190040,FR6V82154181
5xV0rdDoqA9PtBmb0Dl3LM,Pulang Mabok,The Panasdalam,2014-01-09,25,196360,FR6V82154179
3WvpuN7JdO0AeUwhJQzKs3,Suci Dalam Debu,Iklim,1997-04-12,51,286973,MYRK10820224
0sbCWA5D6rpVNTz5NU0gCZ,Inikah Cinta,Razis Ismail,2015-12-18,0,260545,MYA118400067
4HM7F8ymm5Ice2If8vRUfl,Lepaskan Diriku,J-Rocks,2005-05-16,59,236960,
4Ua1jF6VlaoyjDECHnr2CC,Cinderella,Radja,2009,0,212137,IDAB30400199
4ST8t9M814FsyRtT9GvmDM,Tak Bisakah,Peterpan,2008-01-01,0,214480,IDA181241805
408TyH9YoTkH9J0Da9Ue8C,Manusia Bodoh,Ada Band,2004-10-28,0,257927,IDAB30400177
7kylbMIrSPy7BkwOO01NDi,Piknik 72,Naif,2014-07-03,41,204653,FR6V82626210
4fBFN8NLLIbvw6JzaiD2hp,Jikalau,Naif,2014-07-03,52,186933,FR6V82626222
0Z3E3USDNRILRhQBwy0ljP,Air & Api,Naif,2014-07-03,60,197813,FR6V82626209
63tUGwq0yrWE6FVemfPps9,Cinta Ini Membunuhku,D’MASIV,2008-01-01,0,243706,IDA181241002
53epbNYjH2elPuHjpqRSUk,Cinta Ini Membunuhku,D’MASIV,2016-01-01,33,243706,IDA181241002
0lliSgyvlOJ3wSFOeoAkeD,Rindu 1/2 Mati,D’MASIV,2016-01-01,2,279880,IDA181243901
3EELZDQN6F4eKmSOYnBddR,Sedang Ingin Bercinta,Dewa 19,2016-09-27,0,240001,IDAB30500289
4WK6MkLU35rIwzXGbtVJ21,Lelaki Pencemburu,Dewa 19,2016-09-27,0,256162,FR96X1613569
723lbdrLmSHUzgpsZ3tc4D,Dewi,Dewa 19,2016-09-27,0,261363,FR96X1613566
4O2w5lBjUmvkSfdmN91JqQ,Angin,Dewa 19,2007,0,252029,IDAB30700486
41dswHw9sCLChDgXyVS4kC,Asal Kau Bahagia,Armada,2017-02-03,0,245067,IDA431707263
2CulJODngVvPoLtQrZVWoy,Mau Dibawa Kemana,Armada,2009-07-23,59,239573,IDA160900074
3821tdFqPQeJNYxryIqIev,Hijrah Ke London,The Changcuters,2008-02-08,54,205706,IDAC50700345
7ADK1rnMzP6PGWhoqWirBJ,Pupus,Dewa,2002-04-05,67,305906,IDA040256805
3tGIQoi9m0WfRfUYN49V7d,Elang,Dewa 19,1999-10-26,53,261093,
2F8nJ7yF9GN5ONBHnmzy1h,Racun Dunia,The Changcuters,2008-02-08,58,274466,IDAC50700335
7z1xSflxvmyflUrvnBhBEo,Api & Lentera,Barasuara,2015-10-16,0,263637,FRX991506535
7A8nbMMgzEeX0JKOjKXp8N,Bahas Bahasa,Barasuara,2015-10-16,0,268854,FRX991506533
2j2uFXEF7y43cu86TXDitK,Sepanjang Usia,Kerispatih,2013-09-23,0,204747,IDA191300059
5meVLQqtpUE7KcB2d5XtAV,Mengenangmu,Kerispatih,2007-01-15,0,278619,IDA191300060
3M0RfjqAJZ1f6qXJkP1Uej,Sebelah Mata,Efek Rumah Kaca,2007,52,269757,USA2P1698199
7kkW7DtIigWXthYw9IwahH,Kenakalan Remaja di Era Informatika,Efek Rumah Kaca,2008,40,261248,USA2P1698206
3ApKWMaBaQKbZeHddhb7rL,Erwin,The Panasdalam,2014-01-09,17,270066,FR6V82154189
6ghMipqqYbh7zmh5FfDtrZ,Glxy High,Ajmw,2015-08-01,19,152553,TCACH1566458
2COBMrpsGXEagCGkjp2Siz,Jovial,Limes,2016-11-20,0,142727,QZ4JJ1626238
0902cldCDA0AjfeO1fyuUJ,Asos Model Crush,dné,2016-11-18,0,147875,DEVF11600072
0Y5LiVwXnCO8VJ1TX5ZESt,monochrome,Nohidea,2017-02-20,0,128625,QM42K1705814
2LDCP8QWhIB42gRvSVgRxO,Flower Dance,DJ Okawari,2010-10-20,0,265800,JPZ921010253
0w4cAGIHjWLypKaMFm6xL2,Tôzen,Gyvus,2016-02-08,0,170666,USLZJ1612628
5fDMSoh6h3hlSkRnTpHnRd,Bittersweet,baaskaT,2016-11-07,0,86000,TCACT1622410
7GNsSH9DplEYuzAPn29ThZ,Lovely Rita,Birocratic,2016-12-19,0,179200,TCACU1638201
7mb8p8MJ6zZUgu7b0mKDel,Feels,Giraffage,2013-02-12,37,190758,TCABR1313376
4Jgdb4akerysh6y9SJVSF0,Teen Pregnancy,Blank Banshee,2012-09-01,42,177297,ushm21603530
6SFV8lSwWqAOtitaFzEoaF,Crystal,In Love With a Ghost,2014-06-23,6,171182,FR9W11407822
2eSuEiuWXqBzoIbQr0c3jc,haiku,Nohidea,2017-02-05,0,108665,QM42K1704515
1mDD0E937IVwgNiwgm8a3k,Wanita,The Panasdalam,2014-01-09,19,260066,FR6V82154176
40tAOP3DPqmVD6L1h45Jp6,My Way,Frank Sinatra,2015-04-17,0,274933,USRH10723041
2y8Eez5cFFf2JzD546LThM,Fly Me To The Moon,Frank Sinatra,1962-12-10,0,147000,USRH10800836
1hSlBR0fAUCyB7jNtztE1s,I've Got You Under My Skin,Frank Sinatra,2015-04-17,0,222146,USCA29800426
4pV1bl7OiFW4mMNLmsgQGC,The Way You Look Tonight,Frank Sinatra,2015-04-17,0,201200,USRH10723024
5e71az0CAVqlOAWyulrw22,Animals - Original Mix,Martin Garrix,2014-07-08,0,304228,NLZ541300467
2qcMX8Te751NIDvSceASB0,Animals - Radio Edit,Martin Garrix,2014-07-08,0,176117,NLZ541300555
1UFlNHLuj6xg4azYgwmnuL,Animals - Isaac Remix,Martin Garrix,2014-07-08,0,256399,NLZ541300588
6dNXnOl9Oj7wPLjXG13Ar4,Bintang Kehidupan,Nike Ardilla,1990-02-06,0,266919,IDA181402401
0yyRL7Rxr4oJ6uI7DYe2OT,Desember,Efek Rumah Kaca,2007,54,256975,USA2P1698200
71e0ZQRv0Zv6hNVQqGtTFP,Cuma Manusia,Kerispatih,2005-06-29,0,294073,IDA191300052
4YMvlMYV3hD8emKCprfb4N,BUBBLE TEA,dark cat,2016-10-18,0,243375,UST8K1675758
4MOBftVlQhfr2ZMlIenCKM,Kites,Grynpyret,2016-12-06,0,205077,CAL451683601
26xcWeNjFVUzSPGgZmspKB,Ma Chouchoute,Snail's House,2015-06-18,0,188943,TCACG1559150
7qrBYrivpvfXUPBMmqh3dA,5:32pm,The Deli,2016-10-17,3,136914,UST8K1674343
1yaHuxxzCPo1ImL9a0NxdL,Hydrate,SwuM,2016-03-01,0,120032,UST8K1673617
6q65COfzljqN3WnT4R2SBT,waon to ame,Idealism,2017-08-31,0,109913,QM42K1608249
1RqcF39oDlXpjwzi6Yy0cS,apple_tree,Nohidea,2017-03-19,0,75555,QM42K1708027
3qMPJ51LS8OTC3TTZZ9Y66,Breeze,The Deli,2017-02-13,0,132000,TCACX1747928
7eOrw2L931SiczJ7OQZHXV,Let Linger,Birocratic,2015-05-04,0,111000,TCACN1613269
1sBrdUZ2abs5n0iSNYPppm,Spicy Boyfriend,Shawn Wasabi,2017-02-14,34,178064,TCACX1763516
0K3cr8GJYY7dIlAtQIOSnE,47 - Instrumental,emune,2017-04-01,0,121500,QM4DW1779174
6Lr4UWvJPYPfG7ia2PS9GZ,Grape Soda,Snail's House,2015-07-30,0,193488,TCACH1546962
0LkelFnnzJPC8dtZSZ9Og8,Dark Side,Phoebe Ryan,2017-02-03,34,204600,USSM11610614
1SDVfYNdDJKIeIB6H1TxF8,Gone,M83,2004-08-25,4,367480,fr86w0300360
6taFIgW5YE94x1icBh5vTg,People Who Died,The Jim Carroll Band,1980,0,298613,USAT20001273
4jVQBszyxsa0GeRSe5ToVC,Sound & Color,Alabama Shakes,2015-04-20,0,182466,USATO1400850
1v0uVPU6BWcbog5BiWLWVa,Hand Covers Bruise,Trent Reznor and Atticus Ross,2010-09-28,48,258637,TCAAR1068148
7MBirPAWhMruknTaCujJ9f,Loss For Words - Vector Lovers Remix,Solvent,2010-04-20,0,313269,US2J71000503
4zKLwAc2747rf2eEzphN7c,Awful Game,Milosh,2008-09-28,12,267973,USPG20700273
3BuLtAmXKy5uQYl4ED1zBT,Weak,AJR,2017-06-30,60,201160,USKFE1620002
7F9vK8hNFMml4GtHsaXui6,Back to You (feat. Bebe Rexha & Digital Farm Animals),Louis Tomlinson,2017-07-21,62,190427,GBHMU1700037
0HxD9bAQfejpX8ZqJp2Y7l,My Only One,Mocca,2004-09-05,40,193560,FR2X41582661
6F96VVMrh31SiWzR1wXLOw,Mukaikaze,Takuya Murayama,2009,0,254303,USA561096979
5VcOZYRlC02MDPD95bi0rs,Data & Picard,Pogo,2016-12-30,42,185288,TCACW1622194
1y75Y23XmEbHvFUK0by5G9,Curi - Curi Pandang,Naif,2014-07-03,33,192053,FR6V82626221
0GgN4MhR5GKn5IcKN0e0rG,Cancer,My Chemical Romance,2006-10-23,72,142973,USRE10602909
6b2oQwSGFkzsMtQruIWm2p,Creep,Radiohead,1993-02-22,25,238640,GBAYE9200070
1SwZVVH9BnXtLRLi2cbFhw,Good day,IU,2010-12-09,60,233586,KRA381001057
6b3BJ64498D8ISsVLobYKP,기다리다 Gidalida,Panic,1995-10-01,0,252133,KRA341436179
3AOcpwgy3V2Fwg7B8PZfKl,Creep,Scott Bradlee's Postmodern Jukebox,2015-04-23,57,283259,GBDMT1500097
4NxqB3X26pbzyouGzPYbSG,ハートに火をつけて - Album Ver.,9mm Parabellum Bullet,2013-06-21,45,239626,JPTO01300641
05ha8P7BWONVhmKoEg9xOl,新しい光(サビ),9mm Parabellum Bullet,2011-05-13,12,243440,JPTO01100137
2wxGp3LBoMjToD6hpGReuO,Answer And Answer,9mm Parabellum Bullet,2013-06-21,28,240893,JPTO01300630
02xBWhuAcE8ZJAYS0tLhpX,marshmallow,IU,2009-11-12,31,194298,KRA380901409
63Q0YcbhufHPvahEFJVm4O,The night of the first breakup,IU,2010-12-09,36,266135,KRA381001058
4cuZBzsrDoBTs9I6J3P6M6,Lingsir Wengi,Novi Rayani,2001,28,278560,FR2X41636758
6cLY7xjtpPYsc8VQjMKGCX,Lingsir Wengi,Didi Kempot,2016-06-10,8,282573,FR2X41681678
64YWcfGbVveWS1j6iAb5zi,Lingsir Wengi,Sekar Mayat,2015-03-03,0,572133,GBKPL1672984
560wZiRl9pO96hdNIqVBkE,Lingsir Wengi,Wiwid Widayati,2017-01-01,0,314368,UKFT41703662
1bpaCAkIX0h88Eb6ciK4qF,Lingsir Wengi,Eny Galaxy,2017-01-01,0,306464,UKFT41703610
4woEmPsvrLSGU2jUrrXe2q,Lingsir Wengi,Reni Ananta,2006,0,278272,UKFT41704304
4zZQfvADXjFyW36bm7eDEu,Nia,The Panasdalam,2014-01-09,27,229880,FR6V82154177
4NcBwqYPgkFg63Rgl9Sv86,Partai Kucing,The Panasdalam,2014-01-09,15,193906,FR6V82154178
2qrHyq4oJninkFs71EytZq,Oh Batman,The Panasdalam,2014-01-09,20,171106,FR6V82154180
34qGPMLQmG17YVoQ7NjIrb,Buaya Angkatan Darat,The Panasdalam,2014-01-09,17,154186,FR6V82154182
4JaGEjrort9GXhVrXhLcty,Lupa Istri,The Panasdalam,2014-01-09,14,193466,FR6V82154183
2JkK54abhTLwDVhloOpahC,Ospek,The Panasdalam,2014-01-09,15,260066,FR6V82154184
2eOfQIwJSEk7al5Hv4ZU4X,Semacam Kasih Sayang,The Panasdalam,2014-01-09,31,162506,FR6V82154185
2bWJ9jgABw6dOdalkSWVxz,Kelamin Uber Alles,The Panasdalam,2014-01-09,16,177640,FR6V82154187
2nUJvBO87SkxCViQsLc9Zr,Man's Not Hot,Big Shaq,2017-09-22,0,186026,GBUM71705147
7kwiwQhWRBSP1PJv4ZFJUK,Chop Suey!,System Of A Down,2001-09-04,0,210240,USSM10107256
41pOIT2t1rvr2Trg1HQChZ,Radio/Video,System Of A Down,2005-05-17,68,249226,USSM10501581
19fKNXNkmWhuAQyGbxyFXg,FDB,Young Dro,2013-10-15,0,220807,USKO11301125
15Uxmx6D6hW0gY5kc7bpqU,Its Every Night Sis,Ricegum,2017-06-09,39,155193,QM2PV1765734
7cvh1KWODDaowpiCk99u7m,Hand on My Gat,Pink Guy,2017-01-04,27,262040,QZ4JJ1704555
2SmXJEhm1yJvXK6Hx4XAYT,Help,Pink Guy,2017-01-04,44,165040,QZ4JJ1704565
5CwcXgsF9jcyqwkl5uxKnD,Akad,Payung Teduh,2017-06-23,42,259564,TCADD1749544
3lhDXDEu1bA66G6iAP1Uzj,All Neon Like,Björk,1997-09-23,0,353266,GBALW9700075
2hjf2eP6qU9OJb9zLA93ik,Amamizu,Masakatsu Takagi,2015-01-08,0,160000,TCACD1509346
0oEn06EDJ3ZuwqKXi9cpBR,"Utagaki, Pt. 2",Masakatsu Takagi,2015-01-08,0,274000,TCABQ1336894
6VfWccY3UTDtXFa7WFMyz8,Hands,Four Tet,2003-03-05,24,341160,GBCEL0300058
3b1gPWKiAsWXe6bPjE2rm1,My Angel Rocks Back And Forth,Four Tet,2003-03-05,23,307333,GBCEL0300061
0dmBtn6D7ZapMy9o3HEr91,Hi Hat,Teebs,2014-04-14,12,261566,US25X1085767
1dGaxvovtvVW0D3UdHSdJI,Inakunaru,Kidkanevil,2014-05-09,0,232696,DEQ121424599
7w87IxuO7BDcJ3YUqCyMTT,Pumped Up Kicks,Foster The People,2011-05-23,85,239600,USSM11002931
6GC6lcKgjCdsdIz5OiCUw5,Pon de Replay,Rihanna,2005-08-29,0,246960,USIR20500331
6DXLO8LndZMVOHM0wNbpzg,Danza Kuduro,Don Omar,2010-01-01,75,198786,USUM71020778
4y6c5vMzKKM3KsMbHtjKx5,Stronger,Kanye West,2007-09-11,1,311866,USUM70741299
7C86DVl6REN8VPeGEMOf9q,Get Busy,Sean Paul,2002-11-12,0,211666,USAT20202575
2tFAP5PycKceC26ZnIqnBt,It's a Shame (My Sister),Monie Love,1990-10-20,0,222840,GBAYK9000063
3TZwjdclvWt7iPJUnMpgcs,Jump Around,House Of Pain,1994-07-21,1,214946,USTB10300119
5jafMI8FLibnjkYTZ33m0c,High And Dry,Radiohead,1995-03-28,0,257480,GBAYE9400055
7wB2VenWR6rchtLwawreIg,Bullet Proof ... I Wish I Was,Radiohead,1995-03-28,0,208733,GBAYE9400064
0RJBK9LayfZbJOM7mc7cgF,Sweet Disposition,The Temper Trap,2009-09-30,0,234360,GBZUZ0900013
0uvLSjmtX3X4VYbcweUUrP,Fall Together,The Temper Trap,2016-06-10,0,200223,AULI01603660
6sdFa0pVD2eoRT0R2VWQEU,Down River - Fools Gold remix,The Temper Trap,2010-11-01,0,217386,GBZUZ1000052
77dC7dKzMm65Y9jkJs0Ssd,Move Bitch,Disturbing Tha Peace,2001-01-01,0,270866,USDJ20110894
5HQVUIKwCEXpe7JIHyY734,"Young, Wild & Free (feat. Bruno Mars)",Snoop Dogg,2011-10-11,75,207333,USAT21102232
5rb9QrpfcKFHM1EUbSIurX,Yeah! (feat. Lil Jon & Ludacris),USHER,2004-03-23,84,250373,USAR10301423
1CvhKmrutTAta5awpJcFDn,Watch Me (Whip / Nae Nae),Silentó,2015-05-04,0,185131,USUM71506622
0r2Bul2NuCViraT2zX1l5j,Get Low,Lil Jon & The East Side Boyz,2002-10-29,73,334066,USTV10200084
6ltPEsP4edATzvinHOzvk2,Still D.R.E.,Dr. Dre,1999-11-16,0,268004,USIR19905031
5C2K30ksXrUiMGqElGbsY3,더… Deo…,Panic,1995-10-01,0,337106,KRA341436178
2l3RCRNJd0CTn07de9UObP,아무도 Amudo,Panic,1995-10-01,0,198040,KRA341436173
1WH4Mi5FjBhK9JjTjAz5Qv,Sha La La feat. Junpei Shiina,Wyolica,2010-09-29,0,284613,JPD771000060
2y29W2M3Z835QyASgGQJIQ,Boku Ha Wasurenai,Wyolica,2010-09-29,0,259560,JPD771000110
4cxys4nZwbmYPHELRQVGk2,Aitakute,Wyolica,2010-09-29,0,312253,JPD771000120
4dESDF4LE0wj3kb0s9GKKE,Koi No Maboroshi,Wyolica,2010-09-29,0,291493,JPD771000030
4iEo2SD0vpIdYsjY1B8NKS,Trunk,Wyolica,2010-09-29,0,272453,JPD771000090
6E6bdppBUlm0cYt1FFRKTN,Sayonara,Wyolica,2010-09-29,0,197026,JPD771000070
0081US840gHik9vKHgxR3T,Hohoemi No Salsa,Wyolica,2010-09-29,0,271240,JPD771000130
7BaOgLrYifAz9I0c2Kdk37,Everything Is Gonna Be Alright,Wyolica,2010-09-29,0,234200,JPD771000080
40SuOEpBU2UbFamWpymbfQ,Music Rider,Wyolica,2010-09-29,0,238280,JPD771000100
5SVGTio6AJVm1Hl6TAvZWM,Kimi Ni Arigatou,Wyolica,2010-09-29,0,309933,JPD771000050
6NeeENbTxg4FsqAXZCoqDL,Ashita He No Nocturne,Wyolica,2010-09-29,0,274986,JPD771000010
4SPFB6AlKjPVVD6OoWXtuk,Tsukiyo Ni Saita Koi,Wyolica,2010-09-29,0,322800,JPD771000020
2DYPAPFBnfCmqGptN6kRgH,Once Upon a Time / Secret Admirer,Mocca,2002-04-20,38,240586,FR2X41582680
0rk3F1mm2Yrvh4zSrNpa0J,On the Night Like This,Mocca,2004-09-05,46,81213,FR2X41582659
6i3K9JRY0Bc6kZZeyMuikL,Will He,Joji,2017-10-17,45,202102,USUYG1161728
1HW1arhhmKY3jI7QyARvsf,Interdimensional Portal Leading to a Cute Place (with Snail's House),In Love With a Ghost,2018-01-08,31,148500,GB-SMU-41-82461
2QbFClFyhMMtiurUjuQlAe,Don't Wanna Know (feat. Kendrick Lamar),Maroon 5,2017-11-03,0,214265,USUM71609975
5iIixnRBYl3NJDBfzEOKWz,Pills,Joji,2017-11-03,44,187133,USUYG1161722
3LKgZUoFX1c4uT1CPDoOhz,Bitter Fuck,Joji,2017-11-03,45,154442,USUYG1161725
3IsOr4fNjL24DtkNIBqjKz,Demons,Joji,2017-11-03,48,176803,USUYG1161723
0Q2bGwvx3oECbpe3W5yyBv,Chicken Attack,The Gregory Brothers,2016-12-14,40,156176,US92U1626004
5AyL2kgLtTWEu3qO3B9SqK,Like A G6,Far East Movement,2010-01-01,72,216893,USUM71008138
3TahdwXB4gJRWVAI00Ejqa,"Moves Like Jagger - Studio Recording From ""The Voice"" Performance",Maroon 5,2010,67,201493,USUM71109132
0tKcYR2II1VCQWT79i5NrW,Thunder,Imagine Dragons,2017-06-23,1,187146,USUM71704167
04dhm69KcTlGgiYcTNAr0U,If I Was You (OMG),Far East Movement,2010-01-01,32,205773,USUM71023539
5SDVaYU4nfaIV0rNSlWSCa,三日月,ayaka,2006-11-01,57,279013,JPWP00601534
1yjsJfnqIcf8lMDX2yBbju,瞳をとじて,ayaka,2013-09-04,0,347533,JPB601303742
3JrxNi0sQ1Lnx8eGonp3Ma,にじいろ,ayaka,2015-04-15,55,224720,JPB601401807
1QoCVPSbayKifYbYIVDMV6,手をつなごう,ayaka,2007-07-04,41,289920,JPWP00800017
21qxrmTwQkOF5MivDaMvuX,Why,ayaka,2007-07-04,29,265973,JPWP00700525
1aEJTljLDeDeQgxtQHrhmz,おかえり,ayaka,2007-07-04,36,285240,JPWP00800130
69AhvxUjYfDUhkxbqahoDl,Cry Bird,Tennyson,2017-09-01,17,196173,USAT21703303
3SfBqiXlQARNG5WuwiRVJ5,You Bring Me Joy,Daif,2014-06-23,0,266428,FR9W11407830
3ssDc405aQviqZVBYPwksI,Soon,Unseal,2014-06-23,0,98486,FR9W11407834
5ZhthL4TZiH3yPBCBxUMeD,Emerald City,Guts,2014-06-23,0,464860,FR9W11407831
2RWidZ0NtWBnfEnwijOhxj,My Feelings,Mockoff,2014-06-23,0,410880,FR9W11407821
4ehxMpKC6OdcZ7cM3JRBQW,Someday,Tigerz,2014-06-23,0,346377,FR9W11407828
7s3S1qQ4P6LugGGtdC4Ar8,Jazz My Night,Rheostat,2014-06-23,0,465491,FR9W11407823
1hlRVph7ZZnUEKcjxLqwFy,Pow Wow,Herbie Jay,2014-06-23,0,406000,FR9W11407829
10mxoWbO7hD6oKN6VRkkV0,Oqpo_ooqo,Alex Augier,2014-06-23,0,381626,FR9W11407824
4rSpZ1YUP5Nl5LqSwN9YKd,Up,Cravach,2014-06-23,0,299125,FR9W11407832
3q1MKUca5tlWEU8ZEvwzVH,"Anytime, Any Space",The Missing Channel,2014-06-23,0,271475,FR9W11407825
7aAYLz0q26csA3iBCBxE1Q,Human Bog,Baths,2017-11-17,0,263345,QM5VX1500147
7Bd62aLFVOp75gl23K0SeX,Nurse Them Make a Fire Feed Yourself Express Your Mirth,Masakatsu Takagi,2015-01-08,0,657000,TCACD1509353
2MBApKEbGzo8jXqHpOruAe,Kiss You,Knife Girl,2017-07-21,1,141000,FISOL1700407
0f0ADFbYUMWRxT18DgPAJv,Lukewarm Arteries,Julien Mier,2017-11-24,0,182640,GBHLW1703771
33zcw56D51sFXaE40FPf6E,A Song About Naps,Grynpyret,2015-03-10,0,206295,CAL451563701
00BTDWR6xCaGdst6cPKkpF,Hideaway,Jacob Collier,2016-07-01,0,412613,US23A1500085
0TYz5h3uy7xqk9nbu54FrX,Victoria's Veil,Cashmere Cat,2017-04-28,0,196238,USUM71702849
25V6dSJMx1IplFQaj9fV8B,New Life - Album Mix,Eiffel 65,2001-03-21,16,283167,ITT010102801
0wwZfypdApHBjue2z9QnaD,Close To You,Jacob Collier,2014-12-15,0,330466,USE830953304
2rLby4r94FmI6GH1qhxaAp,How I Broke My Parents Record Player,Lullatone,2017-02-21,6,210266,TCACX1780962
3iYYwddu0jGXgW0FzJLuSz,Yawn,Baths,2014-05-06,0,220199,US2CT1410018
5V0CsDlHxo6ndcPiQx9M7z,This Delicate Place (Scaled Down Version),Silver Maple,2016-06-17,0,160949,SE5Q51701056
48qN5oJgCv1eDiSUeCBBCI,The First Two Times,Jonatan Mollberg,2015-10-09,0,131807,SE5Q51700172
1ijrMIqQvZNsnoqGukPzFD,I'm Forrest... Forrest Gump,Alan Silvestri,1994-08-02,59,159666,USSM19913841
6tIgg4Lw3DImnjDVOFWugE,,,0000,0,0,
1Jj5GOtn7BoyruCmfJUa67,,,0000,0,0,
7dQhtrteOzHMs8swK6XrRT,Mirror of the Heart,Lyle Mays,1986,0,304506,USWB18600053
5AKHiNVaPkVLDNbqcnjlev,Empower Your Mind,February Four,2015-05-28,7,255600,GBPS81527454
22oLQNuts4k3sRcxmBRA7p,New World (Cytus Version) [feat. Kamata Junko],Aioi,2013-12-10,17,153066,TCABS1321970
0KmndG5OZtQTNy91cEM3VI,Evil Force,Alpha Legion,2015-09-21,7,141866,TCABS1338354
13Irqgs7lnSCj6W0YxV52A,きっとまたいつか(album version),DEPAPEPE,2005,0,250040,JPU900600548
7uNc4xeYQhvOk79aIBAQEU,光ノサキへ,DEPAPEPE,2004,0,175826,JPU900601484
0wGk9Xye5JCbMoM3YJK1FO,Wedding Bell,DEPAPEPE,2015-01-01,0,290221,FR26V1503588
6BmfTQTLIdEWQp06sNBZ7F,Happy Shine,DEPAPEPE,2004,0,90173,JPU900602363
7DURlD6howptxPmrL2b8Q1,パッヘルベルのカノン,DEPAPEPE,2005,0,251400,JPU900701841
17bCNXpG3PUo1v9KmoEZRx,Letter from the forest,DEPAPEPE,2017-04-12,0,209613,JPU901700777
3YS60s9l0Q45lx6efjkbYt,ONE,DEPAPEPE,2005,0,269653,JPU901100464
4joHBhGLfSbt7BMvMyh0Oq,Girl,DEPAPEPE,2017-04-12,0,244426,JPU901700778
1oSXTb191pIvKrhBgBjcly,Color,DEPAPEPE,2017-04-12,0,194320,JPU901700776
4Bv2PFnYwDibvXwUj84aXM,Sky! Sky! Sky!,DEPAPEPE,2004,0,276840,JPES00402581
01rg6KJnSdGd25wKNtbdH9,SUNSHINE SURF!! (CW version),DEPAPEPE,2004,0,338093,JPU900600682
2WLAvDKyUjalMTEn5MJFkD,Diary,DEPAPEPE,2017-04-12,0,252266,JPU901700779
4x2iW80eA8tJkRazJRKil2,Reflection,DEPAPEPE,2017-04-12,0,230973,JPU901700784
25RpY0WTsJ2onNZrxyhKby,小鳥のキャロル,DEPAPEPE,2017-04-12,0,235093,JPU901700782
7yGRdLuQAmQJHTt8mwxxnM,One,DEPAPEPE,2015-01-01,0,260050,FR26V1503581
6cP7oU7srEgSL90rF0VYiD,Soda,DEPAPEPE,2017-04-12,0,189533,JPU901700780
2hifIMMrPA6vEOHynQfhGO,ラハイナ (CW version),DEPAPEPE,2004,0,358160,JPU900600689
5h3bRyMoicqIeXOyV3JmUX,SUMMER PARADE,DEPAPEPE,2004,0,202866,JPU900501041
6LeKR00Gxe8aiOHNNjHPjI,My hometown,DEPAPEPE,2017-04-12,0,236946,JPU901700785
7CCY00I0MjRSqRmhA0Ak1s,Start,DEPAPEPE,2015-01-01,0,260050,FR26V1503585
5UZ2jblHv2U64OKQ2xYUrW,Happy Birthday,DEPAPEPE,2012-10-03,0,236666,JPU901201390
1nL7zsNov2pX329xf82Vgv,グリーンスリーヴスによる幻想曲,Ralph Vaughan Williams,2009-12-02,0,227773,JPU900901777
74Nzzn4nI8ZrtbpQHDkMQ0,あの日見た空,DEPAPEPE,2014-08-27,0,225306,JPU901401004
4nB0vuoeUotbgFeDD2YhBG,恋水,DEPAPEPE,2011-05-18,0,186293,JPU901100461
0J1I8ef0yZUzXKPOiUWm77,トルコ行進曲,Wolfgang Amadeus Mozart,2009-12-02,0,168773,JPU900901780
6FRjiIuY6rmQgrYvbQnXvV,あの橋を渡ろう,DEPAPEPE,2012-10-03,0,257653,JPU901201386
0jGOf03YR5tEnYWRTj6Bdc,J.D.P.,DEPAPEPE,2017-04-12,0,277533,JPU901700781
4dOFnTw3HIYdoeWU2HrR0P,Summer Parade,DEPAPEPE,2015-01-01,0,202998,FR26V1503586
3m0pn5JaRbz27eMlZG3xzr,Over the Sea,DEPAPEPE,2004,0,217333,JPU900500610
263xTGLJdhnleR2nV5lw75,さざなみ splash ver.,DEPAPEPE,2004,0,242840,JPU900700381
6HccIfSvDg2a3vAteQz2XM,SLOW SUNSET,DEPAPEPE,2004,0,220693,JPU900600543
0z6CcCkZtsYUJONS1tLsDP,FLOW,DEPAPEPE,2004,0,234333,JPU900500612
2NnVoW8uUgDJRKZps85c6N,旅立ちの日,DEPAPEPE,2017-04-12,0,229000,JPU901700783
37v9g82rNTs67qpROEwZoW,亡き王女のためのパヴァーヌ,Maurice Ravel,2009-12-02,0,275066,JPU900901779
724t50n82kGnxiclrhhj8K,風薫る,DEPAPEPE,2012-10-03,0,223906,JPU901201389
4uyLmP1LvQ31g0WykSq0g2,beautiful wind,DEPAPEPE,2011-05-18,0,267373,JPU901100463
5a1W336FqfkJtkLBr9EWsh,Howl of the Wolf,DEPAPEPE,2014-08-27,0,275733,JPU901401000
0ppCl62HN0aQuHJWSTny2R,Morning Smile,DEPAPEPE,2004,0,109466,JPU900501592
6P3fcyslqa0TaRSaYmDojE,星の数だけ願いは届く,DEPAPEPE,2004,0,256000,JPU900501044
6tnlisemi1lBUTbVbqdQSE,TIME,DEPAPEPE,2004,0,189133,JPES00802721
4v2x4eRdz1Rb9tJJDkeswx,Circle of Love,DEPAPEPE,2014-08-27,0,265426,JPU901400999
2znmOy0Oixqs6NWFvB2hE4,always,DEPAPEPE,2012-10-03,0,214480,JPU901201388
6mT9sfu8c7aaM6yQqjtQqz,夕焼けサイクリング,DEPAPEPE,2004,0,203946,JPU900501587
72xpSQAqdeCzBWcywkDeIl,Interlude,DEPAPEPE,2011-05-18,0,36346,JPU901100471
3GzH9a5yFQNZV6tUDjWlPn,散歩道,DEPAPEPE,2004,0,128386,JPU900600686
6aDpdxf5b40itOxqGXgDyP,S.E.L.,DEPAPEPE,2014-08-27,0,261066,JPU901400998
5maa2mUpiaf6SgAwXD2gUo,Sunburst,DEPAPEPE,2014-08-27,0,279133,JPU901401006
2Fm4Dz2DoGHeCzW7oAhHVF,Dreams,DEPAPEPE,2004,0,165253,JPU900600685
6ggF5nDpy5vDq74Dc0kKGI,Leopard,DEPAPEPE,2014-08-27,0,249840,JPU901401001
0SkpJK0zHL610RIeiGDpXX,Snow Dance,DEPAPEPE,2015-01-01,0,252552,FR26V1503584
69sH3cSeBgPf7L0NoSMrEB,Hello,DEPAPEPE,2015-01-01,0,279824,FR26V1503579
7g1gf40x3MI5A3GHZlEp5Q,notes for Flora,DEPAPEPE,2011-05-18,0,207200,JPU901100466
2sOSNh73HxaUgi7rLtYlRX,哀愁バイオレット,DEPAPEPE,2004,0,245800,JPU900501586
70Y4Uc31fk3UiJoOyADgBM,Over the Sea,DEPAPEPE,2015-01-01,0,217574,FR26V1503582
7i5tzci7ziWq1254WKyAhD,行進曲 威風堂々,Edward Elgar,2009-12-02,0,274600,JPU900901775
4ETJr1zrX5OgXpM3FxH0hp,パステル通り,DEPAPEPE,2004,0,223773,JPU900601482
2fjTNMELG551qhqr3naEmD,Interlude〜ネムル森〜,DEPAPEPE,2014-08-27,0,140480,JPU901401002
4GKWI9doXVHLoL3ZgOJ1Ya,交響曲第九,Ludwig van Beethoven,2009-12-02,0,356466,JPU900901774
5Hi7sxmSPmD4PBEeuzWrem,主よ、人の望みの喜びよ,Johann Sebastian Bach,2009-12-02,0,272226,JPU900901783
30XrHg9q7tWdD6VxQIYQKu,アダージョ・ト短調,Tomaso Albinoni,2009-12-02,0,213160,JPU900901778
7xqyW001z0825LO2d7yr6w,天国と地獄,ジャック・オッフェンバック,2009-12-02,0,126733,JPU900901781
3F2FmPZxGQzCfhSWq831YG,結婚行進曲,Felix Mendelssohn,2009-12-02,0,185893,JPU900901776
09czz5zlfGxprpeTj3Esis,夜想曲第2番,Frédéric Chopin,2009-12-02,0,227400,JPU900901782
6Ll6kBlAgRw8PoanNz1DVS,Three Minutes Cooking,DEPAPEPE,2012-10-03,0,183080,JPU901201384
0qPB5hwL3dUcCG8HnHtTHp,Pride,DEPAPEPE,2011-05-18,0,225493,JPU901100470
0mY2wBtI31OeOmS7jRwSkD,Memories,DEPAPEPE,2012-10-03,0,272213,JPU901201383
2Uk6FID05K2OMihq4clEhd,Pride,DEPAPEPE,2015-01-01,0,227788,FR26V1503583
6nXglwyiYHfAMYuskcfjNA,Life is a Journey,DEPAPEPE,2014-08-27,0,230733,JPU901400994
7q6allgnGRXleTUP2B9fUA,スミレ,DEPAPEPE,2014-08-27,0,281893,JPU901401003
5K2HuPWJiimpfy1KDuXADj,Light of Hope,DEPAPEPE,2014-08-27,0,182973,JPU901400996
25LR8PTgzWt86kVO0d6BcZ,かがやける日々,DEPAPEPE,2012-10-03,0,302933,JPU901201391
7ls7baHcVYaNYff4qevheD,Wedding March,DEPAPEPE,2015-01-01,0,187429,FR26V1503589
7wzDxPkKEi31QVeJHoPOqL,Memories,DEPAPEPE,2015-01-01,0,309081,FR26V1503580
5qms5Nt7N7w53FxaRUXo4K,白い花,DEPAPEPE,2011-05-18,0,231200,JPU901100472
6ZAU4iw9yBa5FvdajxqkvX,UNION,DEPAPEPE,2012-10-03,0,284813,JPU901201381
6485FNamBNX9vVuoHwTAu1,Snow Dance winter session,DEPAPEPE,2004,0,257480,JPU900700387
0vwPB7WKeGbCXIKCAzFcC5,ツバメ,DEPAPEPE,2012-10-03,0,235613,JPU901201382
5KYAbPI9fhxcNI5pu8XjNm,Sky!Sky!Sky! '07 ver.,DEPAPEPE,2004,0,274586,JPU900700380
2rwjUt0sN70LrTQNig73zi,Dreams,DEPAPEPE,2015-01-01,0,169039,FR26V1503578
3sNRG6YcD1POnwZlMUQqrG,ONE,DEPAPEPE,2011-05-18,0,269040,JPU901100464
661zWdJbyDXoIMbhGIcuzm,Route 128,DEPAPEPE,2011-05-18,0,199893,JPU901100467
7yYgKENqGSHIKgfAYuDAqV,Share My World,DEPAPEPE,2012-10-03,0,345800,JPU901201387
003KPBPgMCSYdVs6hBwqtn,シュプール -WINTER VERSION '05,DEPAPEPE,2004,0,357520,JPU900502001
0cOEkKdYtM8OgXhzC114m2,Kiss,DEPAPEPE,2014-08-27,0,269493,JPU901400995
5qhxzzfPEcgg0nbKHlveTy,きっとまたいつか,DEPAPEPE,2004,0,295960,JPU900600382
7z9yvVBGFy11ORNlCCKcj4,晴れ 時どき 雪,DEPAPEPE,2004,0,250533,JPU900802582
5XpQ3ZDeOKAeWicuaT021T,SPARK!,DEPAPEPE,2012-10-03,0,213413,JPU901201385
24lfxhAGqFbxMWCPg23wOV,Dragon Night,SEKAI NO OWARI,2014,0,223064,JPTF01510801
2JrfXxQA7dNP2WcSDfTUNx,生物学的幻想曲,SEKAI NO OWARI,2012-07-18,0,224373,JPTF01208402
45K0qNLo4nltgbQ7c6bfqs,眠り姫,SEKAI NO OWARI,2012-07-18,0,326640,JPTF01208401
71MNTIHbBtJBYT0ebNHoWf,Moonlight Station - Remixed by Dux Content from London,SEKAI NO OWARI,2015-04-21,0,227800,JPTF01511003
40cPkRjw5aLQIOjaqgUVnB,RAIN,SEKAI NO OWARI,2017-09-15,0,306985,JPTF01706801
2IcyUTN0YYN8oFWycnWIhF,Introducing the College,村松祟継,2017-07-05,0,203000,JPTF01707410
1MD8iN2BEd0lLvn6bECyB1,RPG,SEKAI NO OWARI,2015-01-14,0,291346,JPTF01304201
3uyDAZlVqIE2eTDk7D0UAe,笑顔,Ikimonogakari,2013-07-24,0,298933,JPES01300481
1O5J2hqBnrNlV1Q1qKBGXD,キミがいる,Ikimonogakari,2010-11-03,0,346360,JPES01002081
2XpV9sHBexcNrz0Gyf3l18,ブルーバード,Ikimonogakari,2006,67,215706,JPES00801041
0U8YaCfzYiI72f4EcnGjI1,ハジマリノウタ〜遠い空澄んで〜,Ikimonogakari,2009-12-23,0,358426,JPES00903061
1lTfD2M6UpJRWi3YLb8qb5,SAKURA,Ikimonogakari,2006,48,353800,JPES00502221
1p0WZg4NXoNVGj2AuoLJe7,熱情のスペクトラム,Ikimonogakari,2006,62,223613,JPU901401324
0IDjgaiLSgu8SO37L1uhRs,ぱぱぱ〜や,Ikimonogakari,2013-07-24,0,308040,JPES01301021
4n5f6vydWvNsCcQH6p1Bmw,前前前世 - movie ver.,RADWIMPS,2016-11-16,0,284240,JPPO01617097
3406ekLxRfSY6oBQasRnGk,Sparkle - English ver.,RADWIMPS,2017-01-27,0,409386,JPPO01623125
47c0yiND86tZSiOCR2oJ5w,なんでもないや - movie ver.,RADWIMPS,2016-11-16,0,344053,JPPO01618977
4k3B4Txh34Wz67ZcSNOlnN,スパークル - movie ver.,RADWIMPS,2016-11-16,0,534120,JPPO01618974
5jCUbYzrTSVlNdhZgiguWF,Seven Deadly Sins,MAN WITH A MISSION,2016-02-12,0,207000,JPU901500095
0cX7Fezqdc5fVCcRnyuM3a,Raise your flag,MAN WITH A MISSION,2016-02-12,0,247493,JPU901502798
4T0fjCb5B4vWUIAXZrHIFg,Your Way,MAN WITH A MISSION,2014-04-24,0,266000,JPSR01301306
5AxYIlktx5mlMRhX6wr1PV,Database,MAN WITH A MISSION,2014-04-24,0,236333,JPSR01301305
366ABIopJkMbrEVoDsb9TM,My Hero,MAN WITH A MISSION,2017-11-01,36,263493,JPU901703011
14ac6aHzcctDpFavqiznad,Dead End in Tokyo,MAN WITH A MISSION,2017-09-22,0,221066,JPU901603986
7BpatEKbcjaBSR8Z3NUouf,Raise your flag,MAN WITH A MISSION,2017-09-22,0,247306,JPU901502798
6IfGxW1hRMUjjgVSDXwcAi,The Show,Lenka,2008-09-09,0,235693,USSM10802201
3yHQKddM8SVCRnuPSo3HPN,BOOMBAYAH,BLACKPINK,2016-08-08,0,240848,KRA401600169
1Zyd6zQnC6XIIzmg3hP7Ot,As If It's Your Last,BLACKPINK,2017-06-22,0,213264,KRA401700174
42tFTth2jcF7iSo0RBjfJF,Peek-A-Boo,Red Velvet,2017-11-17,65,189049,KRA301700600
7nKQ5WAcjnG48knyLuo8gO,Red Flavor,Red Velvet,2017-07-09,68,191139,KRA301700278
7AvXrOVEVRcfXxme2wo6Im,러시안 룰렛 Russian Roulette,Red Velvet,2016-09-07,0,211243,KR-A30-16-00315
0RhbQOahoOBgBE7Qx4AoSy,Dumb Dumb,Red Velvet,2015-09-09,0,202543,KRA301500438
3kQX7VBJDL0ffqcCn7YDQ1,Ice Cream Cake,Red Velvet,2015-03-17,0,191440,KRA301500091
5ubfQzhabDSLYyohz2ozaN,Rookie,Red Velvet,2017-02-01,0,197637,KR-A30-17-00050
2bnUATKYS3JykGpZjjlbXV,Like OOH-AHH - Japanese ver.,TWICE,2017-06-28,39,215079,JPWP01771193
5st9DnsI9K0JpOOg6TucPd,One More Time,TWICE,2017-10-18,44,183000,JPWP01771968
1Bjy9ZtwMle3uhVgoBgiGN,Holiday,Girls' Generation,2017-08-04,45,199563,KRA301700353
7N2nLFpfpkqJdpXIF0BVtM,행복 (Happiness),Red Velvet,2014-08-01,0,220986,kra301300670
2djh15mRHejqATZ8QaN4vZ,Wonderland,Jessica,2016-12-10,0,199544,KRA341600006
7ckg3KfFZP1eNOt5pSvsTq,All My Bells Are Ringing,Lenka,2008-11-24,0,152266,USSM10803866
4HzfWzJ0f42zMqJNkAOm8g,スピードと摩擦,amazarashi,2015-08-21,0,212066,JPU901502219
2TOWckVSxevaWM7L2UlKZA,スピードと摩擦 acoustic Version,amazarashi,2015-08-21,0,202689,JPU901502311
1AKbXe7xS1Om9iF5Tn86rM,名前,amazarashi,2015-08-21,0,356400,JPU901502310
6iyDXdoJq6qyBrobvhJWXd,君に届け feat.竹内美宥(AKB48),kobasolo,2017-09-27,0,326693,JPVP01707602
57xHvazKQAIZ7LLl7AJiY2,Sayonara Smile feat. Asako,kobasolo,2016-12-19,14,309759,TCJPE1698638
2IMxx0coghgQOXMCG7T99t,"I can not say ""love you"".",kobasolo,2016-10-13,18,276914,TCJPE1664481
0SB26hS5HZHv5lBpz6jE2p,Warainaki-Laugh cry,kobasolo,2013-07-20,3,186240,TCJPB1475968
3nC0MYAuLYSWX6z2iSrp1x,TOKYO GENOCIDE CITY,kobasolo,2017-07-30,5,215306,TCJPF1792574
1XUKCc4okefUnh5QofDQ5q,好きだ。 feat.えみい,kobasolo,2017-09-27,0,309626,JPVP01707608
5Ow1Ny5Smp0l1wSDdPVu2G,Kiminohonto-Your True,kobasolo,2013-07-20,3,229533,TCJPB1475970
4RnTtcA2xemsv3CtDHM8KD,奏(かなで) feat.安果音,kobasolo,2017-09-27,0,230586,JPVP01707609
1C8PvwoqIh320rLk51cxPG,Soregaii-Let it go,kobasolo,2013-07-20,2,266760,TCJPB1475972
7e7VjLxO5xJINHvnRytrqi,PLAYING WITH FIRE,BLACKPINK,2016-11-01,0,197355,KRA401600236
22Je85Q7fw8oVDRIHiv4z3,MotorSport,Migos,2017-10-27,0,307660,USUM71712002
5HWuEOfSyR4wbblXsBPvx4,Taps,The O'Neill Brothers,2009-08-11,0,140586,US4EB0930501
7HWmJ1wBecOAMNGjC6SmKE,WHISTLE,BLACKPINK,2016-08-08,0,211696,KRA401600168
4NMxGFkQzHoYIgnj6ElNwk,スパークル(movie ver.) feat.春茶,kobasolo,2017-09-27,0,315146,JPVP01707610
3i2JVOiabbQSFlCKQW4UgL,ひまわりの約束 feat.春茶,kobasolo,2017-09-27,0,305613,JPVP01707604
3X0LdGX9h0ibbhvlt84mDr,明日はきっといい日になる feat.えみい,kobasolo,2017-09-27,0,281866,JPVP01707603
7v2pODcmutuS5cPXxCLOuC,糸 feat.安果音,kobasolo,2017-09-27,0,229760,JPVP01707605
68Qf70KPImUtO56FOXenTz,3月9日 feat.竹内美宥(AKB48),kobasolo,2017-09-27,0,266106,JPVP01707601
2Sml31JbcSJ2JNXDl7SOEb,Time Stops,Danyka Nadeau,2015-09-21,21,276374,FRX871592466
6g93YtKKHU2H1qIqhLIL0Y,カタオモイ,Aimer,2016,0,207360,JPU901602293
6jBNUlTbv3fyn5t4izsdMa,again,YUI,2012-12-05,0,255213,JPSR00900821
0s0EEoHLJpzO8mGMh5Ctio,Like Woah,Logic,2015-11-13,0,232693,USUM71516263
4P7f7W5v3DNRAYDu4CT0CW,明日はきっといい日になる - 混声三部,羽山晃生,2018-01-17,2,266000,JPVI01754510
5umKdAGRcBcVDcseI6cWlP,明日はきっといい日になる Originally Performed By Rihwa (オルゴール),Orgel Sound J-pop,2016-02-03,0,190413,JPF541680902
1pgIpQiNb5fhrpZKps7wVm,your way,MAN WITH A MISSION,2013-10-09,0,266000,JPSR01301306
3k4r8OoMutlaIQu3KvVGjC,Journey,Snail's House,2017-12-25,34,217557,TCADK1741895
4cGF0UuLsd33EzvTDldkAB,your way,MAN WITH A MISSION,2014-03-12,0,266000,JPSR01301306
5SMSTpJI9HCAjoKFxvrnPo,Sweets Parade,Kana Hanazawa,2018-01-26,0,239072,TCADL1887750
1FXrYwvWwjmbw8cqFC1OWz,Kokoronashi,majiko,2015-04-15,59,273583,JPC231500557
1bBZap7k6FCitYRB0qv8mX,Lily,Metro-Ongen,2011-04-06,0,218000,JPJ901102900
3t1HegTbjLFXUaNAElhR7T,Hot Pink,EXID,2015-12-11,47,200729,KRA031212546
7ez0GleWkVehEBqm4zfwLU,Gucci,Jessi,2017-07-13,0,175499,KRA381701588
2Gq8bwrWXzc1gW9g2EnHTh,Excuse Me,AOA,2017-01-02,47,224948,KRA381700002
6Yj8kVuVR3UPxx9r5eFEoV,Miniskirt,AOA,2014-01-16,63,179808,KRA491400072
6VpQdig9pdpTSIFItgkJV5,Never Be the Same,Camila Cabello,2017-12-17,57,227087,USSM11710323
4BbjCfmNjHS4FKI97dWigT,Pernah Memiliki Feat. David NOAH,D’MASIV,2018-03-02,0,283627,IDA181830537
6RnkFd8Fqqgk1Uni8RgqCQ,Like I Do,David Guetta,2018-02-22,60,202500,GB28K1820005
3ZGqr2bWf4BKtVeMzN8lZC,Sex,Cheat Codes,2017-12-01,0,228360,NLZ541600026
4tPpWXIt6Tdm0XkBysxTJr,Never Let You Go,Andre Dunant,2017-04-21,3,202208,FR2X41769745
1SaQZoFXNu7ZAxxKImzFgf,Remaja,Hivi!,2017-02-23,0,218426,FR10S1763460
6nPZx4xtBSX1x641ktitSY,Harus Bahagia,Yura Yunita,2018-03-02,49,173809,FR10S1861092
3gYjiNLGcAqX9RLg5Bw1nc,Voor Dilan #III - Dulu Kita Masih Remaja,The Panasdalam Bank,2016-10-21,0,192444,USQY51600458
4O731Jf4lDQTXgEsAFLHoa,Cinta Begini,Tangga,2014-12-08,21,252800,IDAC52006573
6T8cJz5lAqGer9GUHGyelE,God's Plan,Drake,2018-01-20,2,198960,USCM51800004
2Imq77E6CEJR5TPUxlJvTY,All The Stars (with SZA),Kendrick Lamar,2018-02-09,0,232186,USUM71713947
7EmGUiUaOSGDnUUQUDrOXC,Wolves,Selena Gomez,2017-10-25,0,197993,USUM71712103
3hBBKuWJfxlIlnd9QFoC8k,What Lovers Do (feat. SZA),Maroon 5,2017-11-03,0,199849,USUM71709292
5Z3GHaZ6ec9bsiI5BenrbY,Young Dumb & Broke,Khalid,2017-04-27,80,202546,USRC11700144
1f3yAtsJtY87CTmM8RLnxf,Smells Like Teen Spirit,Nirvana,1991-09-26,8,301920,USGF19942501
59WN2psjkt1tyaxjspN8fp,Killing In The Name,Rage Against The Machine,1992,78,313573,USSM11205433
3ztCt91U2wGkDZuzbCwH6H,Black Hole Sun,Soundgarden,1994-03-09,0,318586,USAM19400007
1Dr1fXbc2IxaK1Mu8P8Khz,When I Come Around,Green Day,1994-02-01,78,178000,USRE19900154
1FkoVC85Ds3mFoK0fVqEqP,Self Esteem,The Offspring,1994-04-08,76,257826,USEP40312208
1hWrl3T1kIH5b9zRHLfCOn,What's My Age Again?,blink-182,1999-01-01,0,148573,USMC19959007
1znPMY3zq78mVuTAmOA9O7,Nothing Else Matters,Metallica,1991-01-01,0,388266,GBF089190020
2ARqIya5NAuvFVHSN3bL0m,The Middle,Zedd,2018-01-23,0,184732,USUM71800463
4pLwZjInHj3SimIyN9SnOz,Side To Side,Ariana Grande,2016-05-20,6,226160,USUM71602107
23L5CiUhw2jV1OIMwthR3S,In the Name of Love,Martin Garrix,2016-07-29,79,195706,NLM5S1600003
76cy1WJvNGJTj78UqeA5zr,IDGAF,Dua Lipa,2017-06-02,77,217946,GBAHT1600301
1rfofaqEpACxVEHIZBJe6W,Havana (feat. Young Thug),Camila Cabello,2018-01-12,80,217306,USSM11706905
3gBFAvpAVSNohs3ESRMYHi,Heaven,Isyana Sarasvati,2018-02-14,42,218506,IDAC51800001
7vGuf3Y35N4wmASOKLUVVU,Silence,Marshmello,2017-08-11,82,180822,USRC11701901
5V7mTIcXVU9k2JNu0mE6vy,Fall for You (Acoustic),Secondhand Serenade,2012,60,176946,TCACS1674090
50OWeJCwLJiHF49CzISojn,The Purified,Hoskey,2015-09-21,14,155053,TCACH1565947
21NFue4lsdVR0iWAYrl9NU,Dragon Warrior,Hoskey,2015-09-21,13,139253,TCABS1338310
6epA5VhrMT0nmDNX8Lpomb,Endless Journey,Hoskey,2015-09-21,9,134600,TCABS1338331
2ju2QeVgFtJM3gLQZKj6i9,The Spark,Scott Brown,2017-03-09,14,336782,GBKQU1714254
2LUvCA1QKYYs8Nr45M6oYs,Zealous Hearts,Zekk,2017-10-11,0,242406,QM42K1610204
3eNy1d6avlhmUn5vm6Wtue,Black Lair,Sakuzyo,2012-08-11,17,144800,ushm91422025
0aAziC7rwgwW60l9dOgwVl,Farewell Waltz,Stone,2016-05-26,15,99692,TCACO1602324
7Mi5TzbBhCgNYB6PPA5Emy,Ververg Symphony - instrumental,Onoken,2015-01-31,0,109693,JPE561500179
4nT0YjVBloqKHtb8esWjcZ,Ververg II,onoken feat. b,2015-01-31,0,155693,JPE561500169
4qi8cFqQCICowuvtSCre1U,Ververg,onoken feat. b,2015-01-31,0,109240,JPE561500168
43k2WDeLyVivo8czP3U6Hw,The Fallen Bloom (feat. Yoneko & Searlait),Hoskey,2016-05-04,20,162754,TCACN1665165
4dBGJSZpPK0RgTqo9ZVmvt,Where You Are Not,NICODE,2016-05-04,21,138861,TCACN1665167
0bhKcyPlzSmW6s3Fmo65sD,Music the Eternity of Us,Mai Aoyagi,2016-05-04,21,182861,TCACN1665169
6F18HnfAACxov1WXaL6TIO,Knight of Firmament (Instrumental) [Bonus Track],Eye Xy,2016-05-04,15,138629,TCACN1665180
6Q9iwwEJF6nZ05Dbapwr96,Lord of Crimson Rose (Instrumental) [Bonus Track],Eye Dt,2016-05-04,8,150504,TCACN1665185
2RJH3OX934Thh1GUYCmsgf,Lord of Crimson Rose (Scarlet Flame Mix) [Bonus Track],3R2,2016-05-04,11,253861,TCACN1665188
2VHViguDl68qU4k2anDYw7,Stardust Sphere,Tsukasa,2016-06-10,15,210000,TCACO1699109
07dc3UKJNfcralY2oc6M8c,Predawn,Nicode & M2 U,2016-05-04,20,135013,TCACN1665161
21vAMtfAthGRNzAlllgkAY,Lord of Crimson Rose (feat. Searlait),Eye Dt,2016-05-04,19,150513,TCACN1665159
2juCOuZRvKuGykGMuV5buk,Knight of Firmament (Fatal Blow Mix) [Bonus Track],3R2,2016-05-04,13,252294,TCACN1665186
5JKjUA0LLpfXxRcW9DcJSL,Knight of Firmament (feat. Yoneko),Eye Xy,2016-05-04,33,138629,TCACN1665157
6vI9b0UZMbje1SHlIEir5Z,Forbidden Codex,Hoskey,2016-05-04,15,144397,TCACN1665156
3g0B3uV04BzVEY8gArQok8,The Red Corornation,Eye Rh,2016-05-04,19,158794,TCACN1665155
7fuCgz3OzaJO2fSuBqCRqg,The Sanctuary,Eye Ac,2016-05-04,17,134937,TCACN1665143
2OS2rSsxOZetIxmebD1ITv,The Way We Are,NICODE,2016-05-04,17,128584,TCACN1665092
56KDj3OIss3zmD1t1pQiEM,Infernus (Original),Alpha Legion,2013-12-10,9,265603,TCABS1322001
3ImG2ersl7imGaDvPCi9AW,It's a Wonderful World,Hamo,2015-09-21,17,158213,TCABS1338309
5xTwS5IXQSyzeVm4tjrR5e,こころ,Euchaeta,2016-05-26,14,118153,TCACO1602301
6vTqWGflFcHcHIB50Ilqrh,Cream Stew (Full Version) [feat. Kamata Junko],Aioi,2015-06-01,8,318760,usdy41502854
1UJWxfyTxdFfQK9DndRzeY,I Cannot Say (Full Version) [feat. Kamata Junko],Aioi,2015-06-01,8,177066,usdy41502855
6R7nQ4JyLI2zPTfKCzk62m,Guardian,THE SxPLAY,2016-12-14,0,281745,JPZ921613566
2kmIi9WE6h8BINkM8w7QJ4,New World (Full Version) [feat. Kamata Junko],Aioi,2014-02-01,6,331000,uscgh1450212
63KdMrJUQUwNv4DmF1wXL6,Sleepless Jasmine (Full Version) [feat. Kamata Junko],Aioi,2014-02-01,14,194733,uscgh1450213
4sFQuKI2FB5ViSHqWuAJod,Restrictions,Cactus,1971-10-18,17,379200,USAT20103844
4eEjeEOArOcXuPuFm596kO,Restriction,Archive,2015-01-12,0,240004,UK32S1400353
3pv5Ybwqt1Lf1zv39eQHQq,Total Sphere,Tsukasa,2013-12-10,9,121506,TCABS1321981
48Bt84t6sH7i9fpsYlWzNi,Just a Trip,Killerblood,2013-12-10,13,155880,TCABS1321994
1HgrjyU008TxBXMLHhyCNL,Hercule,naotyu-,2015-09-21,13,124266,TCABS1338347
5D6fp0OawydyX2ANtYr8Ij,Rosetta,Mili,2014-09-24,26,180869,TCJPB1434037
3ew3Q31zsVNCqZakjYTOh9,Colorful Voice,Voez,2016-05-26,27,168613,TCACN1687877
0zWp0Ca0OKZayb3QsRG8Ow,Hua Sui Yue,V.K,2016-06-03,27,166245,TCACO1696906
4TrUseliSh9aqPDI1vQyiy,Let's Go on an Adventure,3R2,2016-06-17,9,118562,TCACO1699185
1vmGJbBCB01dgMvv7v2fe8,Walking by the Sea,Edmund Fu,2016-06-03,23,276075,TCACO1696754
0rEFzybuHHWTWgE6K2Uisw,Recollections,Yamajet,2013-12-10,18,145160,TCABS1321998
6hE7zLzlnB3YUXNndW6y95,Empire of Japan,Video Game Orchestra,2016-06-10,4,125000,TCACO1699322
5IkGVikq7TlmSqzOJ4UL90,Fable,Mili,2014-09-24,22,202191,TCJPB1434036
4QGaZhaF1VTedtLOXUKEaz,Vivere La Vita,Sta,2015-09-21,27,122816,TCACH1565939
5ZoMklBtHA1HNwqmkHA6DM,Diskord,Sta,2015-09-21,7,117680,TCABS1338338
0aAqtpEGQ7go2bkygkzfXF,Stay,Voez,2016-05-26,10,186545,TCACN1687888
74j1IHzUu4bPDXQAgcjcgS,citanLu,Ice,2016-05-26,18,132923,TCACO1602316
1QgJTEHcl0WTY5hrJJAkpO,Imagined Flight,Mili,2014-09-24,25,208965,TCJPB1434035
22doKpOsn43a3HTCiNG0BO,Time Phase Pt.1,Ayatsugu Otowa,2016-05-26,7,139798,TCACO1602356
5m8wiO2ySMpCtYSwHatWQr,AS IF IT’S YOUR LAST - Japanese Version,BLACKPINK,2017-08-29,52,212773,JPB601702282
4TWHREp4wv0TmewqR6rgRd,STAY,BLACKPINK,2016-11-01,0,230400,KRA401600237
67QGnT1Vdfuuy4HkLTUVjj,11:11,TAEYEON,2017-04-05,55,223451,KRA301700164
6Fcoih4yHMyXLzDcTeVUgn,STAY - Japanese Version,BLACKPINK,2017-08-29,36,231293,JPB601702281
6YSGyqY8Z75dtv4uE384Oc,Imprinting,Sakuzyo,2014-12-30,31,116571,uscgh1640416
6nnZ12Ij2vKn8HA28RpQ3a,Tougenkyou,Mytk,2016-05-26,11,147692,TCACO1602310
4Xxq0LMTlderEf4XsS8AUa,Reflection (Mirror Night),V.K,2016-06-03,26,274370,TCACO1696700
6JjlgOoEOv8CjaomV2m1hI,Kireigoto (Instrumental),Aioi,2015-06-01,0,206000,usdy41502857
4ASrMDS4Ryi5p4OnxkdnXg,Dino,Cranky,2013-12-10,14,171920,TCABS1321991
16CfwC3DHFOqFNMGwHV1WH,¡Azúcar!,Rabpit,2015-09-21,11,124973,TCABS1338335
7JV3SjRYxxqqHcVr7Fn2QL,I Race the Dawn (feat. Michiyo Honda),Kevin Penkin,2016-06-03,18,316008,TCACO1696903
3dDf8cWDdNO0ItjOucBGsC,BIOTONIC,Onoken,2015-01-31,0,287800,JPE561500172
4DfvpjPWcgFRmPq12AYBiX,Make Me Burn,JAKAZiD,2014-05-16,0,330452,GBLFP1518371
1dPR6mwdkQSHh7LO4btZsn,Vieille Ville,モリモリあつし、Ujico*,2016-05-26,10,138788,TCACO1602359
5Hr0dHf0Y1UUOgK2s6q7FH,Sweetness Overload!!!,3R2,2016-06-10,17,166665,TCACO1699115
5mPznK0Q7bPc0zLwmPNlGL,Lvbnr5 Weiß,Cranky,2015-09-21,15,148816,TCACH1565943
7uxo4kV8NDl2L0JB23vBoz,Soul in Call,Dachs,2016-05-26,4,149336,TCACO1602354
67QwPucu1RKogYvHTGT44k,Gardenia,Yamajet,2016-06-10,13,226000,TCACO1699113
4QS1o2oPX8Z4GRoZ2hluuO,The Blocks We Loved,Killerblood,2015-09-21,13,106240,TCABS1338311
3d1CozaF7NefSrwrPxRsSP,Dream (Chiptune Edit),Rabpit,2016-06-17,11,134294,TCACO1699201
4LS48JTfFTkCkta0Xz1MyL,Give,Voez,2016-05-26,11,265157,TCACN1687878
57p1uH2hNmhH48V5U39IU9,Dream of Dreams,Brian Crain,2011-11-22,8,261120,ushm91193978
7ATu4rGLOvFfdZcKNhMpg5,Gamegame,S.Don,2016-05-26,8,119211,TCACO1602309
0CnFfzR68NBPqcBmjORQu8,Hop Step Adventure☆,ああああ茶漬け,2016-05-26,14,122769,TCACO1602322
1h2ClEBOUPguk20bZBB1TX,Brain Power - Re-mastered,NOMA,2016-01-01,0,368274,GBSMU2808150
6dY1tTPkahu4BcYsTwJphi,Money & Money,Video Game Orchestra,2016-06-10,13,151411,TCACO1699323
70Zfy9aPzuiy5YaKsZ3QpZ,Chocological,Mili,2013-12-10,13,175066,TCABS1321995
0pyObh32vyNJLhhVR95v4s,Ververg - instrumental,Onoken,2015-01-31,0,109213,JPE561500176
15RyVImxuoHfJMJGG7cg0m,Deemo Main Theme,Tzu Chien Wen,2016-06-03,20,199995,TCACO1696698
5dzfkQqSHGx4mW3RFaPuqB,Holy Knight,Eyemedia,2013-12-10,28,138066,TCABS1321992
16QuOCucfTiCJ5NkWr2Z1o,Fluquor,onoken feat. Rin,2015-01-31,0,235800,JPE561500174
3uWJEO0F9IzheSprH3HLjY,Logical Steps,Yamajet,2015-09-21,18,132226,TCABS1338314
4h8ZIBlAtXVwOydSIUgTG6,Fluquor - instrumental,Onoken,2015-01-31,0,235440,JPE561500180
36wdoTT1eXH1tkZzLCXqO2,Molto Allegro,Persona,2015-09-21,15,142517,TCACH1565941
4s8XRhPko5KfkPY9qmaqUG,DRG,Onoken,2015-01-31,0,387080,JPE561500170
3vNDbyqOqO8u0YBkBZkltU,Beat It Beep,Gowrock,2016-05-26,4,114461,TCACO1602328
0pKc4Ihk1AboQ9Qaagw2rP,來世,Killerblood,2012,0,440635,TWAE31400111
6BD5Dvfw9KTORGob5BHpGk,Theme of Kingdom No 8,Killerblood,2016-06-17,7,115062,TCACO1699183
1h4AKErwdxqLwVzbgtrT9b,Akari,純白p,2016-05-26,13,173538,TCACO1602357
0FXDTnjokOtCHPduMrO1Ad,Like Asian Spirit,Valunava,2016-05-26,20,129124,TCACO1602352
5p613fSOuEsS42A2V91aRt,Genesys,KIVΛ,2016-06-10,18,180559,TCACO1699121
3aqBVdEFnvsIRadKmxXhKS,Rebirth,Video Game Orchestra,2016-06-10,6,131891,TCACO1699327
1FCzoHMEr7ZTQENgpf0zYh,Lv.0,I/O,2016-05-26,21,104899,TCACO1602371
0Kaa31hrCDCcY7Z0sGrafz,Penglaimovement,Video Game Orchestra,2016-06-10,10,134850,TCACO1699319
0zP2ThEMVqzFUw6Aryofmg,I Hate to Tell You,Ice Bird Studio,2016-06-03,23,172875,TCACO1696709
1mIxHJlIzghI25Rb7Saw8H,Lns Op,Hoskey,2015-09-21,6,96280,TCABS1338329
7A8RzxGI4rYj7vrBpdlb1a,Ververg II (feat. B),Ani,2015-09-21,21,116906,TCABS1338348
58gwQRB2sJ5EwKEntGR0MA,BOOMBAYAH - Japanese Version,BLACKPINK,2017-08-29,33,241640,JPB601702278
2IbQ5hQVrzg4e6bNruEqOs,PLAYING WITH FIRE - Japanese Version,BLACKPINK,2017-08-29,38,197666,JPB601702280
1VSneENeKLiEgvWw9M1yUC,Yawning Lion,V.K,2016-06-03,27,153160,TCACO1696716
3CR8AXAWFY7dX3mmpKI1Bo,Friction,Mili,2014-09-24,22,160153,TCJPB1434017
6Fr8kYyALnN4YH51k17R6H,Peach Lady (feat. Silvia Su),Yuk Cheung Chun Trevor Lin,2016-06-03,18,141553,TCACO1696760
25qGDulsqUJwz9VEZQvmqq,Ruination,5argon,2016-05-26,3,123692,TCACO1602321
3gEQwBcYVcEi09ktQsWpLu,Infinite Puzzle,Y Shin,2016-05-26,14,119000,TCACO1602364
6ISUEWzmyHlfNZ3iT03JWu,Lune,M2U,2017-07-12,18,119160,JPPO01703600
2gcySclrjBo88SiBnAyBAh,Keep You Safe (feat. Eli),Iris,2016-05-26,10,172615,TCACO1602308
6XsGs3vRZWdzOnAE3R6GCv,Rosetta,Mili,2016-06-03,17,181352,TCACO1696916
0PGZOH6wF79i88VSiyc1gy,To the Light,FUTURE AFTER A SECOND,2016-12-03,0,265160,TWAE31601084
3B2KcUEWVIrou6KyXSMVgV,Magnolia,M2U,2016-06-03,39,150013,TCACO1696719
6N9VpuDKWCm460pohimNvs,Old Gold,Cranky,2015-09-21,17,129493,TCABS1338307
6CvPZw6wu2XY5uEPJ0537N,Parousia,XI,2013-12-10,24,134880,TCABS1321984
5TrBlAtfvdJ4S6DzbCs1UE,A Turtle's Heart,Mili,2014-09-24,33,183243,TCJPB1434014
5Tiwx9djuj5N4pB0cK3NGx,Pulses,Sta,2016-06-03,22,120861,TCACO1696717
1e0LEDU00sj8SSavRfA48T,Spectrum,Suzumetune,2013-12-10,14,131640,TCABS1321967
2TqMkVwV185Slq7Hz5Usbk,Blue Eyes,Persona,2015-09-21,9,123826,TCABS1338332
593i5ddAVPGGAzWyuJEvZH,Land Scape (Cytus Version),Lowpass,2013-12-10,12,184426,TCABS1321976
7hT3ja9jdQXfU59gFL4jT0,Quantum Labyrinth Extended Ver.,Haloweak,2013-12-31,0,287264,TCABS1379365
7BUyIqIKZGGp38uh7DWb7C,Libera Me,Cranky,2013-12-10,27,139693,TCABS1321961
4od8EQWttaXUmScy1xp5lZ,Realize,Persona,2015-09-21,14,123506,TCABS1338312
2j7DmsDmWfeh25gLyHoEMA,Warp Drive,Titancube,2016-05-26,14,96000,TCACO1602318
2tOjrZc0grMn848PAIFfgT,Selfish Gene,onoken feat. Rin,2015-01-31,0,182040,JPE561500171
1rXH9YgyJ3kmipnW9bRSzt,Protest,Video Game Orchestra,2016-06-10,12,138000,TCACO1699325
3pNTdWt7yxQPWSmAcrgybq,Revival,Tq,2016-05-26,14,151086,TCACO1602350
2kSIZohEBKidUFGQt5APeM,Melody Of Elves / 精靈之歌,V.K,2009-01-01,22,372373,TWM810811212
0YbiUqUFsO4LQfxjW8HWuH,Platinum,Sta,2016-06-03,26,114129,TCACO1696706
07ND1KkEgMBxZdMKcHrNi2,Sanctity,Rabpit,2016-06-03,23,243946,TCACO1696905
2m2wDybxucdFmsOMoPABVf,Image (Full Version) [feat. Kamata Junko],Aioi,2015-06-01,7,255560,usdy41502856
2ixUXRoTI1MspjQUeBerkv,Otome,Suzumetune,2013-12-10,17,132986,TCABS1321966
6H0QE6xcqbYsDgIMkPHprV,Altale,Sakuzyo,2014-12-30,32,152192,uscgh1640426
6EugwcNBsWKLO9x5kllRS9,Light up my LOVE!!,onoken feat. moco,2015-01-31,0,233226,JPE561500167
2AbyR926yfIjVBynZjnS17,Bloody Purity,Eyemedia,2015-09-21,28,149800,TCABS1338308
0v5ZWVsTO9IxsNfOolL57h,Rainy Memory,Rabpit,2016-06-03,25,214522,TCACO1696759
62l10Oh6kUZZT6Et2PpvHJ,Future World,Killerblood,2013-12-10,21,147786,TCABS1321975
2zLP9AJspv1kKJZMjgeL5M,Hua-Sui-Yue / 花水月,V.K,2010-06-15,24,166080,TWM811050712
0YuWsWFKp5WSEN0e01Unfm,Niflheimr,XI,2015-09-21,24,149906,TCABS1338313
2cumbijCTvndbj4mM550Gu,Burning Battleground,Sakuzyo,2015-09-21,18,127924,TCACH1565950
1j27j9No92VzU6nJTy05RF,Go or Stay,Zris,2016-05-26,8,140456,TCACO1602355
6HDI5Ak69ouUyaocQJJirG,Music Box,Prince Of Wales,2016-05-26,9,119538,TCACO1602302
5FyanhdIrqj40YvQHi6e0P,Reverse ‧ Parallel Universe / 逆動‧平行時空(rayark 最新音game 《deemo》指定曲),V.K,2013-10-10,24,246950,TWM811308214
3Jf4EK2zW6ttsFP7WL9j10,Eastern Horoscope,Thinktec,2016-05-26,9,119331,TCACO1602361
3fsGlKCZocN50V6EZN4k0S,Saika,Rabpit,2016-06-03,30,271035,TCACO1696710
6sOvViazGV5Ng2bHE8lQRW,The Longest Night,Euchaeta,2016-05-26,14,179370,TCACO1602367
0m6l2MmArlhxqKoSQON29k,Shamisen Drives the Wind,Kitkit Lu,2016-05-26,17,115596,TCACO1602362
2JHJ36VDwRXUbLW3qAVL8N,The Graduate,Subaco Akimoto,2016-05-26,7,178764,TCACO1602372
7IujsVqDSLDLqGzWX1PiuT,The Noble: Orchestius,Sta,2015-09-21,10,205624,TCACH1565951
7gof4pNmvgKoEBWpfbneCG,The Sacred Story,Vila,2016-06-10,17,238000,TCACO1699111
69VC3Vrqxv8GrZOFgKAqgR,SupaMax,PAUL BAZOOKA,2016-05-26,4,153908,TCACO1602360
4HpUZNPjnw1MrauqKsKQjW,Rain of Fire,Marc Lin,2015-09-21,10,171205,TCACH1565940
6HEDHR6R6KPKeCAb3TAOPV,Xue Wu / 雪舞(電視劇《蘭陵王》配樂改編),V.K,2013-10-10,22,275124,TWM811308212
01n5Gzf6NE3IFqjWqkpgCv,YUBIKIRI-GENMAN,Mili,2014-09-24,30,235831,TCJPB1434019
2oQ9wlip9zadyeUlUANcl2,Revoluxionist,XI,2015-09-21,21,121205,TCACH1565942
5uRY6i5ssxFYdVGfPHfLq2,Scherzo,権太夫,2016-05-26,5,158908,TCACO1602348
5UrTnN2D8GYlm3yLBx0i7W,Phubbing,Video Game Orchestra,2016-06-10,11,132625,TCACO1699324
2l6UUnyUezCao72YLcen1q,Wings of Piano / 琴之翼,V.K,2010-06-15,34,333253,TWM811050702
6F10OKMrwqyNym7ArcOXvl,Dutch Formosa,Video Game Orchestra,2016-06-10,10,120360,TCACO1699321
1iO6NCI4T7DzDspVPSMcCz,Sakura Iro No Yume,Tzu Chien Wen,2016-06-03,30,238017,TCACO1696721
2mauuMOj8VzDyrfAFL4kIr,Fighting,Claymore 克雷魔,2018-01-12,3,256941,TCADL1838664
4REyE2BuDChf9vIafjWK7z,Evolution Era,V.K,2013-10-10,30,280466,TWM811308201
65JQhiYLLTG9yq7H6sajh0,Cosmo,Hamo,2013-12-10,15,154600,TCABS1321962
05FGAKbhxq8swICeMGfnCp,Sweetness and Love (3 R2 vs. DJ Mashiro),3R2,2013-12-10,17,120933,TCABS1321986
1ksr8bzSSW88Ki7cUK67YX,Ephemeral,Mili,2014-09-24,21,265925,TCJPB1434032
2rJdUJwcVnZX3lbOrrP1IV,Atlantis Love / 亞特蘭提斯之戀,V.K,2010-06-15,28,354373,TWM811050711
6wqcP1wR6GuLMmft1qsyTw,Undo,Ice Bird Studio,2016-06-03,21,149370,TCACO1696705
7aOcwgkkRYqj6cVdpPtDQB,Utopiosphere,Mili,2016-06-03,26,133397,TCACO1696707
2Gzc9J6b52HTTEQIiXvaUj,Catastrophe,Video Game Orchestra,2016-06-10,4,132550,TCACO1699326
7olIHjNNKcxTJxTjdJ4Jek,Fable,Mili,2016-06-03,16,202031,TCACO1696908
25bAHNEr9LFOms6qOzjFsV,Axion,Sakuzyo,2012-08-11,25,156360,ushm91422016
3Qr1rzdNuAO0T3boVIGreX,Yawning Lion / 獅子大張嘴,V.K,2009-01-01,25,199773,TWM810811206
12DaAmTkkzvcdtyJoi67dH,Infernus,Alpha Legion,2015-09-21,6,125706,TCABS1338325
2rDQc1PpshoScTztmTVTV1,Extreme Attack,Hagane,2016-05-26,4,138567,TCACO1602368
79B6M1TP1p3Ik83XBoZsMx,Cerberus,Gowrock,2016-05-26,6,117030,TCACO1602329
3Ue79QtEfx0xECmXb28LeK,Nine Point Eight,Mili,2014-09-24,33,190609,TCJPB1434015
3v9LpTH1HLLZdxhOSlQWtA,Selfish Gene (feat. Rin),Ani,2015-09-21,15,109053,TCABS1338306
0NPfLvpVMy5Gclqh6i2gHz,Witch's Invitation,Mili,2016-06-03,16,302843,TCACO1696917
5s4hM0f8eg3Yyo4L6Hm8os,Devil in Wonderland,Vila,2016-06-17,11,135352,TCACO1699209
2hcRMcmQHiY6qCO5QejrkG,"Precipitation at the Entrance, Pt. 1",Ice,2015-09-21,15,106920,TCABS1338350
0BvYZiRFtj8oaD9AGWA0YI,Adventure,Verdammt,2016-06-17,6,131866,TCACO1699188
2lGWoYiy0MMosOgqcMYQfz,Road,Voez,2016-05-26,9,146250,TCACN1687884
58nONCOgftbdx9D6I1IqqH,Witch's Invitation,Mili,2014-09-24,25,304545,TCJPB1434039
0KeK6xqEcTT1VWhHf5iw2d,Teman Bahagia,Jaz,2018-02-02,53,208104,IDAC51700095
7c4eoFxjq3uoi2vhlwX9ym,Majestic Phoenix,Ice,2013-12-10,12,114666,TCABS1321993
2zMBIXp3278E8W9krHxE6x,Les Parfums De Celebrez,naotyu-,2016-06-10,20,143998,TCACO1699116
74gjOUXp7t5qA9gXKkbjOt,Lvbnr5 Schwarz,Cranky,2015-09-21,21,146066,TCACH1565938
5sOVyOHqKrzgwinG9Bnfoi,Chaotic Drive,switchworks,2015-09-21,15,123160,TCACH1565944
2xQ0HSBWo9PIRFZ2zOx3TU,Requiem,Eyemedia,2015-09-21,16,132535,TCACH1565946
5OM6f8jOYimifJDPCiL3p9,Precipitation at the Entrance (Cytus Ost Version),Ice,2015-09-21,17,234953,TCABS1338357
50vi0PLGdf1bzYsyqHs9Rj,Sleepless Jasmine (Cytus Version) [feat. Kamata Junko],Aioi,2013-12-10,15,149173,TCABS1321988
6vvl1qHgeNquc3QiB7OO5i,Area 184 (Platinum Mix),Persona,2016-06-10,17,179999,TCACO1699112
3FdeYFMMqDnIXzzDs8csQ2,Fight with Your Devil,Killerblood,2016-06-17,14,136602,TCACO1699207
4OYEYJIQulid4KqKwa40ok,キミが残した世界で,THE SxPLAY,2016-12-14,0,227426,JPZ921613565
4O1avAxN2rxIcNNVyK1vHH,9 Tahun,Crossbottom,2004-03-03,34,244906,IDAC52004003
73KH13G75L83PwZjLNdsSN,69,ONE OK ROCK,2013-03-06,35,277400,JPJ221200415
617cDTzVRFEwYPzi3FKaXT,Christmas without You,TAEYEON,2017-12-12,27,259339,KRA301700663
2aYz8D1hlaSRBG5yOFeBm8,Past the Stargazing Season,Mili,2016-10-12,29,271676,TCJPE1657487
0XodGPHuylQUaoe1Gba2jF,Wilt,Verse Quence (Mjq・Eri),2016-05-26,30,185177,TCACO1602376
6TtW5jtj1xiCO3hY50JYbc,Vulnerability,Mili,2016-10-12,29,125582,TCJPE1657477
6c5hnYETwzaIiPRp54MN6Z,Paved Plaza,ginkiha,2013-11-23,7,245207,JPE561302679
76li5HpPEGVY9nCwz4pusX,サマーホラーパーティ,Reol,2016-10-19,30,254573,JPTF01614511
31N6TaDrLNmoATOSbnKBoF,Snow Halation (feat. Soleil) [dj-Jo Remix],dj-Jo,2016-01-19,0,245722,USE831534228
7ps6ClbeI58KMAp0bS26Pn,Sayonara Invader,Yunomi,2017-02-09,22,236379,JPX301708540
0ALpuVKJzDmsUfpSdDFeaQ,Camelia,Mili,2018-02-28,21,281954,TCJPG1861152
7rRTABW08iMS4nfY45hZzb,happy when youre not here,In Love With a Ghost,2018-04-15,28,106666,QM24S1806541
1YGmfMC5FqaYZqa8RioLqr,feeling empty because there's no more spaghetti,In Love With a Ghost,2018-04-15,30,84705,QM24S1806542
3ERiZbndVXtCGXIREDHKgD,something easy,In Love With a Ghost,2018-04-15,35,62000,QM24S1806543
18R9zCBWYH6h1dRSNs3SDT,popstar love,In Love With a Ghost,2018-04-15,31,84000,QM24S1806544
1YqXQb7KsMg53iHhF6Cxe9,hyacinth,In Love With a Ghost,2018-04-15,31,160975,QM24S1806545
2hRcfMW3DoDxo8uNdWVcEv,thinking about u (jk),In Love With a Ghost,2018-04-15,31,137647,QM24S1806546
751x6FLRCdXDP5HMnUNQZb,iced tea for breakfast,In Love With a Ghost,2018-04-15,41,76000,QM24S1806540
079ohl6YZlZAJvOhpqunOI,It's Oh So Quiet,Björk,1995-06-13,0,218733,GBBTF9500059
6n6i4WRR1MBlSYRqwfTzdA,Immature - Mark Bell's Version,Björk,1997-09-23,0,186266,GBBTF9700088
3LqERNkL9HK3yPmkVYFB3I,I Miss You,Burbank,2017-11-22,0,160000,QZANL1768485
34MqDD3411uJQvXsqpZv3D,"Sorry, I Like You",Burbank,2017-08-08,52,122790,QZ8LD1729683
4Gz8udKY7q5nPOipVbEB2q,Slumpin,Jinsang,2017-07-31,0,170000,TCADE1714571
1G3nmgbRt1rzAIqIDCi05Y,Your Name Makes Me Happy,Burbank,2017-11-22,0,107697,QZANL1768489
6N7dXSp9pR8KlVDbFuJOh6,The Way You Look at Me,shamana,2015-02-12,9,164257,QMPKX1752052
6jb4E96da8r7VLzxeQLXOk,Beautiful Love,Tomppabeats,2016-05-06,0,50196,DEQ121639485
2QgfyGmlJLzGo9bKNzMDdd,winter bokeh (Feat. Jinsang),Idealism,2017-11-08,0,127198,QM42K1614352
0oX75M5oIgft6yF9F8ror7,I'm Sorry (feat. Shiloh),Swell,2016-01-20,0,157333,QM42K1600449
0Z23yVp0oSHPQYYUqyRhlV,Just a Sec,eery,2016-01-01,0,114743,GBSMU2728329
70AvqwCfLnKMj3HvJDCXyW,Your Eyes,Joey Pecoraro,2015-08-14,0,127530,TCACH1586486
4p5eACHBSDSKxvPrN1Ej5p,Affection,Jinsang,2016-12-23,0,117495,DEQ121644250
5ePJLSCEKBFxN5MUuDZr1R,I Miss You (feat. Bahari) - Lophiile Remix,Grey,2017-03-31,0,188308,USUM71702831
0Zhju84SRLEzvgUj3hkBOn,Lemonade,Burbank,2017-11-22,0,91952,QZANL1768486
1K7CSZvj0XoJydDp5G8O9S,"Sorry, by the Way",Burbank,2018-02-26,0,126792,QZBRF1805397
4CGT1gLFljZ6qBJJiwjIXd,Every Day's New,Good Weather For An Airstrike,2017-09-19,0,330751,TCADG1764177
3ThqWYXipRjSQXMfSbhaCx,"To You, With Love",Burbank,2018-02-26,0,111891,QZBRF1805393
632vtxYjOg48d5mTOplC75,Spring Showers,Burbank,2018-02-26,0,143175,QZBRF1805394
0nKkwfguampuOqtwyUopI1,Let's Try Again,Burbank,2018-02-26,0,155862,QZBRF1805395
41PRT2tIrZiozJrwlbuQpA,Chubby Cheeks,Burbank,2018-02-26,0,168228,QZBRF1805396
6umcKascsO7hoGZ2cZbSyA,Tomie,Kidkanevil,2014-05-09,0,123460,DEQ121424607
4cGBdoT7Ry08pgtXtQSfk7,Keroro Dub,Kidkanevil,2014-05-09,0,129590,DEQ121424608
1V6fEF0OVlTnLFk76yOfmv,All Is Lost,Kidkanevil,2014-05-09,0,213639,DEQ121424597
33egbuvMxy1sER7foqQ6Qz,All Is Not Lost,Kidkanevil,2014-05-09,0,455528,DEQ121424609
2GtITPORAuhLhBRi4LZwvX,Tales of Moonlight and Rain - Japan Bonus,Kidkanevil,2014-05-09,0,280014,DEQ121424610
7BYQZcaZF3UF7PUOHjrNIQ,Shunkanido,Kidkanevil,2014-05-09,0,267576,DEQ121424606
5yZe1la7dF1N4us5JG6Q9k,Escape Pod,Kidkanevil,2014-05-09,0,206195,DEQ121424600
0HmcKxN1Yk75cAcRtvitNt,Dimension Bomb,Kidkanevil,2014-05-09,0,139179,DEQ121424601
1ik49dWX99lCQYg8eZwiGX,Earth to G San,Kidkanevil,2014-05-09,0,165828,DEQ121424598
4Lppg8lp2IJrFgRaUBEYqH,Everybody's Got To Learn Sometime - Exclusive Recording,Beck,2004-01-01,0,351826,USIR10400238
7F4a2EJf8LBEZGIvfWxfm0,Howard Makes It All Go Away - Score,Jon Brion,2004-01-01,0,14840,USHR10420988
3VA0x95kJp9rrlpEXR3iMz,Theme - Score,Jon Brion,2004-01-01,0,143933,USHR10420982
2RlgNHKcydI9sayD2Df2xp,Mr. Blue Sky,Electric Light Orchestra,1977,78,303373,USSM17200399
4lwKd56cSiwyZ9zyKwUaqn,Main Title - Score,Jon Brion,2004-01-01,0,81600,USHR10421000
4OYdIQ2zlHYNHSP2cP49Lg,Strings That Tie To You - Original Version,Jon Brion,2004-01-01,0,152733,USHR10420994
6LycjBPZFor6HESTGoLiUO,Showtime - Score,Jon Brion,2004-01-01,0,55640,USHR10420985
1sYKIOdu4Uhqisw7USQ0dj,Nola's Bounce - Original Version,Don Nelson,2004-01-01,0,116760,USHR10420996
1xUNtz2aVvPLsUUDl4mdRq,Spotless Mind - Score,Jon Brion,2004-01-01,0,71533,USHR10421001
12WLu27c3DKtOBRFC2K6yH,Peer Pressure - Score,Jon Brion,2004-01-01,0,72026,USHR10420992
5Il3NSnc9B7nmmTdW8gkoB,Phone Call - Score,Jon Brion,2004-01-01,0,62600,USHR10420995
0ip8ZHhDfy5MlBqCeNW9yJ,Bookstore - Score,Jon Brion,2004-01-01,0,52093,USHR10420984
0VURafS5qf6a1kHjYPGoW6,Section 2 (It's The Sun) (KCRW) - Live,The Polyphonic Spree,2004-01-01,0,333306,USHR10320480
6IcDx3wme2bNM4E8i0c1up,Down The Drain - Score,Jon Brion,2004-01-01,0,54573,USHR10420997
5jJxhzv2u17T5qr6nlHnec,Postcard - Score,Jon Brion,2004-01-01,0,22760,USHR10420990
6FIlS9ZNQreZYj3Xn8Ai8n,Collecting Things - Score,Jon Brion,2004-01-01,0,73866,USHR10420983
0tO5ub8Y9kkWSmF43yfGIi,Drive In - Score,Jon Brion,2004-01-01,0,138973,USHR10420999
1uUYRXg32hkJpXODSXOOpd,A Dream Upon Waking - Score,Jon Brion,2004-01-01,0,215466,USHR10420993
1Jt4m2eUxSomYoBZROTJxI,Elephant Parade - Score,Jon Brion,2004-01-01,0,26293,USHR10421002
1QuxqahtWdRH29jlzQcTLR,Something - Original Version,The Willowz,2004-01-01,0,143333,USHR10420989
5eVJuxBHkSKp5J28YmyOOd,Sidewalk Fight - Score,Jon Brion,2004-01-01,0,31626,USHR10420986
4UnbgD5MFtE3tpXNUvYbb2,Row - Score,Jon Brion,2004-01-01,0,59933,USHR10420998
0BXycyK9U7uBwfDOGWGLAs,Light & Day - Radio Edit,The Polyphonic Spree,2004-01-01,0,182973,USHR10420955
1NF5wFa3hrlgTsoOhET1jT,I Wonder - Original Version,The Willowz,2004-01-01,0,175973,USHR10420991
3wMbTfeHSM087geacW9VGq,Some Kinda Shuffle - Instrumental,Don Nelson,2004-01-01,0,130933,USHR10420987
7bh969wFgIfZJNRGAO224A,"Wada Na Tod - From ""Dil Tujhko Diya""",Lata Mangeshkar,2004-01-01,0,354560,INP100300053
3hGB6zmV7vI5jPAJxTW6Br,Otter Pop,Shawn Wasabi,2017-07-13,34,167741,CA5KR1563365
4MJcQ9uAHcMp7AXrSWsmlV,Dont Let Me Fall Asleep,Alicks,2017-03-16,29,328751,QM4DW1757740
3ly2k3a5KQvyOUtbeA7rkD,From Here,Adib Sin,2017-01-26,0,206000,QM42K1503191
55Bcml8WzcfNUyqZ7IrhY3,New Place to Begin,khai dreams,2017-09-23,0,138461,QZ9JZ1772781
7qBGEiUWgxm50Qtqj0bI60,Chocoholic,Tomggg,2015-03-18,0,340454,JPT921400027
6sFwwi8SsbfiWbHfpyht8w,Puzzle,Limbo,2018-01-08,0,135000,QZANL1712205
2oZNXWTmn3G6uxNyPq9ej5,In Love,khai dreams,2018-02-12,0,69389,QZARB1853157
1tJ4fzm6PnlldHJ51yo0AO,When I Look Into Your Eyes,khai dreams,2018-02-14,0,150375,QZARB1856505
7zqsDgTydxCAvBMqkuEbO7,Butter Sugar Cream (feat. tsvaci),Tomggg,2015-03-18,0,296888,JPT921400026
5eboNEy0WMkLRnPs56xBfF,future hippie,Tomggg,2016-05-25,20,262279,JPS809911091
2HiyU8x22ZsrLHxhF59pIf,Mind - Tomggg Remix,Slow Magic,2017-09-01,0,189252,USUG11701411
25uai4dFpLc2MgDL4jwbS9,Sala,Tomggg,2016-05-25,12,282079,JPS809911090
159AnVj9IVGu4JmZT4ZuYe,Love is Over - (Tomggg Remix),chelmico,2018-01-17,19,235826,JPS801731226
6andM0aH8b48t6ZxKEDw4J,Curtain Fig,Tomggg,2016-05-25,10,308679,JPS809911089
5yATCUkZlKVdSZDTol5PQo,Caramel Popcorn (feat. Phoenix Troy),Tomggg,2015-03-18,0,288000,JPT921400028
349hPOgxfnz832M6zFHX7M,Butter Sugar Cream (MAXO Beammix),Tomggg,2015-03-18,0,158309,JPT921400029
48S7Snu6dGyo48MqBtrwOU,Wedding Cake,Tomggg,2015-03-18,0,256614,JPT921400030
6NG8A24yd1nYl9gVhcfC7L,Tick Tock Skip Drop,Tomggg,2016-05-25,6,335419,JPS809911089
0E5pNzt2pwd3bOqQsOnfQv,Tick Tock Skip Drop - Mili remix,Tomggg,2016-05-25,1,308961,JPS809911092
2AdFWDzjmdMeH57ZuFldSZ,Tick Tock Skip Drop (instrumental),Tomggg,2016-05-25,3,334840,JPS809911093
4IZDfqXRGWinR2zuhzbN7B,Sala (instrumental),Tomggg,2016-05-25,2,283239,JPS809911094
4Pn1ztkwMZbzQOQxqRyqfZ,Wire Frame Baby (feat. MAMIKO[chelmico]),Yasutaka Nakata,2018-02-05,17,243946,JPWP01870006
3YUbflPp2rUKIDjiUQAd13,Yume De Mata Aetaranaa,Yunomi,2016-10-12,24,197250,JPX301607300
6NgBiZKYX52IGZvT92025F,Rest,Pheeno,2016-12-14,26,185333,CA5KR1535788
5KOocgCGwqyaC1kSHD0tz7,toward morning,in the blue shirt,2017-09-24,0,259707,QM42K1600285
1jsuNY2norISRscbYj5ISS,さみしいかみさま,Daoko,2017-12-20,39,269663,JPTF01513902
5nfr8CQxhR2xKmyI5hy9sK,Wind Bell,in the blue shirt,2016-10-05,12,156400,JPS809913976
3xA7q8yI1Lq9GAPyzrF9yZ,Hotto Dogu,Shawn Wasabi,2015-06-22,29,237450,TCACG1573610
1WfJ6JyQ3prYlxXXnVxtWz,Unfair,Instupendo,2016-06-10,17,82473,QM2PV1607594
3ijrrM0lNOXCJBBrsVhcLZ,Airwaves,Adib Sin,2017-04-07,36,192000,QMPKX1709821
4hbAPzoCrnmVfpswf1Nfos,ナツゾラ,HoneyComeBear,2018-01-15,0,213750,QM42K1864643
557y7PDrfoG7ZiXE82XPxp,Empyrean,City Girl,2018-04-02,22,208320,GB-SMU-48-74284
3sxTrGBmfjlMJIy3QaxsTP,Sleeping with You,dark cat,2017-09-24,0,150360,QZ9JZ1776635
0cmpaEz9k3FCpXrZeG6zE6,すてきなメゾン feat. 玉城ティナ,tofubeats,2015-09-16,29,251386,JPWP01571213
2x4ZC6OpEvud8HayLpceue,Harvest Moon,Mree,2017-10-13,0,206391,CAN111700359
6j236RwzFFj4wqH2tWJNBD,5 O'Clock (feat. Lily Allen & Wiz Khalifa),T-Pain,2011-09-23,0,281533,USJI11100299
1mr3616BzLdhXfJmLmRsO8,Fireflies,Owl City,2009-01-01,0,228346,USUM70972068
7cE8VabTiFSjD2FSf6xrOx,The Imperial March - Pegboard Nerds Remix,Celldweller,2018-05-04,3,263448,QM5LC1800152
4rKTvV3QCEwhmnrxcw6PGn,The Imperial March (Pegboard Nerds Remix) - Instrumental,Celldweller,2018-05-04,0,263448,QM5LC1800153
6Rvpcw4OnG9fMfcxVIyEhL,You Can't Stop this Mother F*****,Tyler Bates,2018-05-11,24,70600,USQX91800907
0vwETfTihkeOWR7ChJ7KFe,Ice Box,Tyler Bates,2018-05-11,7,79186,USQX91800908
6nbVSUTp2Ucku7TXMtgiTd,Weasel Interrogation,Tyler Bates,2018-05-11,6,71760,USQX91800903
5hQll2t2rfpVARhVjDVOYJ,Oddloop,frederic,2014-09-24,57,255293,JPJ221400615
2ofTMnXr1F24XmXCdKUfmM,Uwasa No Kemuri No Onnanoko,frederic,2014-09-24,17,214213,JPJ221400620
26sfOdUbSSm6nnmcuXL61P,Take Me on (feat. Clara C),New Heights,2011-09-25,13,235086,TCABA1174716
70hvCk6sUutFjKA1Y4W1mc,take me on,joan,2017-01-24,0,210840,QM24S1700349
2WfaOiMkCvy7F5fcp2zZ8L,Take on Me,a-ha,1985-06-01,87,225280,USWB19901214
7CFN1zqKSjucIyDzcrqE6I,Take On Me - MTV Unplugged,a-ha,2017-10-06,0,253906,DEUM71721371
5st5644IlBmKiiRE73UsoZ,Fuck You,Lily Allen,2009-02-06,59,219893,GBAYE0802265
76FnCkhueYsfbyTv5Rm65B,Who'd Have Known,Lily Allen,2009-02-06,34,230986,GBAYE0802266
6IFXwxWeLkeQ68XaUAcxUf,Chinese,Lily Allen,2009-02-06,33,208213,GBAYE0802267
56N9s9PS6VwGolUnx1CJkv,Somewhere Only We Know,Lily Allen,2014-05-02,62,208504,GBAYE1301770
79z9QkhHePTFsSeVw9uyj0,Smile,Lily Allen,2006-07-14,72,196893,GBAYE0600634
5wD6de7Fz1QfxVNkv1SEy7,LDN,Lily Allen,2006-07-14,59,190773,GBAYE0600491
1cDRpJiJa94Voj0Ayc9iGJ,Not Fair,Lily Allen,2009-02-06,52,202546,GBAYE0802261
4OLVK3kktkdLPp8dDgoCtb,Angel By The Wings,Sia,2016-12-02,62,319200,USQY51613756
58zsLZPvfflaiIbNWoA22O,Human,Rag'n'Bone Man,2017-02-10,80,200186,GBARL1600665
6UFr9KANWaH5jiB9PIPS9C,I Fear the Nite,Dan Romer,2016-07-27,0,157493,GBKPL1669325
0D2m3GX6mNfNB6dKJQjCgM,Take Care,Beach House,2010-01-26,45,348440,USSUB0984510
7pzdiluN2tVrxsFGyM2Asc,I Lived,OneRepublic,2013-01-01,0,234546,USUM71301307
2ewOCJvEeaxihhUZdaucqQ,Control,Battle Tapes,2017-07-14,0,190434,QM24S1702065
7lLKxcNeJtDTWVRKHovLEC,Build It Better,Aron Wright,2015-03-19,48,234473,USKX21500005
3Wd3mAficthmcUcCICvwSG,Down In The Valley,The Head And The Heart,2010,0,303653,GBUM71101811
79cuOz3SPQTuFrp8WgftAu,There's Nothing Holdin' Me Back,Shawn Mendes,2017-04-20,0,199440,USUM71702833
4Rwfg1x0g3cd5UwuK2UVLa,Somebody's Someone,Daphne Willis,2017-02-13,20,224349,QMJGN1500234
2eha6iitIJ7EaVdvusgtQi,Run the Jewels,Run The Jewels,2014-01-13,0,210626,GBCFB1306000
1UQKGA5ZSetcDjdW3IMWnY,Forest,Rogue Wave,2017-10-28,26,292076,TCADI1745853
4I18rXWixQBWc8JhTqx6Xn,I Won't Let You Down,Erin McCarley,2017-11-06,34,198344,TCADI1771919
7qVfJ6wvbtxjtqMrWbvcOo,Kennedy,Donovan Woods,2013-03-26,0,108573,CAAA21204308
0ytCr0BRergKfjMYayYycg,Shine A Light,BANNERS,2015-09-18,0,225120,USUM71509232
5f8Cn4lVRMUL9sA8oYw3lu,If Ever There's a Reason,Derby,2008-06-24,25,239240,USLN70811561
4XfaG7qBZ8qeyrTQ25uXJj,I'll Be Your Mirror,Clem Snide,2017-11-17,23,203000,TCADJ1727808
5Z2TvUNflVYGsoFGkvAKzE,Without You,for KING & COUNTRY,2015-10-22,40,292693,USWR61401015
4T8FoNHY3UZSYgOV76ueVU,Ancient Light,Allman Brown,2017-02-10,1,244900,QMFMF1433475
0Kt5AHOpQAkEsHAuPeB0le,Sons and Daughters,Allman Brown,2017-02-10,3,216052,QMFMF1341601
2ZuiQ9Kn9O6v2hWs7cBBQ4,Ordinary Man,Eels,2009-06-02,0,197746,USVR90953712
56oReVXIfUO9xkX7pHmEU0,On the Nature of Daylight,Max Richter,2018-05-11,64,371746,GBDCA0300279
0XEUKN8CnHAKNmWmK1FG0d,The Heat,The Bones of J.R. Jones,2016-04-15,55,194331,TCACM1680233
4WrwO9Un3ji5wnNySDGHwQ,Islands In The Stream,Kenny Rogers,2008-01-01,0,249880,USRC18307961
48mhRAnKkpLVuMmqTMPBUe,"Get up, Get On",Jill Andrews,2015-08-07,30,268910,QMF921550078
28nC2aXXUqvQCT3XeJs5Yd,14 Faces,Lewis Del Mar,2016-10-07,36,217600,USSM11605395
0CeFm8efY0bGX8Lbjv5aub,Hold on for Your Life (feat. Sam Tinnesz),Tommee Profitt,2017-04-14,0,226097,TCACZ1768815
2pYvd6cHcAIMAM6xMD6nok,Break Apart,Bonobo,2017-01-13,54,274693,GBCFB1604701
7tMbZ0RGW0jFsBw7ipEPEV,Someone To Stay,Vancouver Sleep Clinic,2016-11-04,53,254013,USQX91503233
1k7ZAtPOzRw49KL6CT4MXa,Broken,Patrick Watson,2017-11-16,38,277185,CA0RZ1700091
7kgMtZHgem1PlJhuP7vbur,Rivers And Roads,The Head And The Heart,2010,0,284000,GBUM71101813
3qtdTUICDnG3xC3Sk2P7Z1,This Heart's On Fire,Wolf Parade,2005-09-27,0,239506,USSUB0565512
1yZS6dgjeEKnIbOOOjuaUV,Everyday,NVDES,2017-12-08,0,205863,GBKPL1792755
3JbqwFY5q0ORO3siv5zL3A,Smooth Sailin',Leon Bridges,2015-06-15,0,183333,USQX91500476
0EbjaGr6bUJ7AVcSJ4VRPe,Good Time,Earl St. Clair,2016-11-17,0,237626,USUM71614524
5bG20NyM9pbXSf3UJRaHkC,Severing Ties,Young Summer,2014-08-26,16,231266,TCABZ1420142
51KSAFcz2fbf3SiIVSkCj9,Touch,Shura,2016-07-08,0,214555,GBUM71600706
4aai1PoVGPcspMhmzOzpZN,Surround Me,LÉON,2017-10-06,53,232120,USSM11705578
01Q3OyB05mLgH01fpdAMPP,Wait,M83,2011-10-17,68,343253,GB55H1100005
10aevewNvNZcumQX49vBYu,Tough,Amy Stroup,2018-03-21,26,136746,USBD91800022
1Q34tAtTWI6RdW1qzFQiPb,Your Smiling Face,James Taylor,1977,57,165400,USSM17700889
4OqTWCRm0vDoaeJ6inMwnF,Nothing to It,Bonner Black,2018-03-01,2,202978,QZARB1869286
2txx01scQPwkW7CaDe2gZU,In My Arms,Simon Lunche,2018-04-07,0,291443,QZ9481800002
733Qlazejy9lhIcyTBwnjT,The Good Doctor,Ben Wolfe,2013,29,393440,US4A71300770
7vBm3J7Ywi5Bz5UK1gmcLE,The Good Doctor,The Protomen,2009-09-08,30,368440,US6QM0900002
4CrC0MCiQNnXpGKWjazqNx,World of Good,The Saw Doctors,2010-01-03,10,247106,IEAQE9600005
4clrNaqfFYuGnyjDfik1Pk,Good Things,Sleater-Kinney,1996,0,190013,USSUB1410406
2Kq63bGpJPHtNQJ6hoRuxO,The Good Doctor Understands,E Square,2017-06-09,0,398250,DEY471722879
26gceVsA1ybT8qsX3aYLEn,Thunder,Imagine Dragons,2017-06-23,0,187146,USUM71704167
1o9F7gbepVmGLaIHnbyALx,I'm Beginning to Think You Prefer Beverly Hills 90210 to Me,Fight Like Apes,2009-01-26,16,203413,IEACJ0800017
0DW3HWn2qCPc5e0Chh8cOU,Can't Forget You (feat. The Nicholas),San Holo,2015-11-27,31,216363,NLZ541500815
5ihpRocCeQ0m23JtvVp4Te,Surreal (Feat. Abby Sevcik),Mielo,2015-04-30,0,228075,US3DF1540533
1YswCb0FUVZzZzb6RqvZVa,Something Real,Rameses B,2018-06-15,0,322909,CA6D21800086
7JllRcwkFdLBoSxHPV0jEm,Some Kind of Magic (feat. MYZICA),LVTHER,2016-12-16,0,194290,CA6D21600087
5JU5yAPphngz7oxLWU8jTh,Closer,Au5,2018-04-19,0,252800,GB2LD1800491
1u8rZf2jsugtBPcWPEKnjV,Wicked Ways,Killabyte,2018-02-07,0,254896,GB2LD1800433
7GoQM8NWyznqve47jNn6et,Odyssey (Feat. Danyka Nadeau),Televisor,2017-01-18,0,252787,US3GD3514820
3CYHJovtr18nIERKH6vAP8,Oracle Heart,Direct,2017-05-22,8,275014,QMPKX1779819
0Lw8efRONIGULisohDkxwk,Odyssey (feat Danyka Nadeau) - Save The Princess! Remix,Televisor,2017-04-26,0,184285,US3GD3515830
55sKYV0PC6WuDG551EjycH,Odyssey (feat Danyka Nadeau) - Android52 Remix,Televisor,2017-04-26,0,240483,US3GD3515836
43xM2BybusaJcpm01yCuO0,Odyssey (feat Danyka Nadeau) - Jimny Remix,Televisor,2017-04-26,0,169859,US3GD3515835
4v93eH14dKDo9pGEPDRy3R,We Are One - Extended,Disco Fries,2015-12-11,8,245469,GBLV61514828
3zDNawOBsMoGKjbiq3MIHb,We Are One - Radio Edit,Disco Fries,2015-12-11,19,191250,GBLV61514829
296F2Gc1XXhlif714hHhIM,Worth It,Reunify,2015-10-12,17,236250,GBKQU1591538
0MniNY02iFHct1xRYgxdCj,Fear - Nick Arbor & Antony Carpena Remix,Luke Bond,2015-08-31,7,412499,NLE801500267
78gxQVdfaRzE3nG370HfkX,Fear - Original Mix,Luke Bond,2014-12-08,2,333601,NLE801400545
30uTvlHXV0KPgyx4oBr5FQ,Fear - Radio Edit,Luke Bond,2014-12-08,4,217499,NLE801400546
3NxREIRtYLpR8bnjaS7QnC,Odyssey (feat Danyka Nadeau) - Stereocool Remix,Televisor,2017-04-26,0,233460,US3GD3515832
6qagZS7l6CEtDQ9sayPEZm,Odyssey (feat Danyka Nadeau) - Glacier Remix,Televisor,2017-04-26,0,216195,US3GD3515831
6dIxOvHnOwNH4NkhaMozv1,Odyssey (feat Danyka Nadeau) - KYOTO BLACK Remix,Televisor,2017-04-26,0,194400,US3GD3515833
1suR7O1Coqso76HSw1zVa9,Against the Sun,Rootkit,2014-10-01,0,212288,CA6D21400036
23BEJWSkNjoTNA94sT9sxD,Linked,Jim Yosef,2017-12-16,0,223218,GB2LD1700377
38n5eHjYwOIXzcBw1mgMGx,Party Freaks,Pegboard Nerds,2018-04-02,0,213851,CA6D21800057
3hAuqfMK1q8AT1MZvTWWHI,Migraine,ellis,2016-11-02,0,225257,GB2LD0902536
3wqoa9VWx9RdFisSI0dVYt,My City,Egzod,2018-02-09,0,166342,GB2LD1800434
2NLvwD3JfTsGgUzzYyfmBv,Break Them,Aero Chord,2014-11-24,0,259200,CA6D21400073
0m45vBUV6YmGluSTYP6q5f,Twisted Reality,Unknown Brain,2017-10-17,0,186363,GB2LD1700302
1YDBng9YZj8vuz5ibcbgr9,Can't Wait,Jim Yosef,2016-07-28,0,208120,GB2LD0902422
1tx9IfvNohE5Ja5PCOmtf2,Angels,Dyve,2017-12-01,0,228571,BXAT61700077
4nkBL9MVNCSfUJpNHKeiyb,Open Window - Original Mix,Anna Yvette,2013-06-18,33,237176,CA5KR1038467
7B2pRsFVYT0ntK7xKbQwsn,Rainbow Dream,Anna Yvette,2018-05-25,0,221518,QM24S1810027
5PjkywUA5uRjxZGiqSn6jg,Fire (RØGUENETHVN Remix),JPB,2018-05-11,0,195148,GBSMU5124257
2uqPjGh9wV4YWZcEiCDSqQ,Fire,JPB,2018-03-30,10,216000,GB-SMU-49-34737
0Tta9S5yEoc6RDOzwZH7wF,Angels - Club Mix,Dyve,2018-02-23,0,281730,BXAT61800007
4sz3OCs0musn52s6VI8vb1,Odyssey (feat Danyka Nadeau) - Highway Superstar Remix,Televisor,2017-04-26,0,222994,US3GD3515834
3XEutHblmRJIPpqbiVyOxd,Dystopia and Back,Timothy Kvasnosky,2016-10-18,0,180160,US1ST1648007
4iG2gAwKXsOcijVaVXzRPW,Time to Pretend,MGMT,2007-12-14,75,261000,USSM10702127
2gtnJkNljseiaUAozVAsjM,Time to Pretend - Super Clean Version,MGMT,2008-03-18,32,260226,USSM10800350
5fTzzOSblynJIhMZwAxNXw,Time to Pretend,MGMT,2005-08-30,0,272279,USME30900177
7FHqWqmnnhPiB3bNYzP6dC,Time to Pretend,MGMT,2008-02-25,20,262173,USSM10702127
7liPRtZdubRJ99C7lso2g8,Worth It - Willem de Roo Remix,Reunify,2016-06-27,2,174414,GBKQU1672329
3IQF4xCQUPicbA4hWfTxPo,I Lived,OneRepublic,2013-01-01,74,234546,USUM71301307
1fDtoTPDyzkNOfFIRXxsC5,Shine A Light,BANNERS,2015-09-18,55,225120,USUM71509232
0TI3qHU2nUZ39rqzpWFEQn,They Don't Know Us - Radio Edit,Borgeous,2015-03-27,0,197267,NLZ541401154
5JKU2tXiG3yvJtefNwe7ZQ,Touch,3LAU,2018-02-16,0,205772,GBKPL1898191
5zADzgQPu2VDODCcXANZou,Keep My Light On,DubVision,2018-03-02,36,165000,NLM5S1800176
1aMHJJarfddy3QrfaF1fV8,Let Go of the Wheel,Mako,2016-12-09,11,240185,USUS11600448
7edv4Plv9cHk6SZjynVn3E,Just A Kid (feat. Kevin Writer),Two Friends,2017-12-15,35,214201,NLZ541701207
0F0WbWjz5qBDObx276NqWv,More Than A Stranger (Tritonal Remix),Justin Caruso,2018-06-08,12,251497,QM24S1814079
1rQ18sYDwDeeR4YCXsUHF2,Any Longer (feat. Q'aila),Au5,2016-08-10,26,291310,TCACQ1638110
0UeYCHOETPfai02uskjJ3x,Shooting Stars,Bag Raiders,2011-01-01,66,235813,AUUM71001517
5cVdYasv2PERBkVWxWU0R0,It's the Sun,The Polyphonic Spree,2002-09-23,22,334599,GBFFS0200133
10bSPg0ThnU22WhTp3OsbF,"Everybody's Got To Learn Sometime - From ""Eternal Sunshine of the Spotless Mind""/Soundtrack Version",Beck,2004-01-01,0,351826,USIR10400238
5R82jE5XcydOWEbT08r7ud,Something,The Willowz,2004-03-15,29,143853,USTC80938803
1N7CPfmaGgfulHwmnBRanq,I Wonder,The Willowz,2004-03-15,31,177986,USTC80938787
70aABapNin4k4NysAOX7w4,なんでもないや - movie ver.,RADWIMPS,2016-11-16,0,344053,JPPO01618977
6rOxMuxtATULp0vEaNR3RK,スパークル - movie ver.,RADWIMPS,2016-11-16,0,534120,JPPO01618974
6fmowbDHpvQ1qw7lp22Xhi,前前前世 - movie ver.,RADWIMPS,2016-11-16,0,284240,JPPO01617097
1XGLr775Iji5WAi2U7sNvD,Hotto Dogu,Heiakim,2017-10-16,0,282000,QZ9Y21742837
1CbMghJitPbACh9NhwrNFY,Wakanda Foreva!,Heiakim,2018-03-04,0,174545,QZBRF1827563
3wM1ju7vBn6v7iuBe7krH9,Counting!,Heiakim,2017-10-30,0,170256,QZ9Y21789274
37nMjdILfBCqC5iIs7tKhT,Donut,Heiakim,2018-06-11,7,129677,QZDA41881370
1Vabt4d08wTdaTsVGKSOpO,Omae Wa Mou Shindeiru,Heiakim,2017-10-16,0,113280,QZ9Y21742815
3NxZ5KCUAJou63tiMpI8jF,Omagah!,Heiakim,2017-11-20,0,159375,QZANL1762568
39S17ozPMLKAtcxj1usW16,A Song Which Can't Be Sung,Heiakim,2018-04-01,0,135549,QM4DW1842358
5GoFm5JbcM0FbzpsNiEMdq,Chicken Nugget,Heiakim,2017-11-28,0,117024,QZANL1782354
09yCd9WnaHPSzZyOBjl1p8,Raindrop,Heiakim,2018-03-20,10,189570,QZBRF1891658
42H6GeQfrBkT3vTUTdpB1M,Please Never Fall in Love Again,Ollie MN,2017-09-24,52,154000,QZ9JZ1776191
1GKnITjJOrmVtagGvvvUU5,falling down (feat. shiloh),Nohidea,2017-08-07,0,96000,QM42K1742835
1KxFIoNhFJNDTh6aBQq1QM,fall apart,potsu,2017-10-27,0,172403,QM42K1758776
6qoYMP43vdaJmmNC35NwNO,Selamanya Indonesia,Twentyfirst Night,2011-08-01,29,248933,FR6V82630493
5RyxbdzYdCQcAKKIfRxt0E,Reminiscence: Suikoden 2,daigoro789,2015-01-16,0,145920,USE830958215
1ni6CQe8Ea4HNBzAqG8kK0,Timur - Rame Rame - Live,Glenn Fredly,2014-01-01,0,466493,FR2X41454444
5W8DSMQe7cbTtKTHY0yEnP,In Flames,Dabin,2018-03-30,0,204782,USA2P1820690
1aNXNiHDUPj1NmcLLTtPnb,Ascent,Faux Tales,2016-05-10,25,286714,CH6541604483
1lCRw5FEZ1gPDNPzy1K4zW,We Are The Champions - Remastered 2011,Queen,1977-10-28,73,179200,GBUM71029619
34KtNpM1N7dXgtzjjikXTg,Queen,OTP,2018-07-13,0,163500,CH6541840734
4u7EnebtmKWzUH433cf5Qv,Bohemian Rhapsody - Remastered 2011,Queen,1975-11-21,79,354320,GBUM71029604
5T8EDUDqKcs6OSOwEsfqG7,Don't Stop Me Now - Remastered 2011,Queen,1978-11-10,82,209413,GBUM71029610
5EOoMWIB9iK4ZpcSex9Ec7,Old Time Rock & Roll,Bob Seger,1978-05-05,74,194146,USCA28600270
2b40pJq5O9M2SPFwFrblqC,"Elephant Parade - From ""Eternal Sunshine of the Spotless Mind""/Score",Jon Brion,2004-01-01,8,26293,USHR10421002
034shJt5wcKAgzjfQTu8Ys,"Strings That Tie To You - From ""Eternal Sunshine of the Spotless Mind""/Soundtrack Version",Jon Brion,2004-01-01,29,152733,USHR10420994
1zB4vmk8tFRmM9UULNzbLB,Thunder,Imagine Dragons,2017-06-23,85,187146,USUM71704167
2ahjLFCFkPCcpxot8vvsSy,"Drive In - From ""Eternal Sunshine of the Spotless Mind""/Score",Jon Brion,2004-01-01,21,138973,USHR10420999
5w03a4DyfnF1sVFVqmN8Jv,Nola's Bounce,Don Nelson,2004-01-01,0,116760,USHR10420996
4oyR1RDw8cZKMuk2lKwKBf,"Collecting Things - From ""Eternal Sunshine of the Spotless Mind""/Score",Jon Brion,2004-01-01,32,73866,USHR10420983
5o3GnrcFtvkdf3zFznuSbA,Don't Wanna Know (feat. Kendrick Lamar),Maroon 5,2018-06-15,68,214265,USUM71609975
79FTKZBhdZqoSU4sS69TqY,Tsugaru Jyongara Bushi,Wadaiko Matsuriza,2002-01-01,18,301760,GBCKG0500960
3ytAVWcn2jUHBq4n5H19eT,Tsugaru Jongara Bushi (Japanese Carnival version),Sunami Vs Hamasaki,2016-07-18,0,166186,TCJPE1637784
6iaHNwpqm243kbyUPFoUnd,津軽じょんがら節(飛翔バージョン),Yoshida Brothers,2006-11-15,0,881106,JPSR00602733
0lmFijp0g2fOyFhRqqT87n,Tsugaru Jongara Kyokubiki,Takahashi Yūjirō,1999-01-01,2,580600,GBAJU9800439
3s4nKPdnpXafUOgjH1KSzC,Tsugaru Jongara Bushi,Takahashi Yūjirō,1999-01-01,5,170586,GBAJU9800417
0KPtsvhgWNGBxlE2I4JdJK,Noonchi,Chimmi,2018-07-10,0,190627,KRMIM1804742
7f6Ukp7PvhGZlxN07Wx4Ac,Tsugaru Jonkara Bushi,Monsters of Shamisen,2013-07-24,0,295417,ushm21396141
0VyPm8F1OThWHzBocyUi6m,Hikaru,Monsters of Shamisen,2013-07-24,3,215519,ushm21396140
6sJAt8oI3GEyTMpiXUYpab,Cold Skin (MiTiS Remix),Seven Lions,2017-06-13,0,236712,CA6D21700128
73gVOsFHeCX6Lf80aH3v9E,Stranded,WRLD,2017-02-28,0,190676,NLRD51632005
4O1Lrj1chYmsiYRSlbcxjL,Away,MitiS,2018-03-05,0,259591,USA2P1804761
2SFhJe79faMbb5fgEFJGg0,Still Kids,Virtual Riot,2017-08-10,33,229714,FR59R1797218
0g82uyFC1x6a4nGuETAHvG,Lush,Au5,2017-11-22,0,240000,GB2LD1700364
010Y2Eklvzy2zSZnEBBC9K,"Main Title - From ""Eternal Sunshine of the Spotless Mind""/Score",Jon Brion,2004-01-01,25,81600,USHR10421000
5oRwrxu2pEbjxpnChHFxVP,"Spotless Mind - From ""Eternal Sunshine of the Spotless Mind""/Score",Jon Brion,2004-01-01,37,71533,USHR10421001
3ppbnqGgyJPwUUyWvNDNb8,"Postcard - From ""Eternal Sunshine of the Spotless Mind""/Score",Jon Brion,2004-01-01,0,22760,USHR10420990
3dHzaEV80wc0b6c6WDX7Hh,"Showtime - From ""Eternal Sunshine of the Spotless Mind""/Score",Jon Brion,2004-01-01,20,55640,USHR10420985
7floNISpH8VF4z4459Qo18,Look At Me!,XXXTENTACION,2017-02-20,79,126345,USUYG1131080
07H3TfIsXxDzQ5GJHfcC2v,"A Dream Upon Waking - From ""Eternal Sunshine of the Spotless Mind""/Score",Jon Brion,2004-01-01,21,215466,USHR10420993
6zqK3fE8uCRLpZLUj9VGci,"Peer Pressure - From ""Eternal Sunshine of the Spotless Mind""/Score",Jon Brion,2004-01-01,43,72026,USHR10420992
3DkdzKBXRc1a3JvwkdFhe3,Light & Day - Radio Edit,The Polyphonic Spree,2004-01-01,26,182973,USHR10420955
6uBhi9gBXWjanegOb2Phh0,Stay,Zedd,2017-02-23,73,210090,USUM71700736
4AQwwsz0ztRx4YKNb1GdBB,"Theme - From ""Eternal Sunshine of the Spotless Mind""/Score",Jon Brion,2004-01-01,51,143933,USHR10420982
7JJmb5XwzOO8jgpou264Ml,There's Nothing Holdin' Me Back,Shawn Mendes,2017-04-20,84,199440,USUM71702833
3hQ7B0LdBp1ETFr0bvr3i5,"Bookstore - From ""Eternal Sunshine of the Spotless Mind""/Score",Jon Brion,2004-01-01,40,52093,USHR10420984
3w2TBoSeDSK3dkHdwEtEpO,"Sidewalk Fight - From ""Eternal Sunshine of the Spotless Mind""/Score",Jon Brion,2004-01-01,22,31626,USHR10420986
5BmJFK3URorZ2EsB6LE3K8,Some Kinda Shuffle - Instrumental,Don Nelson,2004-01-01,0,130933,USHR10420987
225mRbfkF3xpB9uDDLKPti,"Howard Makes It All Go Away - From ""Eternal Sunshine of the Spotless Mind""/Score",Jon Brion,2004-01-01,0,14840,USHR10420988
7LYeytL8R2fuqnsW1s0k86,"Phone Call - From ""Eternal Sunshine of the Spotless Mind""/Score",Jon Brion,2004-01-01,51,62600,USHR10420995
4rKT68qpqdb69KlJUHnQtn,"Down The Drain - From ""Eternal Sunshine of the Spotless Mind""/Score",Jon Brion,2004-01-01,24,54573,USHR10420997
1MAeLzBF3xsg6fpRZztyCD,"Row - From ""Eternal Sunshine of the Spotless Mind""/Score",Jon Brion,2004-01-01,40,59933,USHR10420998
6iIeh1eHzKhd4FrXugSELl,Good Time,Earl St. Clair,2016-11-17,28,237626,USUM71614524
2ylVfK4pVfeSV4zxieyT2B,Touch,Shura,2016-07-08,49,214555,GBUM71600706
3XMaOjkUBKUo33Y3KVWCEl,Wake Up,All Sons & Daughters,2013-06-04,19,396453,US25L1100126
3tW06xdsCnCM3XKfJ5YQML,Bright As The Sun - Official Song Asian Games 2018,Energy 18,2017-11-02,27,279957,IDA041715101
5EbX5xL3O2xT8FxCpYzgUO,"How Far I'll Go - From ""Moana""",Alessia Cara,2016-10-28,61,175517,USWD11677601
4mZFD3jRyZarwONgbJodQM,Garuda Di Dadaku,NTRL,2018-05-25,42,233586,QZCE61825063
5EMIrfwTo5Ca2NymutDqY7,Pucat Pedih Serang,NTRL,2018-05-25,17,192080,QZCE61825054
0pwmoVLuZ2UrLTo4HaIlTY,Lintang,NTRL,2018-05-25,31,160106,QZCE61825071
2Z4SyT5WBspUlBZM6vIdA3,Ombak,NTRL,2018-05-25,9,199160,QZCE61825058
6Y6rzyg63yeOhDawOie8f7,Walah,NTRL,2018-05-25,26,162426,QZCE61825077
5SMqiMZ7Zu4J6HSIsQmgMi,Haru Biru,NTRL,2018-05-25,27,212026,QZCE61825075
7M81wMcLwBl2uaxPPUCWMm,Babi,NTRL,2018-05-25,11,182946,QZCE61825053
56ipqNPchgIYKcoinRoVAR,Bulan,NTRL,2018-05-25,19,265026,QZCE61825062
6O9xIVFneUy6CStkdxNVT0,History,NTRL,2018-05-25,8,204573,QZCE61825073
6oA9Ul3GIh8rMX3FNO67Me,Getir,NTRL,2018-05-25,8,202693,QZCE61825065
5dgHBBHOxxNXhfk6t7DGfG,Pertempuran Hati,NTRL,2018-05-25,32,285893,QZCE61825076
41pI8BVosQEQIISfKq1BNW,Rayuan Pulau Kelapa,Tjoek Soeparlan,1991-02-13,28,143733,IDA130924608
6ZVKKgfVlSrRSb4k9xF47a,Rayuan Pulau Kelapa,Dian Kusuma,2013,27,320613,FR2X41645118
52lXlMOmAm4Y0Q2wN3rM19,Rayuan Pulau Kelapa,Harry,2004-05-05,4,263906,IDA130919712
5Rsk7n3rDeN4giKccwS7Cv,Rayuan Pulau Kelapa,Tjoek Soeparlan,1991-02-13,0,143733,IDA130924608
6QVvR2Mii7OxbzxnhmXYop,Syubidu,Endank Soekamti,2014-10-31,21,280573,FR10S1478111
1mAkA0ZVdi3S9gVvuJw89I,Terlatih Patah Hati,The Rain,2016-09-10,67,260706,IDA401602796
3bYs4r4vGT1QqIGagpFNO2,Terlalu Tinggi,Juicy Luicy,2016-11-11,48,278667,IDA161600372
0vZPUC3ruHgclxHOV0FHnI,Mimpi,NTRL,2018-05-25,17,154106,QZCE61825056
0CokSRCu5hZgPxcZBaEzVE,Glorious (feat. Skylar Grey),Macklemore,2017-09-22,74,220454,QZ8TY1700001
78lgmZwycJ3nzsdgmPPGNx,Immigrant Song - Remaster,Led Zeppelin,1970,76,146250,USAT21300934
5CLGzJsGqhCEECcpnFQA8x,"These Days (feat. Jess Glynne, Macklemore & Dan Caplen)",Rudimental,2018-01-19,68,210772,GBAHS1701239
2Za1AlJNvksouPPWbXpR2X,Good Old Days (feat. Kesha),Macklemore,2017-09-22,68,240506,QZ8TY1700016
7bsnTsbiwOymZWjPF9v6Di,Marmalade (feat. Lil Yachty),Macklemore,2017-09-22,55,261614,QZ8TY1700008
7uKSil5r7uHexnM9lukPTc,Willy Wonka (feat. Offset),Macklemore,2017-09-22,45,222773,QZ8TY1700014
1FCQEg7wOK9IIBuxx63krr,And We Danced (feat. Ziggy Stardust),Macklemore,2010-01-05,59,246213,usx9p0979406
7r4YO4t40n7iKrDMpOSQGr,Snow,Traveler,2017-01-05,0,106000,QZ4JJ1709550
3eByREgGt0zoV9mswoinac,Fly,Melano,2017-05-16,16,197818,TCADB1778306
4qlHajQSdNSHwqcnp2JNvJ,Countless,Isolated,2018-04-20,23,260259,TCADO1896774
007UZDRJlO3zZgUeEOTBnZ,Matches (Hyper Potions Remix) [feat. Aaron Richards],Ephixa,2016-11-08,0,255740,CA6D21600318
4mbIqqXLVnzQRuG9RMcoM1,Coconut Cabana,ikura,2018-08-10,26,248372,QZDA81820979
2YtShZaOC42hOFKYYx83pL,We Used to Talk for Hours,Soulero,2018-04-23,26,212406,SE5BU1818319
5Axm8MfYaknJ3LVJxFkf0K,Arne - Rework 2018,haruka nakamura,2018-03-21,15,172284,JPB671803122
4cPkKK7UPXN275auzANXuB,Stay (Subtact Remix),Savoy,2017-06-16,6,226909,QM24S1702094
2kqMzzgzqyDrQO4WurQiJA,Space Talk,The Native Architects,2017-02-03,24,258720,AUE721700004
3zpjjUc0uHrkSJzQBHRIbU,Sacrifice - Miro Remix,Satellite Empire,2017-03-17,17,293000,QM4DW1761193
54yRsjCRv2RCNKxTcMH7DJ,Rmx of a Rmx,Bihler,2017-01-01,26,193137,GBSMU4040379
7nRl3SlQ0J1hM1QtOtEOFs,Earth Past,Flite,2017-03-31,20,279893,NLCK41037710
4jlcSPzqKv62cjooMmHXq7,Vanilla - Original Mix,MELURAN,2016-01-01,0,185208,GBSMU2885901
0ULe57GLZ8LIjzRDrtCPho,Washed up Together (Cory Nelson Remix),Knox Hamilton,2016-12-02,0,266879,US5Z51500684
4EUO7d9qMavWGZ5ROKpP5v,"Die Anywhere Else (From ""Night in the Woods"")",Dinnick the 3rd,2018-03-24,0,162954,QZ22B1915206
0UhMy2lYhrL5FlvY8dqVXj,Emotion,Uppermost,2017-02-10,17,224113,FR7JQ1600060
1zIUArWL3LaY7ANBGoQr36,Leave This World,Xillions,2016-11-22,15,218012,TCACT1690519
7dceZd0A4ElKFgXQBuOxRt,Theme of Octopath Traveler - Metal Version,Ro Panuganti,2018,0,180447,QZ22B1975204
6M0BtChxQpYUZBILh1s9xG,Questions,Nyte,2017-01-27,0,277337,GBKPL1776661
5a7JSxsF1P99xJaNo6tSqR,Daytona (Feat. Wanna Wake),Leat'eq,2017-07-12,0,182400,QM42K1725251
6iv4mEWC2WHBvZ2029X9pQ,Tessellate,soupandreas,2017-11-28,0,206086,QZANL1783447
6MAYlikCXOzzeUFaMRSYk6,Vestige,Stephen Flores,2017-11-24,8,225468,SEUM71700866
7ibCmo23ghUoyM7MXU1mPW,Restart,Merino,2018-07-15,0,200139,QZ5FN1803666
60EFFQmSfrNMPUMGnfxBbO,Levitate - From The Original Motion Picture “Passengers”,Imagine Dragons,2016-11-29,46,198173,USUM71615560
1F2Bf3WhEUBWTqxtcTlp5U,Golden Age,Deon Custom,2018-02-05,12,213916,QZARB1826397
20hQabQAIktDtOuJOO4w5o,Fly Away,Bird Passengers,2017-02-06,12,193333,TCACX1761083
4yNHnUvkGrjuHlIg1lQ7JP,8-Bit Adventures,Ngyn,2018-05-11,8,160891,QM4TW1827473
4nwoQ7JYw6clRycu7vmOFp,"CHIKAI / Don't Think Twice (from ""KINGDOM HEARTS III"") [Piano Solo]",Project Destati,2018-08-31,16,277283,QZ6K41800049
0IQTTlUUAGGDxSjgBH4dGE,Fiction,Elephant Kind,2016-09-21,10,234213,FR59R1650133
6R1tHYTueKxIeaac0La4yA,Spring St.,omniboi,2017-06-05,0,209524,QM2PV1753559
2h9zmzbMJlhCeZxbCOA9R5,Whole - Rob Gasser Remix,Chime,2017-04-29,0,187440,GB2LD1700119
60IYGJMe7BDITNG9GoQ8pK,Places,Catnip Cloud,2018-01-02,0,213137,NOCWZ1700336
6DxZID6t2f6ODzijWNd2g1,Rounds of the Fates,Tomoki Miyoshi,2016-07-20,35,139554,TCACQ1647096
7h5vsnbygkp5EXbRgXQ77g,Lo-Fi Children,Wild Party,2014-10-07,39,217440,US5261419811
0pDmW5AOpl1Wi58Ob0xXB8,Labirin,Tulus,2018-08-24,69,182656,FR59R1878986
3Mk1IKFHTjQnuDFr25cFAh,Hargai Cinta,Rizky Febian,2018-08-03,0,207301,FR59R1859854
54lAmLrX5qNwfWbGogOeYu,Keep It Up,uma,2018-07-12,29,115714,TCADS1872251
6CnIaDQmXCAJ4fO2OznSHE,The Beginning,Eyemedia,2016-06-10,22,78545,TCACO1699125
0lALdrK2emIirLCxtDQKC2,Untitled2,Fabric Factory,2016-06-03,20,237812,TCACO1696753
1GnjbCSXpd3D0RHu6yazbF,Reverse-Parallel Universe,V.K,2016-06-03,20,248700,TCACO1696708
77fO2piINiXj1zr9vmBc5H,Invite,Sun Chen,2016-06-03,19,167924,TCACO1696712
6SZEZYm7QoLKx0B0olQtVF,Conflict (Ym2151 Edit),Siromaru,2016-06-17,7,155156,TCACO1699212
3DmBiIkeDCOw0kmGvAPG9Q,Skuld,Rabpit,2013-12-10,13,133053,TCABS1321980
3pbOW4z7XOook7GFmt48v6,Utopiosphere,Mili,2014-09-24,37,132954,TCJPB1434016
1CRezuJ04UYsrjxoEYz49N,Evil Force,Alpha Legion,2013-12-10,11,329733,TCABS1321974
5zjACCUDOhQLGHf7ZsfZ1l,Body Talk,M2U,2018-07-12,27,123633,TCADS1871623
2tbzFKHqykyCWAbzFKcc9v,双龍飛閃-Dual Dragoon-,Daisuke Ohnuma,2016-05-26,9,119076,TCACO1602313
6rf182lOd5gLM08RwKdlLn,One Way Love,Tsukasa,2018-07-12,19,125401,TCADS1872227
3mL8mr5wCH0A7fl72ffrkJ,Beyond the Horizon,3R2,2016-05-26,16,140732,TCACO1602326
5FVJfAa8lejqvQSb2kofnH,Moon Without the Stars,Jerry Barnes Quiana,2016-06-03,28,214977,TCACO1696904
7fm24DA5r42oC3mRqOCGRC,Snow,Voez,2016-05-26,14,209693,TCACN1687886
3YCAjsbR0bfqCJjubWkuKW,Fireflies,Funk Fiction,2018-07-12,35,171691,TCADS1871642
5nQn3qAvoaBm1RmE5cpSon,A New Home,Video Game Orchestra,2016-06-10,10,136705,TCACO1699328
5baFbty6II3EA6WwHDqVSx,Metal Hypnotized,Earthbound Papas,2016-06-03,16,315102,TCACO1696758
4wP2IKovM2S7YtiopOFQSi,"Precipitation at the Entrance, Pt. 2",Ice,2015-09-21,13,125092,TCABS1338352
4knE1m8QQ1dC17MWBAYNNN,Infinite Wonderland,Kiryu,2016-05-26,4,150250,TCACO1602320
4mrBvMeBJuRnLgBf61DjwX,Hard Landing,Yamajet,2018-07-12,22,122928,TCADS1872257
2OHMdzSTOV9NTJpWARPqsX,Yubikiri-Genman,Mili,2016-06-03,23,233741,TCACO1696711
2KaISyFczyAsJLfN1sS51o,Code 03 (feat. Megurine Luka),Hoskey,2012-05-23,2,269600,ushm21260784
6H25oaQveD6JAUhUozeiI3,Survive,Kevin Penkin,2018-07-12,25,134656,TCADS1871633
7z70OlgPIogPGmnxK8cNJQ,VitMaster,Sakuzyo,2016-06-17,11,123616,TCACO1699205
2ZOGo6sCeVzFM3TprwtmgG,Dynamo,Hidra Xjeil,2016-05-26,8,149538,TCACO1602323
33rVPsRkVL09A5Xl5xuLgI,Gravity,M2U,2018-07-12,27,311250,TCADS1871644
7qK385y7kK39LUJ9OC6gvT,Process,Tsukasa,2015-09-21,6,134120,TCABS1338342
3TuyIPJldoZfsFBXW7fmhO,Carnation,Himmel,2016-05-26,23,120000,TCACO1602305
5OGyXtISMVvqsYqobtHwm6,Nine Point Eight,Mili,2016-06-03,24,191415,TCACO1696704
0nmm5RrX778d9yvBR3BTfD,Conflict,Siromaru,2016-06-17,27,155687,TCACO1699220
0ftioNSu3bThKmJcdsckwI,Hope,Voez,2016-05-26,17,216867,TCACN1687880
0pwU5f6b530Jci8AjP1Y4N,Run Go Run,Kaeru Underground,2016-06-03,25,159897,TCACO1696714
0jEf09OaxGQq8XAHcMs3n5,Flame Dark,KIVΛ,2016-05-26,11,208615,TCACO1602315
6gjKaBfNPeO8lAX0yttud1,Wings of Piano,V.K,2016-06-03,28,333691,TCACO1696703
2xvIO6vuyt5dHEtc8YdrWg,Selfish Gene - instrumental,Onoken,2015-01-31,0,180960,JPE561500178
6Je0eLAIcc8Y1v9oDQfOUN,Ververg II - instrumental,Onoken,2015-01-31,0,153720,JPE561500177
4Yg3n0P4kDnuNXbSFG4ffb,Celestial Sounds - KIVΛ Remix,3R2,2016-08-27,0,317968,QZ5AB1756202
0RZioMbjBXLoJyjKsRCoDR,Kanata,mikito,2018-07-12,23,180000,TCADS1871638
0Uv2LvJEbWsN4VtnyWsBlt,Aquamarine,Cashew,2016-05-26,12,155076,TCACO1602366
40ammCO1LN6cQKvdBCZXPm,Electron,Ice Bird Studio,2016-06-03,21,166093,TCACO1696718
5XNWgnIV0JWIYtunn1sKm7,Time Forgotten,Brian Crain & Rita Chepurchenko,2011-11-22,10,325760,ushm91193979
04JWcjbiRcA2PfhbOXnQzz,Outsider,Yamajet,2015-09-21,12,132406,TCACH1565945
3k8JLVRwO8EHQMnxnd271c,Imperium,Dj Counterforce,2016-05-26,5,144331,TCACO1602349
1LamDNvHCrZSkksoFG7kCh,Refel,Sakuzyo,2016-05-26,12,119076,TCACO1602303
7zPc0e7TrM8SyBa8753Kvd,Bullet Waiting for Me (James Landino Remix),Nikki Simmons,2018-07-12,34,148035,TCADS1871634
0IKE8Yf0uxbdpUMzlEz6QT,Aboriginal,Video Game Orchestra,2016-06-10,4,137756,TCACO1699320
6WHnRDxCgr26VWbTMS56Sx,Twinkle Wink,Sanaas & Hurce,2016-05-26,14,122913,TCACO1602347
0XVBw9WeIhg9QaKI52rjye,Colorful Skies,3R2,2015-09-21,17,119266,TCABS1338305
6SYOX4x9EB34WAMuhvTvms,Violet,Eyemedia,2015-09-21,11,99026,TCABS1338326
6YOVX0hEUsFs221u7LizpU,Green Hope,Sing Sing Rabbit,2018-07-12,23,178580,TCADS1871654
3FbnZyWi7S8tj43oagvhrs,Rotating Sky,Chou Yawa,2016-05-26,5,145846,TCACO1602304
3zYBj3FlwM6zIHs8XS7Pgl,Reflection / 鏡夜,V.K,2009-01-01,33,276213,TWM810811202
767boSWUDjaWzRjF4cNaOc,Entrance (Deemo Version),Ice,2016-06-03,33,112919,TCACO1696757
0KPwIpNf6XCIkuCvJEmxb4,Beyond the Stratus,Ice,2016-06-03,30,138321,TCACO1696755
72GdSOcWdp3uJ8zTWzGx0I,Hesitant Blade,Chamber Chu,2018-05-08,24,134266,TCADQ1816247
5Q3hGMPvoJA7XLDuum8KNm,Dream,Rabpit,2016-06-03,33,267526,TCACO1696699
49R3oKBWu5RjupUYcoHYYK,Resurrection,Kiryu,2018-07-12,28,125008,TCADS1872225
3khc00yDBX2yDPlAHSo4gA,Re:Boost,EAjRock,2018-07-12,19,191312,TCADS1871645
69tshkuu3Nkx4vK4juxCT2,Zealous Hearts (Rayark Edit),Zekk,2018-07-12,24,145808,TCADS1872250
53X9CjKpFY0VXPphhDhTKx,Fuse,Titancube,2016-05-26,15,131076,TCACO1602319
0YJ5IToKH58cRw8HIPrxPI,Les Parfums de L'Amour,Christian Tschanz,2007-02-01,0,231813,CH0270623270
2kAz2u7vjyJgqGbvdpMNqs,Sairai,Shinichi Kobayashi,2016-06-03,21,141901,TCACO1696756
6bmU2XTuqhkCXLco1TIf9H,This Heart's On Fire,Wolf Parade,2005-09-27,0,238853,USSUB0565512
2xSJiMxoZ9eiqsWhfrdYjs,Islands In The Stream,Kenny Rogers,1999,0,250066,USRN19400390
3fHZJOvXmyHeFLFS1sDE30,Dream,Bishop Briggs,2018-04-20,46,194960,QMEU31717077
1wBhqfoBXcsjVxHrvcxV0K,New World,Junko Kamata,2014-03-01,10,331106,uscgh1480737
5p1NhiyeadPUI6t2fUwdq7,I Cannot Say (Piano Version),Aioi,2017-11-01,2,162854,ushm91787753
0esSLt55i8jWbYsaziAb8Q,Cream Stew (Piano Version),Aioi,2017-11-01,2,205057,ushm91787752
4EYMVUGi6ApLfU0Whukn07,New World (Piano Version),Aioi,2017-11-01,1,155223,ushm91787750
3j7e5QSoaF7E79E8PSS4SS,かわる日,Junko Kamata,2016-01-01,0,230960,uscgh1609059
3niVEDckoppUJLj18uLBXq,Yumeiro Cassis,Junko Kamata,2018-04-28,0,104080,TCJPG1893354
4UhA8t1j4DVzY566nAtCoh,シークレットダンス,Junko Kamata,2018-03-21,8,180007,uscgj1836666
60zwN9zFuO6NCSySr8V5Pd,眠れぬ夜はジャスミン茶を,Junko Kamata,2014-03-01,17,194733,uscgh1480741
2KtE2rdkRc2h6UMecjRLfD,カイト,Junko Kamata,2014-03-01,2,330506,uscgh1480739
7jtj8JOySQTpMzUHQ3On2O,点と線,Junko Kamata,2014-03-01,0,251746,uscgh1480747
1vt24MLRmEWtZNPQ93FpzX,それを愛という,Junko Kamata,2014-03-01,0,321466,uscgh1480744
2HmAp4VMsMurUBCJjKRMC6,ビリーバー,Junko Kamata,2014-03-01,0,363333,uscgh1480746
0oDp3B1r8Z1JhCrdn51nRR,休みがとれたら,Junko Kamata,2014-03-01,1,164826,uscgh1480754
6qEdIf2HRl14hmUa2gXvMr,重ねる,Junko Kamata,2018-03-21,1,103994,uscgj1836665
0UneQLN1EMWSf0rsQGsmJO,100万ドルの星屑,Junko Kamata,2018-03-21,3,269668,uscgj1836667
6CXgmKFXuMYNO4Bz7PAwzA,Image (Completed Version),Junko Kamata,2018-03-21,1,254612,uscgj1836668
318CwhlHyuxroBtuoeh3oR,Dead Man's Arms,Bishop Briggs,2017-04-14,40,245173,QM7G91600034
4pfcHOvZAf9f3dYMPcdfQc,Hi-Lo (Hollow),Bishop Briggs,2018-04-20,44,251986,QM7G91600035
3mRLHiSHYtC8Hk7bzZdUs1,River,Bishop Briggs,2018-04-20,73,216133,TCACL1648391
3DleMsx0w05eHhk4C95cme,まじゃれん,Junko Kamata,2018-03-21,1,229693,uscgj1836670
4nSV8NdhnBWLuz2G7X51WH,言えなくなる (I Cannot Say),Junko Kamata,2014-03-21,41,177066,uscgj1441465
1xIfYelWNEujkKcakTfJkm,クリームシチュー (Cream Stew),Junko Kamata,2014-03-21,11,318760,uscgj1441462
4MpgWTZyRmrYHYr95g4ckE,週末のこと (The Weekend),Junko Kamata,2014-03-21,5,334200,uscgj1441464
7916tzlgoibqUBfpBnWRVz,Lonly Only,Junko Kamata,2018-03-21,2,288989,uscgj1836669
1s6dWQS694sLGWx00iQKOW,ラッシー,Junko Kamata,2018-03-21,3,289571,uscgj1836671
2NUSUufbWa2DBONkBSbnsN,New World (Completed Version),Junko Kamata,2018-03-21,1,331310,uscgj1836672
1UdbNo7RY15qxXEnQjVbPC,まぐれ,Junko Kamata,2017-02-01,1,161426,uscgh1772468
2Iz6fkZ2IlY2KdgjqxM5jN,Hello,Junko Kamata,2017-02-01,2,256773,uscgh1772469
2fpy8OiYGmiHhIEMxksdcG,傷跡,Junko Kamata,2017-02-01,10,359093,uscgh1772470
3KJKSCQrRDEubD619IYXJK,終わらない世界で,Daoko,2018-09-26,15,305077,JPTF01816601
5e2m9pvsyTSnm83oBJ4nCg,BANG! - Instrumental,Daoko,2016-09-14,6,218998,JPTF01613707
5dmuNHCsHvsl0D8IIQ8Q0E,蛇の心臓,Daoko,2013-09-11,0,214013,JPS801391817
64bYJTR1uHxgjslkIjPyym,高い壁には幾千のドア,Daoko,2015-03-25,13,273149,JPTF01501612
7eIthkKvLLeGc9FfxRdOjt,拝啓グッバイさようなら,Daoko,2017-12-20,28,226297,JPTF01703701
31BFFJMqTyvofVDfi2gGlQ,TWINS,Daoko,2017-01-18,0,256506,JPS809915780
7MmbjWboVrd6etF5pmNf8i,8階,Daoko,2015-02-04,0,228866,JPS809902130
5VAoIzZYAP7dVPdwfCbjOR,again,Daoko,2012-12-05,0,212226,JPS801295316
4e1VrjQPfuONA6FpyVEiW6,ワンルーム・シーサイド・ステップ,Daoko,2017-12-20,23,264046,JPTF01719304
5pA3myKSilkdnLv7tWHxBI,向こう側の女の子,Daoko,2012-12-05,0,25840,JPS801295314
58P3VN60GEMmzG3AlnxINg,ゆめみてたのあたし,Daoko,2017-12-20,42,271876,JPTF01513903
1UxGXh4pSZuwpuZHPM3ztg,弊害,Daoko,2013-12-11,0,109400,JPS801394308
6hUO0kmNwu0ge6Bm8AXXc7,ShibuyaK,Daoko,2017-12-20,25,262298,JPTF01513901
0a3KDmOQMXc3DA7wohn8I8,Forever Friends,Daoko,2017-08-16,30,248192,JPTF01710202
4IouQaO9GkaHC7AtMErdSa,打上花火,Daoko,2017-12-20,64,289577,JPTF01710201
5S8DXx1PvgPKWN6Rp6UdEe,"GRAVITY feat. Paranel, Jinmenusagi",Daoko,2017-01-18,0,266000,JPS809915774
7aWOnZ97wk9MjIeJC6K8DA,ネガティブモンスター,Daoko,2013-12-11,0,267680,JPS801394309
5n13HUQaAC0fo1Jb8mhQqq,Cinderella step,Daoko,2017-12-20,30,245122,JPTF01710203
0t7k9NVg5EGZ83HQ9mjL4x,まだゆめをみている,Daoko,2017-01-18,0,204933,JPS809915777
2BWaEqC2dygzCknG3S1qPm,パレードへようこそ,Daoko,2012-12-05,0,286613,JPS801295315
2UDJ7qgRrknZpBGxFoXhDS,BOY,Daoko,2017-01-18,0,256320,JPS809915771
5OtUrETKA6qQ6KldoibSqI,△-△-△,Daoko,2017-01-18,0,83146,JPS809915773
683C1dEX8Mf2Sgq3UWd4jT,ないものねだり,Daoko,2015-03-25,14,200608,JPTF01501611
0O4TTBxhN5TXyWU4h9Yotk,最近,Daoko,2012-12-05,0,202626,JPS801295317
5sMW1Tiew4PXRKTBjqLbzU,bUd,Daoko,2012-12-05,0,218173,JPS801295325
2CGthkmw4JsOpNcYWkJqSU,Twins,Daoko,2013-12-11,0,250506,JPS801394313
7HEwkkkthKmu4vihyC1xPO,チャームポイント,Daoko,2017-12-20,34,54368,JPTF01720201
3tbbspxZbHwsfGMKb97ZJW,そつぎょう,Daoko,2015-02-04,0,323680,JPS809902137
7H7J4PdJP3WimOy5wxnxyn,7日間創造,Daoko,2015-02-04,0,288973,JPS809902135
43eCqxB5IpdrvqyLdRvhdZ,ネガティブモンスター,Daoko,2017-01-18,0,273680,JPS809915776
0wxJa4vDUXKheRhwfvmKLn,L&H,Daoko,2012-12-05,0,142120,JPS801295323
69llyj5hlU6xU0R9HZjhZc,ミルクティ feat. Paranel,Daoko,2015-02-04,0,253573,JPS809902132
1x08pyJ4yeHVxpUu7MIZ7l,COLORS,Daoko,2012-12-05,0,258053,JPS801295321
1HOIXRFUydYNtT0UodOWhJ,歌舞伎町の女王,Daoko,2017-12-20,16,255065,JPTF01720202
5gOEWGhkbnYj3zuStB1N28,BANG!,Daoko,2017-12-20,25,219452,JPTF01610001
4lXOg7jhN9aTB8tt603oUe,Now Loading,Daoko,2012-12-05,0,301346,JPS801295324
4ZDo7y5CEHOCAoeOL09Sy5,嫌,Daoko,2015-03-25,13,197932,JPTF01501608
6d5Bf8OVp2ktXNtTGGZ6mf,△-△-△,Daoko,2013-12-11,0,77146,JPS801394306
2hqOLGr24pqSQDn2YKmOQV,ニルバーナ feat. Jinmenusagi,Daoko,2015-02-04,0,220000,JPS809902129
6sU2kyk2LL4VhyYvySNDmo,ISLAND,Daoko,2017-01-18,0,274346,JPS809915770
7k5UPBkjwMnaHOxPjbYswQ,Juicy,Daoko,2017-12-20,21,224619,JPTF01719301
1j8bp1BNjMxUJV7nLkSUrb,Fried Noodles,Pink Guy,2017-01-04,46,170946,QZ4JJ1704572
3uewgGxACwca8iwi2ZVwVT,Fried Noodles (Getter Remix),Pink Guy,2017-05-24,37,351428,QZ8LY1700002
17t0W0CyGMWXSMNmb0LHD0,いただきます,あきお,2016-09-20,20,206819,UST8K1635793
6farZxFCtvBb1M41ViPCzU,To the Moon,Knife Girl,2018-03-09,0,246575,DEQ121855693
1kesutGqB8wilKRlBqcgNL,Light Travel,Izzard,2018-06-08,10,120500,QM24S1815593
0Gefx5Na9ZomisjCjNrDOj,Smile,Ukuletea,2018-09-14,47,142211,GB-SMU-56-03116
7L5P30Eg8eta8Q9em2VteI,South,Galimatias,2018-04-26,0,215526,QM4TW1807259
1O1VHGHxXOoFkYL2NUsFDa,Discover Tokyo,Shuta Hasunuma,2007-06-11,0,419893,US78L0710015
1naqrWNoxyi6PEXz3NOXW0,Anything Like Her (feat. Tiffi),City Girl,2017-12-09,35,191707,TCADJ1733749
4koA8IVYaHiBuCh8iKhSM9,ダイスキ with TeddyLoid,Daoko,2016-09-14,30,198667,JPTF01613702
0h2XJ0pthSd2dMa5NwxCCy,BANG!,Daoko,2016-09-14,30,218998,JPTF01613703
5RbV7Ps6HM2tBbxTd3FnDh,水星,Daoko,2015-03-25,36,273479,JPTF01501601
0lvirp6LgHwkRo7XvrNkxt,同じ夜,Daoko,2017-12-20,26,340245,JPTF01719302
6V03d77GJp5QTC0rHTyTom,GRY,Daoko,2017-12-20,16,177332,JPTF01719303
6iKzGrRewL0aAjwzxdQFVp,もしも僕らがGAMEの主役で,Daoko,2017-12-20,21,229901,JPTF01613701
2qdkg8NGkGhukt8UQcVYci,ステップアップLOVE,Daoko,2017-12-20,39,256339,JPTF01714701
6xN2yWQxi4fL7cVeo9281L,ダイスキ with TeddyLoid,Daoko,2017-12-20,22,200231,JPTF01613702
2g2FiriBGzPJoxLIgK2y8P,BOY (Re-Arrange),Daoko,2017-12-20,12,261421,JPTF01720203
2ThlyORXupnA6jZzf4nCcD,ぼく (Re-Arrange),Daoko,2017-12-20,19,311800,JPTF01720204
6GZte3mcPBL0KU7WbXXR19,okay!,Daoko,2017-12-20,15,227706,JPTF01720205
0p61YCBAr955MVmNpqRqc5,さみしいかみさま (Re-Arrange),Daoko,2017-12-20,17,203454,JPTF01720206
1lZv8NrtV5GZudala4hL47,Fog (Re-Arrange),Daoko,2017-12-20,10,249191,JPTF01720207
57nSXvnC487oQDuSes3aAv,ずれてる,Daoko,2017-01-18,0,237000,JPS809915772
2d7KoYqFT27yOwYejBNUzC,弊害,Daoko,2017-01-18,0,115400,JPS809915775
5IfOEBkjpaWJlsOGB55Tmb,o○o○o,Daoko,2017-01-18,0,109253,JPS809915778
33akobcpA82Opm9sQUKFw1,"メギツネ feat. PAGE, GOMESS",Daoko,2017-01-18,0,237480,JPS809915779
1mUqVpH2cpGcUqLvXuGfZV,試験一週間前,Daoko,2017-01-18,0,171533,JPS809915782
4y173YPGEEH32niIS4Anb0,Usagi Funk,Night Tempo,2017-07-02,17,212400,UST8K1726794
0zMBgwM8IX7tC0oVSM8hT9,Catch!,Night Tempo,2017-11-03,24,174193,QZ9Y21783504
7uYArFrQ9ZXCNPsR6AVynH,Suki? Suki!,Night Tempo,2017-07-02,18,295081,UST8K1726890
59ZbM21x1Tc6pNO60DgWlH,Love Me Like You Do,Night Tempo,2017-02-01,2,176000,GBLV61602192
1En9bUYJDV1QZpx0DnVVcg,ShortCake,Night Tempo,2017-07-09,13,225000,UST8K1746092
1ZQTt9R6cuXntYhXppbUZX,Love Game,Night Tempo,2018-05-20,16,184320,QZB4J1830660
2waW7jFFPTV6og2Ya1pIV1,Level Off,Night Tempo,2018-05-20,21,216000,QZB4J1830654
5FYQ27w9dCOPtAOLIgWdVF,Better Days,Night Tempo,2018-09-28,14,177600,UST8K1828604
5wCl9U49I5ydoMSp35HMZU,Lovely!,Night Tempo,2017-07-09,16,174193,UST8K1746450
5cYC2uiulEa6MEvCMpNHRg,Yuu-Huu,Night Tempo,2018-05-20,29,174545,QZB4J1830655
38KHtn1uGw4oRZZpcmvlmb,Overture,Night Tempo,2018-05-20,9,132000,QZB4J1830652
7eS1PM1Xb5AiHvwVmueds8,Come On!,Night Tempo,2018-05-20,13,209454,QZB4J1830653
19TKRhDCfAtdCApE5Pz34z,Riverside Drive,Night Tempo,2018-05-20,9,198000,QZB4J1830656
1tezSCmtknlsLBrAeYTLPw,Back to Back,Night Tempo,2018-05-20,8,194181,QZB4J1830657
3jTTGTsv5DwVPNwmjxtfcy,Hot Talkin',Night Tempo,2018-05-20,8,175714,QZB4J1830658
4668NzBeVEmBV175TwDRiL,Starlight Girl,Night Tempo,2018-05-20,12,192000,QZB4J1830659
2qELSsaHSJMPzJ2Y3qkl0Y,Turn the Lights On,Night Tempo,2018-05-20,12,153750,QZB4J1830661
2uBVLDuCjl03dIFYC0dMxh,Better Days,Night Tempo,2018-05-20,5,175200,QZB4J1830662
1c7P4fGaIsi9KXaSgONt8t,Bay City Groove,Night Tempo,2018-05-20,8,192000,QZB4J1830663
5hBRzPU9goblxQnXb4DI1c,Memory Lane,Night Tempo,2018-05-20,4,115200,QZB4J1830664
7pcTLUekZJQnzDOUDuExVJ,打上花火,Daoko,2017-08-16,60,289334,JPTF01710201
0GSs0GV34KX7KCpLw9tWjk,GO!!!,FLOW,2003,0,239333,JPKS00400421
0Yt2RH9xo5D4SQExS1b8Sf,花,Motohiro Hata,2018-10-26,23,279800,JPPO01804118
7cghu88JfPbPzGugIfGT3i,うたかた花火,supercell,2011-03-16,0,360013,JPSR01001881
1ivCIgrYZyE0BvItL4Z8lk,告白氣球,Jay Chou,2016-06-24,3,215146,TWK971601308
0jMK77q1Jf0NcFsdNAtqna,HANABI,Ikimonogakari,2007-03-07,0,265120,JPES00600561
1FN5MIbMWhM0rRe8Y8RyX1,Rolling star,YUI,2007-04-04,0,188506,JPSR00603361
5Zfdg9uvXVCz9WDX7fePAB,会いたかった,AKB48,2006,0,227693,JPN100600981
3gjb1SF08EqpHc127ipBnm,Heavy Rotation,JKT48,2013-02-16,0,282613,IDA141401619
0YCRJcAXQ3NSfKN1x1IXK3,Hotto Dogu,Heiakim,2018-08-18,25,282000,QZDA81869428
4kAAko5kg70EjAWGF2ViWW,光るなら,Goose house,2015-04-06,0,252133,JPU901401919
60BvR8oPPeO6iVodfbpAiE,君の名は希望,Nogizaka46,2015-01-07,8,325773,JPSR01300145
5qmmS7RMOYmfxACgzLSr7T,Stfu (Tasty Treat Remix),Pink Guy,2017-05-24,28,128000,QZ8LY1700003
4pbJqGIASGPr0ZpGpnWkDn,We Will Rock You - Remastered 2011,Queen,1977-10-28,78,122066,GBUM71029618
7iAqvWLgZzXvH38lA06QZg,I Want To Break Free,Queen,2018-10-19,70,223080,GBUM71805978
1TJNF6W1CYJN91JGDUHcJt,"Kibou no Uta (from ""Shokugeki no Soma: FOOD WARS!"")",Jonathan Parecki,2016-04-20,0,293270,USE831559040
68ixFFKB7TguskFFkB4eD5,Kibou no uta,DEARDROPS,2010-08-16,11,222120,TCJPA1474127
7qep024rnanEnyVAw1crmX,HERO 〜希望の歌〜,FLOW,2004,0,218666,JPKS01300521
4Pbg79cTBu4vgSphoyNq3j,2002,Anne-Marie,2018-04-19,58,186986,GBAHS1800094
0anVmUsYUCis6H3PKYJ7yi,Good bye with a smile,kobasolo,2017-12-29,23,307986,TCJPG1745292
4YsIbnORBMECe3PHYAzksl,Make My Story (Boku No Hero Academia),Miura Jam,2018-07-20,16,90794,QZDA61893226
1htJGL473Dub5QGKecXi9R,だってアタシのヒーロー。,LiSA,2018-05-09,0,234266,JPU901701951
0M4dLrDesljsojfZsImZBD,IGNITE,Eir Aoi,2012,0,244786,JPU901400570
4ATrjNUnSvzskzN3HF8cPR,Rising Hope,LiSA,2015-03-04,0,253213,JPE301400237
2gjS4IldZTcJOntzMW6oh8,世界は恋に落ちている,CHiCO with HoneyWorks,2015-11-18,0,311720,JPX401400045
1X1nr03YwYlwGxWHolbwzw,君の知らない物語,supercell,2011-03-16,0,339573,JPSR00901782
3mScGCzxiXA9OaHdBeuk7O,crossing field,LiSA,2013-10-30,0,248946,JPE301201741
1tPUW9zWR8VwkJfP9p3Fl4,INNOCENCE,Eir Aoi,2011,0,277320,JPU901201421
4vvgkXTKwys5YW6cjYKjip,stella☆,SILENT SIREN,2017-03-01,27,273213,JPN901202180
79pmvQsL1dQNzieSxPoS0z,ヒカリノアトリエ feat.MICO,kobasolo,2017-09-27,0,255346,JPVP01707606
5jnrG3zzEpTQlgwdZtbKzt,シルエット feat.MICO,kobasolo,2017-09-27,0,240400,JPVP01707607
3Ip7py3Qopz3GAh1iscfB0,僕らだけの等身大,Goose house,2017-01-06,0,259906,JPU901603794
5aHfGUxRec6c41luxkDqhX,ピースサイン,Kenshi Yonezu,2017-11-01,0,238533,JPU901701672
18jJijhjv7bOytTRBQlzVG,I love you so much but I can't tell you,kobasolo,2017-12-29,28,277146,TCJPG1745295
6rrTr2HEAzlpC4KWZxF3S1,Woman Like Me (feat. Nicki Minaj),Little Mix,2018-10-12,52,228206,GBHMU1800054
7CD2qob54Q5FiGzMBQnrTi,Sora Ni Utaeba,NateWantsToBattle,2017-07-13,30,88676,UST8K1758358
7ewraUQ1M5KwLZoFnPyXZG,Gas Gas Gas (Initial D),Tsuko G.,2017-08-26,0,272404,QZ8LD1787980
1o3BiqN7TPPLlvLC1TnXMX,ALONES,Aqua Timez,2006,0,259933,JPES00902222
0upFohXrGxIIAjyaJmCkMU,"Tokyo Drift (Fast & Furious) - From ""The Fast And The Furious: Tokyo Drift"" Soundtrack",Teriyaki Boyz,2006-01-01,70,255946,USUG10600159
1hG6CJ2K7M1w2pqxClRZXi,"Heroes (From ""My Hero Academia"")",NateWantsToBattle,2017-09-15,41,89393,QZ9JZ1727229
5j2u67znGFToh4e2VzrnwQ,THE DAY,PornoGraffitti,2016-05-25,39,240373,JPU901600984
50LU9C6G5EiTw0qUPVo2pR,アップデート,miwa,2018-07-11,0,259466,JPU901801054
3xQBvKxm8mdy9OBLiJDcwB,ブラッドサーキュレーター,ASIAN KUNG-FU GENERATION,2018-03-28,0,222826,JPU901601440
052C0m9kD30nZqcPWPPRqm,遥か彼方,ASIAN KUNG-FU GENERATION,2012-01-18,0,243346,JPKS00300301
7gehOKSGfZgjIJSxiyE8oD,Re:Re: (Single ver.),ASIAN KUNG-FU GENERATION,2016-03-16,0,332240,JPU901600450
0YAMQSmHk6BSUGTYpaoqTJ,Wherever you are,ONE OK ROCK,2010-06-09,61,295600,JPJ221000176
2baODNvww3VvCz0eT1aqnp,Ranunculus,Daoko,2012-12-05,0,285200,JPS801295326
6A5jtaeUCK2GT8EQBhUWzf,KOI SEYO OTOME,kobasolo,2017-12-29,22,294880,TCJPG1745288
1oE5TZsUi2GNphLY8D3SUB,Losers,kobasolo,2017-12-29,10,251986,TCJPG1745290
3caU1bQ00F86hp6ZH51xYM,SHINOBIZM,kobasolo,2017-12-29,8,169720,TCJPG1745291
0VXwxNrDigCCYdBItMSSbK,Lulalulalu,kobasolo,2017-12-29,14,221186,TCJPG1745293
3VoFt7SjdKRqAdsitncIqe,I wish there's no you to be around,kobasolo,2017-12-29,30,279066,TCJPG1745294
12FjqNa0v9JORMdQQrRCh5,Tokyo genocide city,kobasolo,2017-12-29,10,218786,TCJPG1745296
25tYuWCY1x78jmQIUEVrk7,Full power hero,kobasolo,2017-12-29,9,232573,TCJPG1745297
4dmX8kOAKPADiVVNpLMnbE,Back-to-back,kobasolo,2017-12-29,23,294880,TCJPG1745298
2OenHX1mINW8WklAblGksE,かけてあげる,Daoko,2015-03-25,26,242969,JPTF01501602
5vdp5UmvTsnMEMESIF2Ym7,Another One Bites The Dust - Remastered 2011,Queen,1980-06-27,81,214653,GBUM71029605
2fuCquhmrzHpu5xcA1ci9x,Under Pressure - Remastered 2011,Queen,1982-05-03,80,248440,GBUM71029622
1lqGm9TiR7ot7hnBTL63vO,心の友,Kaname Kawabata,2014-03-12,0,202787,JPN301400049
0zSlkNjJf5FjuH0EDErBOj,心の友,Mayumi Itsuwa,1972,0,196466,JPSR08212570
7JQMJzIFVUkZQ6fQSkCpWo,Bengawan Solo,Widya,2001,29,293546,FR2X41636769
24nMWcqu4uphivh8kHzEdt,Bengawan Solo,Sundari Soekotjo,2014-03-11,26,171813,FRX871592877
6fdD1sw3N0BXggPq1HJqMH,Bengawan Solo in Contemporary Keroncong,"Gesang, Melani Tunas, Iin Indriani, 3C, Galeri Kreativitas Anak Bandung",2010-09-29,0,275946,IDA130926712
3XQBYiddzLq58YWk3ysVgY,Bengawan Solo - Contemporary Keroncong,Gesang,2010-09-29,22,275946,IDA130926712
7KMT2ZmthqYSnBzeJKZMtQ,Bengawan Solo - Original Keroncong Orchestra,Gesang,2010-09-29,39,279920,IDA130926701
27k71irMiXBLfVRCqVvFmp,Lgm. Bengawan Solo,Gesang,2000-10-04,0,247333,IDA130904701
0zdzgfhY18Au7dD1hOrTrX,Never Tear Us Apart,Bishop Briggs,2018-02-09,55,194826,USQ4E1703345
4HXmYG1IR5xduvxTnr7fAp,The Way I Do,Bishop Briggs,2017-04-14,50,243213,TCACN1650775
2ph6BRhGcUzc2W9wIulG5k,White Flag,Bishop Briggs,2018-04-20,58,230586,QMEU31717078
21vwWfS6qvxh8TN3lgHvZr,Baby,Bishop Briggs,2018-08-17,40,194000,QMEU31723317
03HbxaCm8eBHLxbfdRRQ2e,Wild Horses - Acoustic,Bishop Briggs,2017-01-06,31,188906,QM7G91600070
1Taq7PrHRF7dLCcHTRh2aj,Be Your Love,Bishop Briggs,2016-09-23,55,194066,QM7G91600033
1vHyZsydQf4h2yDhujnqvQ,Wild Horses,Bishop Briggs,2018-04-20,49,189493,TCAC11571202
3ki2sYrrJ9bOW5hLF8oRI8,Tempt My Trouble,Bishop Briggs,2018-04-20,40,193986,QMEU31723266
3Xq94gH5xsWHSBAdfG8GaO,Lyin',Bishop Briggs,2018-04-20,36,186653,QMEU31723267
2eKlGc5m0ciqMVWKCsLRAd,White Flag - Steve Reece Remix,Bishop Briggs,2018-05-11,27,150373,QMEU31723313
4zztr9PszmRe1pYbJNj8kl,White Flag - Boehm Remix,Bishop Briggs,2018-04-13,16,199124,QMEU31723300
5K3Gt8e5oZrhvRbWjTOdYi,White Flag - Acoustic,Bishop Briggs,2018-03-09,17,193733,QMEU31723263
0XyeD5XgusMHQlEVlUfxSn,Wild Horses,Bishop Briggs,2017-04-14,32,189346,TCAC11571202
6FFrva3VXMwabDvuHkX4ZU,Dark Side,Bishop Briggs,2017-04-14,54,208773,QM7G91600088
37f3kGgdnELmfAPoCDsTB8,It Will Never Mend,Sezairi,2016-10-28,11,249640,SGSM15100033
67l1tytshju3Ily8uIAVKH,Dream - Acoustic,Bishop Briggs,2017-11-17,32,198693,QMEU31717076
0ecYdyR2yo3Ef3Bw9SVfN8,Be Your Love - West Coast Massive Remix,Bishop Briggs,2017-09-01,16,175120,QMEU31717069
7wjIWkBtvpdgTQpGUlzo0Q,"Indonesia Pusaka (feat. Christian Adi Jaya, Kaye & Kayla)",Basuki Tjahaja Purnama,2017-04-15,0,148047,TCADA1747724
0khs9nJVPXpK4seeG35sYV,Indonesia Pusaka,Rossa,2013-11-12,36,182493,IDA171305036
4aMbVZus6L3hhOnDksMp47,Hallowed Ground,Bishop Briggs,2018-04-20,38,174146,QMEU31723268
0gwR22fn1mk9XLm6mpJnk8,Water,Bishop Briggs,2018-04-20,36,201840,QMEU31723265
5E91ZN75wON12MMz0UF0PH,The Fire,Bishop Briggs,2018-04-20,44,183173,QM7G91600087
5VKQzU9v4siYcZMoAKrWwO,The Fire,Bishop Briggs,2017-04-14,29,182986,QM7G91600087
7dD947TDPVuMUHo0WTfAPy,Pray (Empty Gun),Bishop Briggs,2016-08-12,35,244933,QM7G91600037
5R48ngK8BagoCaaxA7OLzS,The Way I Do - Acoustic,Bishop Briggs,2017-05-19,21,233053,QM7G91600095
3OyQu1h7VXpormoMRYTjuk,Dream - RAMI Remix,Bishop Briggs,2018-02-02,15,167280,QMEU31723259
0tWN20y4tOkBJYvLGb7KAE,The Way I Do - Brooke Evers Remix,Bishop Briggs,2017-07-28,14,159066,QM7G91600099
5Aj2y5U7l9aP2ESKXf5iVw,The Way I Do - Total Ape Remix,Bishop Briggs,2017-07-28,12,204533,QM7G91600098
145GF0S9G5545QNbEphzYr,River - Acoustic,Bishop Briggs,2018-04-06,25,232773,QM7G91600085
3SausdIkWItxJGCht0ZHFU,River - BURNS Remix,Bishop Briggs,2016-08-19,29,173493,QM7G91600048
0hQvOfNoBr9EV2jCIF6JCQ,River - King Kavalier Remix,Bishop Briggs,2018-04-13,47,199000,QMEU31723302
6WfKkBkGr7uAtRqNcQ3cMc,Wild Horses - Attom Remix,Bishop Briggs,2017-01-27,19,219440,QM7G91600081
7DwQoUaPHyfyXhYKGVR62T,Frisbee,Andrew Applepie,2017-11-17,15,82657,DELJ81764571
3MzuvokLBSrQlW06YPBy3D,"Momma, I've Got a Feeling - Joey Pecoraro Remix",Andrew Applepie,2018-10-25,21,204010,UST8K1816519
4tjxC5EVdIDHmJv1aHJbqo,Don't Fuck This Up,Andrew Applepie,2018-02-02,30,228394,DELJ81768737
7272vwpMK0EyEloAdueniQ,Little Feather,Andrew Applepie,2017-04-21,0,182278,FR2X41767290
6gQI4RLH0RLwNMyyz8JIQ3,I'm So,Andrew Applepie,2016-04-29,33,167857,FR10S1653778
1KXvuBPteWywF8zesdM8UB,Driving In The Dark,Andrew Applepie,2017-04-21,0,178000,FR2X41767293
0uldII45YbbaU9mUeWNnMP,Secrets,Andrew Applepie,2017-03-24,24,188982,FR59R1656415
6rYjWJbkJiT4npjuHCPHyE,Hongkong Bedtime,Andrew Applepie,2016-11-10,14,186316,FR96X1680807
0M8dceadOe6MecFst7pFpZ,Yes I Will,Andrew Applepie,2017-03-24,12,276000,FR2X41728152
4P4LbAXj90khbmMk4Uu6Fn,Remember,Andrew Applepie,2016-11-10,8,135529,FR96X1680811
2y5fG96L0xzo5p4B1I4Cr8,Be With You,Andrew Applepie,2018-02-02,5,185032,QZANL1769359
1eFOKmF62zINcRFNjHDx2o,Down,Andrew Applepie,2018-08-03,4,211797,DELJ81898263
07XGe0Yu0L8WJ9cMP6J2yj,The Betrayal,Andrew Applepie,2017-09-29,8,199262,QM8DG1703497
0tzyq2fhHkqH5fmV0jfaRk,For Bob,Andrew Applepie,2018-07-20,2,189351,DELJ81898267
3qD6TRIAWbkoECe6579qA6,Take It Easy,Andrew Applepie,2017-11-17,1,199193,DELJ81764573
1XJRKuLhRu6ukSZir9ZZmC,Almost Like This,Andrew Applepie,2016-04-29,20,188372,FR2X41604823
0kcG6UP8JzIPXXciP5EPyB,Let's Dance This Partey,Andrew Applepie,2018-11-23,3,174782,DELJ81819093
5sIOWpTCOljNdUXY6VYAA7,Lo,Andrew Applepie,2018-11-23,8,169083,QM8DG1804194
1huVLjO3pmhra6DuHKUSwM,Berlin,Andrew Applepie,2015-11-20,24,228201,FR2X41551338
5Zy7wTHSX4rxxeJn0HLfDw,Gitty Cat,Andrew Applepie,2018-11-23,8,174574,QM8DG1700814
76JmNHOa33V2o9aojtsghv,Love,Andrew Applepie,2017-09-29,15,201056,FR96X1727948
2N4B6uVgOmvIfoECAy5nVM,Ninja Monkey,Andrew Applepie,2018-04-13,2,166451,DELJ81892365
4OGISvrWCKrgov0Q56hnzK,Icecream Lover,Andrew Applepie,2017-11-17,3,199534,DELJ81764576
2adbKoSvkjnQS5UaA9u74A,Justin,Andrew Applepie,2018-11-23,2,158818,DELJ81819090
5cUYq975XJ1rWuY1LLThAf,Hit The Gas,Andrew Applepie,2017-03-24,11,207743,QM8DG1700390
7vdQlmIbPhpJuimpH0N5ZP,You,Burbank,2018-09-15,0,132750,QM2PV1853396
07ciMfbBZsKuL4twsWPbU8,Waiting for U,Burbank,2018-09-15,0,167999,QM2PV1853381
6lUh4dVosS9peaX6aqnqdv,I Give Myself,Burbank,2018-09-15,0,174134,QM2PV1853392
3WkfBHsKHG9O5IHsgwb5od,Ashley Dawn,Burbank,2017-11-22,0,84986,QZANL1768484
6YD87WovfsEtC0kOPnWY0i,Purple Walls,Burbank,2017-11-22,16,118902,QZANL1768487
62eFUxtb5M4SnPu3RdcEbH,Snooze Button,Burbank,2017-11-22,0,112107,QZANL1768488
0tYtcRXoJWGqeXv3OF7Dus,"the world is ending, but at least it's with you",Burbank,2018-11-15,13,96279,QZES71846741
7l0chk58W0zHBY5yCzIqAX,someone,Burbank,2018-11-15,22,182857,QZES71846739
0kdgd8icOkLTGHRIOfdJZO,The World Is Ending but at Least I Have My Zune,Burbank,2018-05-30,18,124137,QZDA41817645
6FIS1iCzkre8p2ULfI1E9f,"Sorry, by the Way",Burbank,2018-05-30,28,126792,QZDA41817643
3Atw8i87G236L5nI7lRG4C,Caught in the Rain,Burbank,2018-09-15,0,158117,QM2PV1853395
3kC1ggozqeY847x7fOFqAl,cherry lips,Burbank,2018-11-15,16,170232,QZES71846731
66N3S7LvmSnC1xkpL6HQz6,Chubby Cheeks,Burbank,2018-05-30,15,168228,QZDA41817642
04EBQlEqGzzmlRNnR0qqOP,"To You, With Love",Burbank,2018-05-30,9,111891,QZDA41817639
65Wza2OBkKGIW17fome7pk,Baby - Acoustic,Bishop Briggs,2018-11-16,26,201253,QMEU31723330
6MZN6KWNM3LLjdbnRJuU4r,Baby - Sofi Tukker Remix,Bishop Briggs,2018-10-05,19,202000,QMEU31723329
0Y08zhvCal5BZZNS0RqBFN,Just Did a Bad Thing,Bill Wurtz,2018-12-18,35,167179,QZES91858386
08Df9uxCLSZoAb0mqob7u5,La de Da de Da de Da de Day Oh,Bill Wurtz,2018-01-16,35,190673,QZAPG1853339
63Sm4Lvigjlqc6MESkpapo,Slow Down,Bill Wurtz,2018-11-13,24,198709,QZES71827191
7GLqxrkceMlnw2OMZleOeg,And the Day Goes On,Bill Wurtz,2018-04-25,35,130917,QZCE61852672
5pnAzBcq5zfawsWiTQ3nTu,Mount St. Helens Is About to Blow Up,Bill Wurtz,2018-09-18,33,202771,QM2PV1857765
2i2vWnhvfVPfT0b9QJTbUb,The Moon Is Made of Cheese (But I Can't Taste It),Bill Wurtz,2018-10-02,25,70212,UST8K1846325
4LFs1HvbBRTW5502ddGKjP,Long Long Long Journey,Bill Wurtz,2018-10-30,29,189923,QZES61826585
2Ig68x4WLnTHjaxIKfwz3H,Outside,Bill Wurtz,2017-09-28,23,207920,QZ9JZ1783943
7ycuicDw7KzxfZ754GZ0kb,Wild Horses - Thundatraxx & The SKX Remix,Bishop Briggs,2017-03-10,11,175600,QM7G91600084
2KiU9Mb7C6DI93qopYWEd4,Wild Horses,Bishop Briggs,2016-02-19,0,190671,TCACI1571202
0TGTE9TEh9qzuFwmtRNICn,River,Bishop Briggs,2017-04-14,52,214280,TCACL1648391
7rxkjmKhjFjKVPQdV00ygo,nowhere else but here,Burbank,2019-01-10,4,138666,QZ4JJ1963665
7EYR17bHR2ZkJ8o2mKSJDU,Kiss With a Fist,Florence + The Machine,2009-04-07,23,134613,TCADA1737892
6eeZoajevkAywjQQWevoba,Dog Days Are Over,Florence + The Machine,2009-04-07,16,250893,TCADA1737889
456WNXWhDwYOSf5SpTuqxd,Dog Days Are Over,Florence + The Machine,2009,78,252818,GBUM70900209
244AvzGQ4Ksa5637JQu5Gy,You've Got The Love,Florence + The Machine,2009,76,168666,GBUM70900237
6Ju28M6P8Y8sLjBgWjyUUD,Hunger,Florence + The Machine,2018-06-29,60,214666,GBUM71800802
71iSmEeF0qRVyULABxP75P,Shake It Out,Florence + The Machine,2011-01-01,66,277600,GBUM71107355
64fzn2ewOdSH57wrxTPGov,Sky Full Of Song,Florence + The Machine,2018-06-29,50,226160,GBUM71706494
1NcXkWB3UwXfMt8izByICb,Big God,Florence + The Machine,2018-06-29,52,241760,GBUM71800804
57yeWyaoeTt26p0dlEZukQ,Spectrum (Say My Name) - Calvin Harris Remix,Florence + The Machine,2011,70,218190,GBUM71203723
6hJVB5crm0kZqOH1ZeTmly,Sentient,Riouth,2019-01-29,0,256954,GBSMU6027458
249SPpJtrPeUdAaUc5IksM,No Expectations,AG,2018-04-13,32,287773,USA171810001
1vs9WljU2zygg0UD9dIGbO,Shine A Light,AG,2018-04-13,28,168426,USA171810003
4dfRUjjzVfvqhRrCkps03y,Play With Fire,AG,2018-04-13,16,192066,USA171810002
49ScE2M6RIqfeHnnP4v94B,No Expectations - 50th Anniversary Edition,The Rolling Stones,1968-12-06,43,237000,USA171810011
3oxqLl1TcDNYgAaAxct3jK,Dear Doctor - 50th Anniversary Edition,The Rolling Stones,1968-12-06,36,201946,USA171810012
2t95lca5RT63G2J988AorQ,Parachute Woman - 50th Anniversary Edition,The Rolling Stones,1968-12-06,36,140146,USA171810013
7e3JeMmuteFbUJuUjH1RfS,Ada Di Sana,Danilla,2014-06-04,53,198800,BGA261422702
6d3iUsWvahrR51nAfx50DL,Terpaut Oleh Waktu,Danilla,2014-06-04,45,254866,BGA261422707
55bmTrFYialBaZacYVejWw,Berdistraksi,Danilla,2014-06-04,50,211093,BGA261422710
0ozCiYwzpYkb7N4etcjrnh,Senja Di Ambang Pilu,Danilla,2014-06-04,51,297986,BGA261422703
1NAlkaXWwaXzWgEiiXWSmx,"Kecuali Cahaya - From ""The Returning""",Danilla,2018-10-23,21,224000,FR96X1870500
4XlUfMCeHBowTWRRcOgpso,Aaa,Danilla,2017-08-03,3,357270,TCADF1704426
55PuhBKSRfW7pGnsAfQJWX,Kalapuna,Danilla,2017-08-31,14,266870,TCADF1705324
2hC7iB198wxMY2mpQhct1j,Buaian,Danilla,2014-06-04,40,241093,BGA261422704
69h9f9WD7IFnsXPH7tZVpy,Wahai Kau,Danilla,2014-06-04,38,254933,BGA261422706
27qnQeSahc7S6TZRUnSPhg,Dari Sebuah Mimpi Buruk,Danilla,2017-08-31,13,247670,TCADF1705335
4G7kgf0Dsdu7ZlpK6iYYc9,Entah Ingin Ke Mana (feat. Rd Moch Sigit Agung Pramudita),Danilla,2017-08-31,8,252821,TCADF1705321
4hkjPVuMwSDMnaRXB4ffg9,Laguland (Live),Danilla,2018-08-09,0,317105,TCADT1870237
2oQ6QNyoix3UfMGGkVpO6M,Lintasan Waktu (Live),Danilla,2018-08-09,0,260966,TCADT1870240
4RuUCqgl0Gut0P9smSLTAZ,Kalapuna (Live),Danilla,2018-08-09,0,292387,TCADT1870243
5cJICHEeCM5H4sfQUwrLad,Usang (Live),Danilla,2018-08-09,0,217314,TCADT1870245
5hFomppZJp7QrU54H3IRBi,Terpaut Oleh Waktu (Live),Danilla,2018-08-09,1,291810,TCADT1870246
3TaMrixdX5VJzIT82DyN3J,Meramu (Live),Danilla,2018-08-09,0,287590,TCADT1870249
1NIMwcFRI0gqGlYlyCq48F,Ada Di Sana (Live),Danilla,2018-08-09,1,251893,TCADT1870253
3djf44ASrf3Qpbv1DpcFa7,Aaa (Live),Danilla,2018-08-09,0,342790,TCADT1870257
6jqz1HJPADpLqqWFFRV7ZB,Your memory,Kassy,2018-04-26,19,217827,KRA381705125
4FM8p97PmVN9GXSdjjobQG,Time Trials,Hyper Potions,2017-05-30,31,202971,QM2PV1734520
0rYLoflnc6CyJAon095n68,Checkpoint,Nitro Fun,2016-05-23,0,219898,CA6D21600124
1HlumBvclGhCA2PwRlrFP5,Friends,Hyper Potions,2017-08-14,45,220875,QZ8LD1714244
3ZxPJQeGt7r0E3w7de2Yxs,Expedition,Hyper Potions,2018-11-27,34,286500,CA6D21800358
10LpJJYns7Qc6POnyWJ14A,Surf,Hyper Potions,2017-02-07,29,240774,QZ4JJ1768128
5euHZw4X82pmE12LUP7Zam,Maboroshi,Hyper Potions,2018-12-10,33,244323,QZES71897260
5yxaWDtIwdDuk3Qsd4EgOS,Adventures,Hyper Potions,2015-06-12,0,173871,CA6D21500256
1DBBHA7kAVILslNu6Ev24f,Triforce,Hyper Potions,2018-01-23,22,186800,QZAPG1873782
5Vec1EjOApOhhiNg3sBlfk,Puppy Raceway,Hyper Potions,2017-10-04,20,200689,QZ9JZ1782699
1G9l5r5Fc65J7DZPAEk5lA,"Wooded Kingdom (From ""Super Mario Odyssey"")",Hyper Potions,2018,0,288100,QZ22B1909676
71z5RI5BqMrpha9Aqp9AQW,Time Trials Plus,Hyper Potions,2018-04-25,27,85184,QZCE61848533
64hdwbpQr3gJwWQCpGlOvJ,Running Shoes,Hyper Potions,2018-05-17,10,102896,QZB4J1842838
1BA77z3icI7VxUwXJKvQg1,Gotta Go Fast,Hyper Potions,2018-05-17,13,224026,QZB4J1842837
4c5kKb4bNX9cRxwZ4n9vLK,Snow Day,Hyper Potions,2018-03-16,20,263500,QZBRF1862563
5sSlywocUD7MFy88wLr34w,Cherry Blossoms,Hyper Potions,2018-04-11,18,161035,QM4DW1878544
7ihzvvGIh5Y03nEUFigDtr,Railway Life,Hyper Potions,2018-05-17,17,180035,QZB4J1842836
0cZ2e237UgUPYKqhLTDlhg,Big Snowman,Hyper Potions,2018-05-17,20,175307,QZB4J1842834
5bvPXfKPNO5hidqlkIjflS,"Friendship (From ""Deltarune"")",Hyper Potions,2018-11-10,19,199135,QZES71807589
5ggqSSAFgIj50BKUMl4UKo,Littleroot Town,Hyper Potions,2018-05-17,24,212035,QZB4J1842835
6OPbaQr3zoWGDYHQr2ioXg,Ski,Hyper Potions,2017-12-08,17,169000,QZANL1793662
5nPQwp86ytUpM1DBxnw6JG,Jungle Cruise,Hyper Potions,2018-06-04,19,172329,QZDA41820960
27O2U2H5Iz3BFAM9SYOzjM,Trick or Treat,Hyper Potions,2018-10-15,16,182270,QZES51811409
0wpHo9ufyiNdbnr9lIe0B8,Enter the Unseen,Steven Goldmund,2018-11-13,28,232385,SE4RG1818602
7of5vqDVelR7W0GVohpnk5,Adventures,Hyper Potions,2015-06-12,32,173871,CA6D21500256
4bOBkYCCIIIp32uQYtRtAR,Porta Vista,Hyper Potions,2015-04-29,0,195935,CA6D21500219
2Mmu18yXYISDk8LlPcMHD1,Saturday Morning Space Ride,Stephen Walking,2015-07-09,0,261003,CA6D21500288
7uIQa4SParNfzaiakmQurY,Distance,Richard Caddock,2015-10-28,0,216885,CA6D21500385
34x3r65wXDQNXdMeDmDWbu,Bamboo Disco,Yunomi,2017-02-09,37,196168,JPX301708530
6BGbt6NGG5LGGqKdwAzzS8,Perfume!,fusq,2016-02-10,43,174803,QM42K1502850
3LYXjnYXAgDmhawWjl5spw,Like You Love Me,Conro,2017-06-30,31,237473,NLM5S1600073
45BrUzeTau5SNbYasnxvj9,終わらない世界で,Daoko,2018-12-12,26,305771,JPTF01816601
114mRwoyFupj4JyMgH4ziy,ぼくらのネットワーク,Daoko,2018-12-12,28,217297,JPTF01819601
0bZrkewbNgXIDQiMBlnZnG,オイデオイデ,Daoko,2018-12-12,19,235419,JPTF01819602
14UDH6vjteIyiABgkTcDmH,24h (feat. 神山羊),Daoko,2018-12-12,22,285987,JPTF01819603
40NZjjsb7gCmFZfiETbaZb,種も仕掛けもある魔法,Daoko,2018-12-12,15,245853,JPTF01819604
38atXPviVX8ZHTkcUE319R,サニーボーイ・レイニーガール,Daoko,2018-12-12,11,249183,JPTF01819605
118ZOIwkPBmMiP88vYfom1,涙は雨粒,Daoko,2018-12-12,12,196631,JPTF01819606
6JKwCqe5gT3ViRATLjCR31,打上花火 - DAOKO SOLO ver.,Daoko,2018-12-12,31,291272,JPTF01819608
1Z9mxI875EJS1mJrF7ho8Y,蝶々になって,Daoko,2018-12-12,13,242992,JPTF01819607
0cAmjsP4d1AXzwAiL38lMr,流星都市,Daoko,2015-03-25,23,211888,JPTF01501605
5TsvjIcfNGvWCUZEWXmBBr,JK,Daoko,2015-03-25,11,219604,JPTF01501610
0QKmcZNAST4GytJYmkN05D,さよならエレジー,SUDA MASAKI,2018-03-21,32,257066,JPU901704009
3yeSa76WXdz8Dh0EZ6UWLD,a saint,Burbank,2018-11-15,8,160000,QZES71846729
1riq1G65lCIoO7qH7qUmd1,autumn nap,Burbank,2018-11-15,13,168000,QZES71846730
2NyLRIOZXWq2CjOfQ8aUhM,End,Burbank,2018-09-15,0,116800,QM2PV1853397
5Oro2tJNgZe59fjs097KNe,Since We Met,Burbank,2018-09-15,0,158117,QM2PV1853382
1Rc9nhiVDRALFd0a4DFGA3,Sleepy and in Love,Burbank,2018-09-15,0,153043,QM2PV1853388
2v6UyDWBqlUcuGfdmZUPPq,window,Burbank,2018-11-15,6,111428,QZES71846733
0TIyfuG5GcmIEWp6Umku8R,im cold and i don't have a sweater,Burbank,2018-11-15,6,163154,QZES71846734
7deychAhzSs7cWPvxbR7fT,the happiness of seeing someone again,Burbank,2019-01-13,18,182666,QZ4JJ1970174
2VQ09UHaXvvWpF3qgEwJXt,Sad Puppy Love,Burbank,2018-09-15,0,123428,QM2PV1853387
3sLmjaTkQyhohgSDhg83Tv,no one has lips like yours,Burbank,2018-11-15,21,150476,QZES71846737
7MMYGIa9ziha1EVDh5JCVE,warnings,Burbank,2018-11-15,6,145970,QZES71846742
5FtBqyjjbcakwpOWwlIrdp,only lips,Burbank,2019-01-11,1,141176,QZ4JJ1989285
71csBJa5Hzlsoh2Az5VLoX,strawberry smoothie,Burbank,2018-11-15,8,170666,QZES71846740
5vXMNft2SFjLryr081pUCY,she said it was gonna rain,Burbank,2018-11-15,6,194157,QZES71846738
6jkno4oaA0JpLbokQsEmwG,new york,Burbank,2018-11-15,6,158117,QZES71846736
2MffpSJWNaYeq1bEe8JB8E,where she looking,Burbank,2018-11-15,10,144516,QZES71846743
3hENrrSS6346OA29vZOW3l,you'll be alright,Burbank,2019-01-08,6,138000,QZ4JJ1902823
2rPmiU5M5DOujYCaVdQzq3,The Sky Looks Pretty With You,Burbank,2018-09-15,0,152727,QM2PV1853380
7FztOzonXQADodiZgeGLFe,a warm home,Burbank,2019-03-14,3,173333,QZES51963742
7CRrRjg7ywIAFjw6SwUofW,Love Letters,Burbank,2018-09-15,0,132000,QM2PV1853379
1JjV8kiNBvKhLVXVLcc208,Honeydew,Burbank,2018-09-15,0,82285,QM2PV1853391
0qBowDiaWurcVZtxqS5T9o,Lake,Burbank,2018-05-30,7,186122,QZDA41817644
2LiE7ZN8EFugvJQxwDj7T4,Cold Blooded Blues (Burbank Remix),Mike Casey,2019-02-28,0,160000,QM24S1903560
3JELORzdcKaFnvz9LeZopt,it's late and i can't remember,Burbank,2018-11-15,7,161454,QZES71846735
3Ih0xH5TC4KYuTw0kV4Tbg,Spring Showers,Burbank,2018-05-30,10,143175,QZDA41817640
2A1urOtp9z4pypxtruUKJm,Sweet Dreams,Burbank,2018-09-15,0,147200,QM2PV1853390
67Z6r4Q0NXRTVgz4dABCJl,I Got Sad When I Realized It Was a Dream,Burbank,2018-09-15,0,171565,QM2PV1853394
4JliORbRWC7HbTWie5IegG,Moonlights,Burbank,2018-09-15,0,133953,QM2PV1853378
68gp8A3oyOFPO1uZnn2sn8,days gone,Burbank,2018-11-15,6,160321,QZES71846732
629jC76adZPev6nmai8ULc,puppy love,Burbank,2019-02-24,10,136421,QZDA71983752
4gRMPrfeXEbkZUZzeF6SlA,I Think of Love,Burbank,2018-09-15,0,123428,QM2PV1853393
3BB8ozKwuoOTAwQJagfHSf,Ethereal,Burbank,2018-09-15,0,184090,QM2PV1853385
3ux41NZFA2TUkxBTmQP5kb,Sadness,Burbank,2018-05-30,7,113678,QZDA41817646
0CB3Fa5PLOwMwBSkrHzEf9,The Thought of U,Burbank,2018-09-15,0,132000,QM2PV1853384
023hygwy49ZONo48rJTc2R,Mask,Burbank,2018-09-15,0,137727,QM2PV1853386
5g0mL5yGWGPiOI8AyZwlqw,Alone,Burbank,2018-09-15,0,203720,QM2PV1853389
7ybB06VR5AhP8d9PO4I9Od,bee,Burbank,2019-02-18,18,185684,QZDA71924517
1gq9qnaH00DCSbAsRu49NX,Summer Never Ends,Anna Yvette,2016-07-25,26,231225,CA6D21600210
5WnPPuttuxYw0jyFnQYpcp,Crossroad,Au5,2014-11-26,34,417314,CA6D21400074
0jk02qHybL6lsFRocUaKqO,Something Real,Rameses B,2018-04-24,0,322909,CA6D21800086
77MvLXfZz5UEbkVT0XgiZY,The Cabin,Ylvis,2013-10-26,16,248158,NOWHG1302010
1zt6I5nd8EfiujCItUv25J,Let's Try Again,Burbank,2018-05-30,23,155862,QZDA41817641
6a7B4HThMwgt51hoayaPbC,Beach Picnics,Burbank,2018-09-15,0,183555,QM2PV1853383
1R2CSc0yO1ThjXkTs7P2fH,Sherbet Land,Hyper Potions,2019-03-22,28,240000,QZES51941103
4UgecbYlUBMCq55ulRYxM0,Porta Vista,Hyper Potions,2015-04-29,27,195935,CA6D21500219
5bkYsnrf7j88oN1x510yMf,Checkpoint,Nitro Fun,2016-05-23,39,219898,CA6D21600124
35ay7VDBY355v1ElCVsbIz,Stonehenge,Ylvis,2011-10-31,36,233560,NOWHG1201040
4EY54eDwACubkIWXNPNUGj,Dangerous (feat. Danyka Nadeau),Televisor,2015-11-23,0,268004,CA6D21500384
0rTV5WefWd1J3OwIheTzxM,Talk,Khalid,2019-02-07,62,197487,USRC11900004
2z8FeGVwMVklS2llztkjVF,the happiness of seeing someone again,Burbank,2019-04-02,33,182666,QZDA61966431
4GA6IljgjeH6GocKwtmM0X,Summer love,kobasolo,2019-03-26,36,267865,TCJPI1966883
4XaG9IpCXklOcuau1sIrUX,We Are The Champions - Live Aid,Queen,2018-10-19,56,237025,GBUM71805985
3INsYP1Y8GG4qJvBsKCdXC,Don't Stop Me Now - ...Revisited,Queen,2018-10-19,63,217824,GBUM71805977
5WZDLZVCvY1rEyNir6k8Pg,The Show Must Go On,Queen,2018-10-19,60,271611,GBUM71106221
3YM9o7X3ar7Dm39zXadQSz,20th Century Fox Fanfare,Queen,2018-10-19,15,25186,GBUM71805969
5txoZyuAmtCfmDjUCEphWm,Somebody To Love,Queen,2018-10-19,62,295733,GBUM71029613
7ACBxaYBStLkzU8grvbzz5,Ref:rain,Aimer,2018-02-21,0,290146,JPU901704133
6Flllj0iIJPwXUpxL9KdxC,蝶々結び,Aimer,2016,0,305333,JPU901601797
7koTTzsL7Ricjtv3CN6Sob,I beg you,Aimer,2019-01-27,0,270346,JPU901804007
2pOaHLgMESOP6merlAQ82b,LAST STARDUST,Aimer,2015-07-29,0,318666,JPU901501854
2l3B7RgXnNlaLVBoGhcWGi,ポラリス,Aimer,2013-11-20,0,365093,JPN101300881
0Hrqab4eZk24PODh7YKzRH,茜さす,Aimer,2017,0,329786,JPU901602846
1ypGgXyVFqAW6fVedgBE8z,Black Bird,Aimer,2018-09-05,0,229693,JPU901801973
04K2brFrPGggc1EMHxOwOb,六等星の夜,Aimer,2017,0,337920,JPN101100601
4r20tmzg4tfon0Kg0yxB91,蝶々結び,Aimer,2017,0,305653,JPU901601797
0AFQJU8z8qnF5IiZLbzxFA,あなたに出会わなければ～夏雪冬花～,Aimer,2017,0,362386,JPN101200581
0gvWpIM0w2yOmYiT08zg2k,ポラリス,Aimer,2017,0,367453,JPN101300881
0uTtuQxtZbbR9FmCI3j4PV,Re:pray,Aimer,2017,0,307120,JPN101101061
6KnSkQNZGeQPshZihbOZNt,星屑ビーナス,Aimer,2017,0,254693,JPN101200582
2vo3h8nVlHXF8BIvbMSOx8,broKen NIGHT,Aimer,2017,0,296306,JPU901401923
3yyygrZ3m9dHsqeDx0QaFU,カタオモイ,Aimer,2017,0,207866,JPU901602293
5DHTqRMylMCqsESIvoyufT,君を待つ,Aimer,2017,0,267813,JPU901500319
4jQnkghgRebkkwn0bbao2c,雪の降る街,Aimer,2017,0,245400,JPN101101664
792AteH2q5hbSHAOXwfxhA,everlasting snow,Aimer,2017,0,337066,JPU901602847
5LynVeU6ZtECgW49Jj3Pdd,Creep,Tim Schaufert,2019-04-05,14,184037,QZDA81990906
0WzG7wEnGNOxj8Ch8dVolz,For You,Omnia,2018-10-19,36,180696,NLF711810934
78G95fsDbsp9XfxfC78bwU,Voyage,Fractal,2015-10-07,9,260118,CA6D21500353
6akqCjaRSgqTPMuLEoGeBi,Fire Away,Fractal,2015-10-07,15,340810,CA6D21500351
30AN2bWBDHGys9gziA65BZ,Amor,Fractal,2015-10-07,18,335120,CA6D21500348
16mSwgIZThlRrK8ujWqXeh,Wind Mantras,Fractal,2015-10-07,7,252882,CA6D21500356
5ISOQDi992hTz8EgVLDFuj,Omni,Fractal,2015-10-07,11,283771,CA6D21500350
4WoZ1uu9wqj3LvDIUxMwu4,Skyline,Fractal,2015-10-07,8,323422,CA6D21500355
41H0zYtV8YFSTxhyB5xaVJ,Collide,Fractal,2015-10-07,26,265016,CA6D21500349
4oU3FIvuxr8OzxvHW5iOgZ,Something Real,Rameses B,2018-04-24,20,322909,CA6D21800086
2GgBtBIiCiHtSFeYkUC6LU,Real Love,Rootkit,2014-06-30,27,275409,CA6D21000384
31I7IqAX8zBTqcKAOcQvuo,Dangerous,Televisor,2015-11-23,22,268004,CA6D21500384
2vv86bXUFmRsUi5s0tw8oW,Unbreakable,Hyper Potions,2016-04-25,25,264954,CA6D21600123
2e0TrFtmc81uvoIHR2YDaF,Breathe,Tut Tut Child,2014-10-31,28,275121,CA6D21400044
4Uy3kNxW2kB8AEoXljEcth,"Familia (with Anuel Aa, feat. Bantu) - Spider-Man: Into the Spider-Verse",Nicki Minaj,2018-12-14,57,174893,USUM71820327
2CWOMDYFK4Ef3867nEhnVM,Memories,Thutmose,2018-12-14,54,199146,TCADY1861013
6V81K1OcvYgHEnCA6A2Qx9,Start a Riot,Duckwrth,2018-12-14,63,171466,USUM71820702
6rz0dTA0PdhXImFV5EjM0w,Hide (feat. Seezyn),Juice WRLD,2018-12-14,72,205800,USUG11802778
3KkXRkHbMCARz0aVfEt68P,Sunflower - Spider-Man: Into the Spider-Verse,Post Malone,2018-12-14,80,158040,USUM71814888
3AyLh4R4D3fQfyqCsTdFf3,See U Later,BLACKPINK,2018-06-15,0,198866,KRA401800099
6T3Mlx5fr71sm0u1YDAb4R,Galaxy 우주를 줄게,BOL4,2016-08-29,0,213853,KRA921600019
5P0Uo1LqAgvFuxabQMe81X,A-TEEN,SEVENTEEN,2018-08-13,52,196323,KRA381800492
5sbooPcNgIE22DwO0VNGUJ,POP/STARS,K/DA,2018-11-03,67,191100,NLRD51859885
381g0b6QZxC13SzA2HRMIc,Power Up,Red Velvet,2018-08-06,54,202040,KRA301800289
6oDX7N6VnXSyLdyGsDP5jV,Something New,TAEYEON,2018-06-18,39,200440,KRA301800252
6MiGIhcqRysLfTTeTEgSuv,%%(Eung Eung),Apink,2019-01-07,0,208103,KRA381900073
6qAzAmPBUpGrk7XADZHR5k,LOVE SCENARIO,iKON,2018-01-25,0,209648,KRA401800015
3R8iyJpmhI9ABDmTpetV2D,Blue,TAEYEON,2019-03-24,45,212842,KRA301900153
2mg7JShA6HPvWPvQQ70FDI,Full Album RED PLANET [Hidden Track] - 좋다고 말해,BOL4,2016-12-21,0,201772,KRA921600050
6Upu6yjkdi0DVI8E3IBZEU,Don't Wanna Cry,SEVENTEEN,2017-05-22,63,203426,KRA381701127
5Z4aqpT39KpY8gbHoJWdou,Egotistic,MAMAMOO,2018-07-16,0,196018,KRA381800261
76ziL4M1nP9psv11be5812,Dance The Night Away,TWICE,2018-07-09,0,180809,US5TA1800053
3V23oYrFVc5VW1Ftq2wPCu,YES or YES,TWICE,2018-11-05,0,237685,US5TA1800109
4gjVhOuUPOpF23uKkcfVYU,What is Love?,TWICE,2018-07-09,0,208238,US5TA1800038
7b8YOVV5quZcSKEijDgyWB,DDU-DU DDU-DU,BLACKPINK,2018-06-15,21,209355,KRA401800096
2XIaetAZTyR7oQfHh8DZ2B,SOLO,JENNIE,2018-11-12,0,169566,KRA401800139
2naEVOadudtXHwtZNfjMDM,Forever Young,BLACKPINK,2018-06-15,0,237076,KRA401800097
7ibZWzytUh41z5ycK2I5N8,Don't Know What To Do,BLACKPINK,2019-04-05,0,201081,KRA401900006
0M98PvIvx7vZ8LDpzMw1hB,Kill This Love,BLACKPINK,2019-04-05,0,189052,KRA401900005
6MN6oiT2d7qxYEOwXwgV34,Kick It,BLACKPINK,2019-04-05,0,191225,KRA401900007
0doLJjIDrYkoXDb4b9Qa8n,WHISTLE - Acoustic Ver.,BLACKPINK,2016-11-01,0,212480,KRA401600238
1EbacZvcixTCTzBcJfaua2,Tessellate,alt-J,2012-05-28,0,182666,GBZUZ1200066
5QD4hHEv8812JagZlH1MMy,In Cold Blood,alt-J,2017-06-02,0,206853,GB5KW1700459
5pjWzUc1tVcewUTdDJd6Ce,San Francisco Street,Sun Rai,2013-06-11,55,266704,ushm21343849
4y3OI86AEP6PQoDE6olYhO,Sucker,Jonas Brothers,2019-03-01,0,181040,USUG11900515
3e9HZxeyfWwjeyPAMmWSSQ,"thank u, next",Ariana Grande,2019-02-08,78,207320,USUM71819361
5qmq61DAAOUaW8AUo8xKhh,Truth Hurts,Lizzo,2019-05-03,55,173325,USAT21703896
6v0lAdFF4haL8xjBIUjtOw,Te Robaré,Nicky Jam,2019-03-22,0,201818,USSD11900072
2Fxmhks0bxGSBdJ92vM42m,bad guy,Billie Eilish,2019-03-29,80,194087,USUM71900764
6MWtB6iiXyIwun0YzU6DFP,Wow.,Post Malone,2018-12-24,0,149520,USUM71822626
3y3brCCecHC3Db18aIOnny,"Carry On (from the Original Motion Picture ""POKÉMON Detective Pikachu"")",Kygo,2019-04-19,58,215315,USRC11900838
1JO1xLtVc8mWhIoE3YaCL0,Happy Together,The Turtles,1967,75,176293,USA560587940
3Kuu5vASpXK8oRsxOvau6P,Think About You,Kygo,2019-02-14,54,208566,SEBGA1900651
507tQXutCPYNFkpOq8tmKF,Don't Worry Bout Me,Zara Larsson,2019-03-28,48,208811,USSM11901360
1YHIX390WgL6fPmhZ1dLGz,Doom And Gloom - Jeff Bhasker Mix,The Rolling Stones,2012-01-01,41,247175,GBUM71206985
1fNwvHEncsLvhwEKmzlO6S,New Avengers - Avengers: Age of Ultron,Danny Elfman,2015-04-20,37,189613,USHR11536421
5CGpPUcUahMuLzkNK9ZgPP,Dear Mr. Fantasy,Traffic,1967-12-08,56,334000,GBAAN6800033
4rfh0qEv1HdKRXWiRXfzWF,"It's Been a Long, Long Time",Harry James,2008-10-29,58,205773,DEEF20810840
3Cx4yrFaX8CeHwBMReOWXI,We Didn't Start the Fire,Billy Joel,1989-10-17,76,287733,USSM18900217
1mHoqHeQClLBp5UO3TbUac,The Show,Lenka,2008-09-23,55,235693,USSM10802201
0u2P5u6lvoDfwTYjAADbn4,lovely (with Khalid),Billie Eilish,2018-04-19,87,200185,USUM71804190
6CcJMwBtXByIz4zQLzFkKc,i love you,Billie Eilish,2019-03-29,79,291796,USUM71900773
1ni8ZTAY1GHXEFOGHl7fdg,bellyache,Billie Eilish,2017-12-22,66,179172,USUM71615103
43zdsphuZLzwA9k4DJhU0I,when the party's over,Billie Eilish,2019-03-29,83,196077,USUM71815958
7tGEAA1f8MydT7eVbbO9Zy,WHEN I WAS OLDER - Music Inspired By The Film ROMA,Billie Eilish,2019-01-09,59,270519,USUM71900059
0rQtoQXQfwpDW0c7Fw1NeM,!!!!!!!,Billie Eilish,2019-03-29,24,13578,USUM71900763
1yjY7rpaAQvKwpdUliHx0d,Still into You,Paramore,2013-04-05,78,216013,USAT21300012
1j8z4TTjJ1YOdoFEDwJTQa,Ain't It Fun,Paramore,2013-04-05,73,296520,USAT21300009
3zYWQEkz5qZMvL1BVkY4BY,Surreal,Mielo,2015-10-19,0,228031,US3DF1540533
0HXZsHp0Bz1LIQLmi1jJME,Tanah Airku,Kotak,2016-12-01,36,207956,IDAA21501292
0BsTURzR1eWY6GXAKSqyVW,Bendera,Cokelat,2002-07-03,49,247786,IDAC52002088
3rSVLcwdWUKluv19oLcW8k,Bendera - New Version,Cokelat,2006-07-19,42,297186,IDAC52006223
52Z28hjK31wudUscWv1UjR,Hari Bersamanya - Accoustic Version,Sheila On 7,2011-03-15,45,237240,IDAC51000172
09pYzzyrc6MsJXuG3K1ruC,Kita - Acoustic,Sheila On 7,2003-12-05,42,210666,IDAC52003226
67Uv6oQ54rIPJDsqJQWqMo,Mantan Kekasih,Sheila On 7,2009-01-19,29,275026,IDAC52006157
7Hun5YHQ5TEe9j97cU5XPg,Melompat Lebih Tinggi,Sheila On 7,2003-12-05,64,198133,IDAC52003224
1MdjZzEInrmDBXf8zs0nKS,Dan...,Sheila On 7,1999-07-14,71,288706,IDAC51999157
12aai02ypT2po9HH1nzUqU,Sephia,Sheila On 7,2009-01-19,36,295520,IDAC52000386
1a94iHIQYxDN9fjNWsa0Ig,Hingga Ujung Waktu,Sheila On 7,2009-01-19,31,266266,IDAC52002050
3tSNfa01Br0C104CWi6cVo,Pejantan Tangguh,Sheila On 7,2009-01-19,41,207133,IDAC52004081
1WBAKisvCxR2IQ2knIAlyw,Pejantan Tangguh,Sheila On 7,2004-05-25,56,207133,IDAC52004081
3SFpjEUJ3HttmZg4v8wYae,Generasi Patah Hati,Sheila On 7,2004-05-25,42,306240,IDAC52004087
6N0nT6aRZozJh0srlnJtRB,Bingkisan Tuhan,Sheila On 7,2006-06-01,24,220306,IDAC52006161
7mLFaqbvNKRUz2LqzdYONp,Kau Kini Ada,Sheila On 7,2006-06-01,33,250626,IDAC52006159
2yCElPuIM0oUdoFyCEbUx2,Mantan Kekasih,Sheila On 7,2006-06-01,42,275026,IDAC52006157
5LxP6FsqJdd9kvRTqpUHwF,Radio,Sheila On 7,2006-06-01,55,209360,IDAC52006156
3taFV5yy3Y7mthpPehFfbl,Sampai Kapan,Sheila On 7,2008-11-11,29,251226,IDAC50800222
5J91teMRf8sJMvo4OPdqw0,Dan...,Sheila On 7,2009-01-19,32,288706,IDAC51999157
3e1oqsDrbHjeyMD9ycmgyH,I Love U Bibeh,The Changcuters,2008-02-08,55,252280,IDAC50700346
7yyDYbyS8DVawBsYCEzGCg,Sempurna,Andra & The Backbone,2006,0,268422,IDAB30600441
6Z4tlHCjshFka6UfoIkwfm,Tak Ada Yang Bisa,Andra & The Backbone,2008,0,300651,IDAB30800013
2Ev8mNT9YHaUIELEKKf4ld,11 Januari,Gigi,2007-05-16,56,212026,IDAC50700121
0cc9lgdfHqeS8t9BzbFFmj,Risalah Hati,Dewa,2000-05-15,68,292560,IDA040056704
6pCfc6xxUXYBWLMQhIWDmh,Kamulah Satu - Satunya,Dewa 19,1999-10-26,60,241266,
5LqanqJSmZwbwPtIi2RwTb,Kangen,Dewa 19,2007,0,300512,IDAB30700485
5JESuE80fvausWHjcT9QVh,Aku Milikmu,Dewa 19,1994-06-16,70,332733,IDA049456201
3mM7f12I9yOmLeqye0bII2,Selimut Hati,Dewa 19,2007,0,279289,IDAB30500296
6cR3LxWz9Nx57EpZCaNGb4,Ku Tak Bisa,Slank,2005-12-03,0,263422,IDA430500577
4wnZQWvaFPKHVx17uuQ4FT,Kamu Harus Pulang,Slank,1994,0,300542,IDA439400038
1oNC53QzqAMEQuGguxJSri,I Miss U but I Hate U,Slank,2006,0,275093,IDA430602854
0OVcoOK5WVvE6D9CXkopa9,Separuh Aku,Noah,2012-12-11,0,266306,IDA181200003
4CGpzrPjP0xaJfN9g9FN9A,Tercipta Untukku,Ungu,2005-12-07,64,265560,IDA170501009
0OjiV7FpVCrOIq53ZSH1EM,Ya Sudahlah,Bondan Prakoso,2010-05-14,61,254293,IDAC51000015
1oAWbr6TXkRajJKgSm1vF5,Kasih Tak Sampai,Padi,2001-06-20,64,293320,IDAC52001505
4DSOQ3kfCw70iWDswduLGN,Semua Tak Sama,Padi,2001-06-20,59,339306,IDAC52001498
0ZiMNsLNdvq4KWSPBi71DK,Menanti Sebuah Jawaban,Padi,2005-05-09,57,275226,IDAC52005079
0GI6KBji23F1191IABn0FL,Begitu Indah,Padi,1999-09-02,58,308800,IDAC51999213
2YiMdiqqE2fWIYuwH8Djk3,Mahadewi,Padi,1999-09-02,56,251840,IDAC51999214
6WUqv9T3RPTHHNKw0zVJuM,Sahabat Sejati,Sheila On 7,2000-10-04,60,224906,IDAC52000384
0n0XAmYCMWlzj3W9VdMejw,Happy Together (feat. Ray Toro),Gerard Way,2019-02-08,54,179392,USRE11900098
3KxOYNt66Hj42HzO7ao0CV,Happy Together,Weezer,2019-01-24,51,145640,USAT21900610
1tBZnhDT8xbgJTs43FiqrD,Hazy Shade of Winter (feat. Ray Toro),Gerard Way,2019-01-24,50,197733,USRE11900087
49FYlytm3dAAraYgpoJZux,Umbrella,Rihanna,2008-06-02,82,275986,USUM70736771
7IbMonU3CRITpQ0cRVThsV,In the Heat of the Moment,Noel Gallagher's High Flying Birds,2015-02-27,0,209480,GBDZH1400003
2Xdc6qyaFBJZ8QW1KhpVci,Soul Kitchen,The Doors,1967-01-04,61,213000,USEE19900199
1dQOMZz9SkT7ig0w65lQWC,This Year's Love,David Gray,1998-11-27,1,245533,GBDLY0000008
6Vz2IQv3AYoznh4tjsrRPo,Something On Your Mind,Karen Dalton,1971,0,203333,USDEA0602201
63vL5oxWrlvaJ0ayNaQnbX,Istanbul (Not Constantinople),They Might Be Giants,1990-01-02,66,153813,USEE10181576
0O9YgA646jsfJsORIn2pl5,All Die Young,Smith Westerns,2011-02-18,35,226693,GBCEL1100089
1OzY7RRZh3EcIKn7VKZUTx,Dancing in the Moonlight - 2001 Remix,Toploader,2000,43,233573,GBBBN0102316
0boS4e6uXwp3zAvz1mLxZS,Run Boy Run,Woodkid,2013-01-01,72,213266,FR4DI1200110
6dtB54Z7eICDUOPq3QwXuo,Mary,Big Thief,2017-06-09,0,330106,US2U61725510
0TGKBG5wK1ZGSACf6uso3H,One,Three Dog Night,1993-12-07,43,184933,USMC16949737
2m17BTWlZq0wtS9cpJsCfM,Kill Of The Night,Gin Wigmore,2011,55,205306,AUUM71101239
4Na0siMtWOW9pJoWJ1Ponv,Exit Music (For a Film),Radiohead,1997-05-28,0,267186,GBAYE9701372
78zYiMv9yNTHgmm6kaUPCm,Saturday Night,Bay City Rollers,1993-05-14,46,174400,USAR17500148
4uvjOKsp7mSjrDhWdkLPBY,I Think We're Alone Now,Tiffany,1987-01-01,70,228840,USMC18722580
5drK2kTE2mrUdV33iHWyrx,Mad About You,Hooverphonic,2000,59,223733,BEU010001061
3bkcq1VrFlcoqa04VBs4J8,(Feels Like) Heaven,Fiction Factory,1984,43,214047,FR6V81749598
3EIidirnGCYto1KtcNfttt,Sinnerman,Nina Simone,2015-02-02,0,622000,USPR36500095
1FHNctV68GUNLgXclG2DtR,Dancing in the Moonlight,Toploader,2009-04-22,62,233373,GBBBL9902165
2WEyrMLNDqCWSBIgTUeZPg,Space Cowboy (Classic Radio),Jamiroquai,2013-07-05,27,240306,GBBBL9500001
0bdYJCO9clK9ew61Z7GqMf,パプリカ,Foorin,2018-08-15,0,208346,JPU901802326
6nK94ZVtTm6p6w8cWO7Yye,Some Kind Of Magic,LVTHER,2016-03-30,48,194290,CA6D21600087
1iWHabUgUuuKLBa0TzTHfk,"A Whole New World (End Title) - From ""Aladdin""",ZAYN,2019-05-09,61,242956,USWD11993075
5viFjDGTnrApmUY5c8qkfw,A Whole New World,Mena Massoud,2019-05-22,61,175593,USWD11993111
3pABdSnKToqCesXpfIiPvA,Do-re-mi (Doe A Deer),The Hit Crew,2007-08-15,14,133893,US2Y30758272
7IqgWCJ1QC7Ldif9dy8fds,Do-Re-Mi,Julie Andrews,1964,0,331866,USRC16406215
2UcsTmjCr6bj1oaMaMXG8V,Yamko Rambe Yamko,Martin Mailoa,1994,23,258933,IDA130925108
3M075lBMrfqJmomanxK8aM,Yamko Rambe Yamko,Ten2Five,2014-12-03,3,110158,QZES71815816
1RiLLq0lFjVOjJBYeqTjpW,Yamko Rambe,Artis Cilik Psp,2017-01-01,0,127600,UKFT41809662
0Dx9Ut7HVX3ODyIApBuL2G,Yamko Rambe Yamko,Mellyana Manuhutu,1991-07-01,4,351160,FR10S1436122
5Sy81ngAkOsd5nJBqUToIe,Yamko Rambe Yamko,Tjoek Soeparlan,2002-07-03,10,201533,IDA130918407
1u0THw5xaGd7sYzJEh48Lt,Jenny of Oldstones (Game of Thrones),Florence + The Machine,2019-04-22,54,188638,QMEU31905853
2QsquiKBcjvDUlO6QyvMEs,Nina Cried Power,Hozier,2019-03-01,52,225306,IEACJ1800073
6epvwUINain4iSHCTWA0sj,The Village,Wrabel,2017-07-27,60,230293,USSM11706876
4fgIoBKHzO7YO5eATyYbMl,in your arms,Saib,2018-03-07,45,277839,QM42K1853240
7zHq5ayXLxpJ89392EYm1L,Pixel Galaxy,Snail's House,2017-02-23,47,235624,TCADI1750505
733hyyG8U8kxxebds98nc6,First Date,frad,2018-04-21,55,173143,QZES61945597
2DrrxuNOhnpqJXLH36eR1S,Joan of Arc.,Barnes Blvd.,2018-05-08,40,178260,QZB4J1805657
3NsuucK8qXpIJf7KPZX7vq,i'm closing my eyes,potsu,2017-05-17,1,118302,QM42K1769313
0JhdQlmssZgMtiXUjBFP6C,my heart flutters when i see you,biosphere,2017-08-29,41,130370,CA5KR1568909
3V2PU0Bd7r8PjauFRDZlMv,We're Beautiful,ABSRDST,2015-01-01,34,241711,GBSMU2117516
6kAMaQt8UveeTctekIpUjF,we used to talk every night,Elijah Who,2019-05-10,0,122749,DEQ021902838
2WYk7GcpAsqvW0ngT4I2h0,a simple bunny girl,biosphere,2019-02-25,1,142857,QZDA71918141
6VsPKfhj0KXpspPWSS8M4z,I Secretly Love U,Snail's House,2016-08-26,41,189584,TCADR1898552
086QQrq148XbaGFlRsglTG,Rainforest,Saib,2019-05-20,0,323453,GBKQU1946111
2XiVI1ZMabQc0VIChp9KoV,Golden Ridge - Golden Feather Mix,In Love With a Ghost,2018-01-25,37,293821,QZ6K41800275
4llpWUJEWKHGVZzYv1nYid,Save Me,H E R B,2017-11-11,34,84427,QZB4J1820929
00iwQgjIgoGO94BRBDyClo,The Girl I Haven't Met,Kudasaibeats,2017-12-20,48,195000,QZAPG1741641
38YuwNZvCHCMgju2Z1EbO4,heart of the woods (ending theme),In Love With a Ghost,2019-02-16,30,193734,QM24S1903512
60bHRp4901AmCtPPPsytte,strangers,biosphere,2017-10-22,45,198868,CA5KR1576758
5n16dEoZ1OwdpqOIK13m1X,Faces,Knowmadic,2019-01-07,0,133165,GBLV61819015
4mCwspCTPF1aoWUNxsS5aD,Hot Milk,Snail's House,2016-11-17,51,246583,TCADC1787671
6okflAl3X7elXPx7MgJMi6,I Have Love for Everyone Besides Myself.,Barnes Blvd.,2018-05-08,39,161238,QZB4J1805655
0DvqAXyoA7zRB8wgH0DjRO,Ji-Eun's Sunset,City Girl,2018-07-02,47,168813,QZDA41863103
2QLoxnf8H9MVHdlJt6l3Pe,Coral Dreams,Saib,2019-05-20,0,171428,GBKQU1946110
6mRmaBAb8ysO3pcGDaegL2,Proud of You,A L E X,2018-06-18,43,182869,QZDA41889559
1VFbHdNzYUJr0FsxoayP1N,Grape Soda,Rook1e,2018-01-26,0,103549,QZARB1804428
75B90usIC5NA0J28UcE6qN,Whale Call,Saib,2019-05-20,0,228571,GBKQU1946109
21AUdfi6fLFDp9JuNcHsfS,"Hello, World",Louie Zong,2018-04-02,48,115374,QM4DW1845657
6IsX4N6M7i9OrYc4t70Swv,The Burn Marks on My Epiano Wont Go Away,A L E X,2017-06-26,44,96026,QM2PV1796486
27mDTC0vlah03ezVsuWRfi,feel,eevee,2017-05-01,0,104564,DEQ121746159
3F0mcxksBp33QrL6oyjvLN,Sakura Trees,Saib,2017-03-10,55,99996,FR9W11619759
4toGhOrpjQfweDT9flB5iq,We'll Be Alright (Movie Edit),RADWIMPS,2019-07-19,44,258373,JPV971900040
6o38ztCMVS0CrlfB0RSOjh,Visiting Home,RADWIMPS,2019-07-19,36,222720,JPV971900020
2VIIa0iG8bajQFidR28DxL,Clear Sky and Loss,RADWIMPS,2019-07-19,27,165293,JPV971900033
7j0ETsVJDYFb0ou7UtfYDT,"Hina, Fading Away",RADWIMPS,2019-07-19,36,68053,JPV971900031
5QUjXu3Wwg9tnJIUTCaHj6,Hodaka Escapes / Kid's Plot,RADWIMPS,2019-07-19,21,181600,JPV971900034
590mryqgxAh3xuw8oAUhbP,Sky Clearing Up,RADWIMPS,2019-07-19,41,133573,JPV971900018
4RWzi7WNbW3H1Rr0aE9oPl,First Visit to K&A,RADWIMPS,2019-07-19,28,109586,JPV971900013
0L7TjIdcVQaDlX3nQbMdQC,Voice of Wind (Movie Edit),RADWIMPS,2019-07-19,37,157080,JPV971900016
0vOwCP6e8seF1ueTUAjCwc,The Taste of Kindness,RADWIMPS,2019-07-19,34,48866,JPV971900012
4iRat7YqKIWOwkXwDwoEZc,Is There Still Anything That Love Can Do? (Movie Edit),RADWIMPS,2019-07-19,44,150653,JPV971900037
2cE5PbW9PhPmnyETXqH3VE,Grand Escape (Movie Edit) [feat. Toko Miura],RADWIMPS,2019-07-19,52,188066,JPV971900038
38ZJYeG1w6VnnpSyOMSbzq,Time With Family,RADWIMPS,2019-07-19,37,153333,JPV971900030
1IISJrJingJVC2JItzHG67,Fireworks Festival,RADWIMPS,2019-07-19,42,184960,JPV971900023
73Nyo2ajASwg4WFHnzVKFo,Saving Hina,RADWIMPS,2019-07-19,28,107826,JPV971900017
1c6BHKSFhyeVjDuR0xg6UO,Shrine of Weather,RADWIMPS,2019-07-19,27,160800,JPV971900024
5lqOZoRe95sJrkvjExnr9i,Running With Hina,RADWIMPS,2019-07-19,38,143893,JPV971900036
6Pj24EIjuHP8DjUvsXwxUs,City Crisis,RADWIMPS,2019-07-19,25,97040,JPV971900027
1PZyRhArUH0NcBtUv9UrCD,Rain Again,RADWIMPS,2019-07-19,35,44586,JPV971900039
7J78FykyJm12GchmmrtNxZ,Welcome to Senpikan,RADWIMPS,2019-07-19,26,53746,JPV971900014
2hLxUgqdftsvBsfltgCX0t,Eternity Above Clouds,RADWIMPS,2019-07-19,24,52026,JPV971900032
53I0J03P282PSumZukDHsX,First Part Time Job As Sunshine Girl,RADWIMPS,2019-07-19,36,79786,JPV971900021
2YzzWfp01sVOaU2tFvmNGG,Bike Chasing,RADWIMPS,2019-07-19,21,59173,JPV971900035
2AmRjWxvLxJK3DjCYNruLI,Celebration (Movie Edit) [feat. Toko Miura],RADWIMPS,2019-07-19,42,156160,JPV971900022
2mlFkeGCkKcEYqp7MAdRlm,"Theme of ""Weathering With You""",RADWIMPS,2019-07-19,36,41733,JPV971900011
6RYCcSPaGgRuXCsfCmxR6H,Sea in the Sky,RADWIMPS,2019-07-19,30,59666,JPV971900019
56pvqFKGXPjubh5eY6sOlv,Is There Still Anything That Love Can Do?,RADWIMPS,2019-07-19,53,414466,JPV971900041
1vUEx5DdmiUoiLLN4OPg6q,Snow in Midsummer,RADWIMPS,2019-07-19,24,78906,JPV971900028
3PeIM0podJnpbVAYdQK8kZ,Shiba Ko-En,RADWIMPS,2019-07-19,28,191986,JPV971900025
3oo43tntna6qZUcejI4emb,K&A Welcoming Ceremony,RADWIMPS,2019-07-19,25,63480,JPV971900015
34zkXjMFTETfIW0AxaCcLd,Power of the Weather,RADWIMPS,2019-07-19,24,82680,JPV971900029
7jacmucUpPe6xWITk0Tz3D,Two Confessions,RADWIMPS,2019-07-19,28,96666,JPV971900026
39rTBAxsQGuJkKC3KCMuaT,Iloveyou,A L E X,2018-06-18,37,165668,QZDA41889534
4hnhSZTKf77tZjOBjzL5BM,Both of Us,Idealism,2017-07-31,0,113000,TCADE1714579
1k6WdNgK2EFLIr3opwgCpm,You're the Dream I Never Wanna Wake Up From,sad boy with a laptop,2018-04-29,39,141000,QZB4J1800331
50ZYOlB1HZqYZTzhUhOr3f,The Girl I Have a Crush On,frad,2018-02-23,0,137534,QZES61974604
2RycgtfFQZOPgEGrzBGE0j,Getsomerest/sleepwell,"quickly, quickly",2017-04-16,47,332173,QMPKX1729751
1ugKYT4OfPyp4KFovrk4UL,Resurrections,Lena Raine,2018-01-25,0,578648,QZARB1852742
10d9nSj54HZhbDiIPWZrjh,Alright,Limes,2016-11-20,0,137260,QZ4JJ1626231
3REPd7ROZFT8HcasWpc6tb,please do,mt. fujitive,2018-02-02,0,144307,DEQ121854566
19JzJOMs4wkuKxY8WEOMea,this girl,Elijah Who,2017-09-29,16,122704,DEQ121750843
7MdZQXUBijQxcBkYz4G1Z5,Affection,Jinsang,2016-12-23,0,117495,DEQ121644250
2v7yI88iezgRO9ka5gtUF1,seeing your name makes me happy,Burbank,2017-11-22,48,107697,QZANL1768489
3m3IcXx0tjp9tgkisn60YE,bouquet of balloons,biosphere,2018-06-03,0,183703,QZB4J1896368
1NE3RGTUNgdptVMfKQFoK8,Monday Loop,Tomppabeats,2016-05-06,0,91504,DEQ121639507
0AAZ0rhfw3fjlBh26wxe46,City Street Rhapsody,Ibrahim,2019-06-02,16,273345,QZFYW1912829
5OTanDtGVQnnMwWcn1th0o,breathe slow,Rook1e,2019-06-18,34,139453,QZFYX1945749
7hwLzdS27plWJjV7w9yXmT,Prideful,j^p^n,2016-04-25,0,121263,QZANL1730763
2f8U2ig4DAx6MBn8xleACT,take me there,potsu,2018-07-17,0,190112,QM42K1870178
0Q7bQszd9Lr699WS2Uo9aq,Smile,sophie meiers,2016-11-11,0,143600,QZ4JJ1613413
0CRvxanMIC7bfn7yCadUhH,Sand Castle (feat. Barnes Blvd.),Through & Through,2018-01-10,22,125538,TCADL1810053
1LnvvETuCo3vqt1xC9j7J4,Game over!,Harris Cole,2016-08-02,0,206811,TCACQ1682527
4MzprGIkDIjtpKICmEHAvR,drifting.,frad,2019-03-10,30,142962,QM24S1910096
4PiDlT7pu0BXFkAWfFSoaa,april showers,aqualina,2018-04-27,37,126545,QM42K1862458
6xHlnkbGTtQaPvFJVIweaD,Walking in the Rain to a Café to Write Down Private Thoughts in Public,City Girl,2017-11-02,40,188571,TCADI1719568
1TP1jwwVd3erUk0T2VXI0z,coffee on the beach.,halberd,2017-08-05,45,178559,QM42K1784083
0wZUJxxybEiafs0BIg9SAP,My Time,bo en,2013-09-06,57,313968,QM2PV1531299
4ZwCdSqfhu5dqdsJz8L6id,last time,Idealism,2017-09-26,36,171428,QM42K1772535
4pILlUSO0PQfQuei5MIIjK,ラ・ム・ネ,Snail's House,2016-03-29,40,214681,QM42K1601658
3wkZZCqk1XMOab32bWZbUe,Be Alright,weird inside,2019-07-15,0,120812,GBKQU1963685
7ljI7sHNpt5t940veMe5y4,nvm.,halberd,2017-11-15,30,88182,QM42K1717423
15LqhqSSDfZmIylBdlxxVK,sundown,mt. fujitive,2019-09-03,0,106899,DEQ021906300
7BdazOnsFvAkQGyrp2djJM,long ago.,halberd,2017-08-05,42,126087,QM42K1794514
21NWvfC00qCfHdaMIb7Cqq,Gorge,"quickly, quickly",2017-09-25,35,181532,QM24S1703714
2kNmLJdgeTLPKUkvuSbn5g,Bloom,j^p^n,2015-05-27,0,137406,QZANL1739019
5NJzn6tsVbk3dJ4WKE0nMt,hardly,eery,2017-06-15,0,146493,QM2PV1767564
1xm8J6EFMA6N8JDqH8vzuz,Boy,Instupendo,2018-02-09,0,235770,QZ5D71800001
315nF0bGYJxNcSI6S3Y8aN,Thumbnail,Louie Zong,2018-06-28,35,185290,QZDA51869411
3gV0E3N4uOcoNsbxLkGWkp,"sincerely, yours",Nohidea,2017-02-04,48,139684,QM42K1704514
0A6dTlWYD2magT5bqUyZLM,i'm tired of feeling this way,Elijah Who,2017-10-13,16,148034,DEQ121751472
5B1tm4NuzSbYUTwk0xEz2a,Lost in Florence,Kendall Miles,2017-07-05,0,92270,UST8K1735889
3A2jJaOKYhmKEy9IyyEJF6,lovesick,potsu,2017-05-16,16,150966,QM42K1717650
10hweQwWcUhBcpipYEvCYD,I Fell in Love with You One Night in September,Rook1e,2017-09-07,49,96004,QZ9JZ1724821
0vTJP35J4M1PY9iAA8UmbV,Sao Paulo Sunset,Saib,2019-03-08,0,207401,QZDA81941578
6vt0wCAq9zKzvF5KJ6IDsQ,Letting Go,H E R B,2018-06-17,43,100250,TCADR1806332
70s82y5YSYOsLhlQnZNh1E,wading through the wetlands,santpoort,2018-08-22,0,164583,GBKQU1864613
0UTmP0qULk96AW9cCgJ3PC,the time spent at the window,Burbank,2019-07-22,10,187969,QZFZ21997642
1Jb8fejyUddXtl2JKAEFmQ,What's It Gonna Be?,Shura,2016-07-08,46,214754,GBUM71600980
6cufomJu4w7bQEUGctpDf9,dont say a word,Idealism,2017-11-07,37,144000,QM42K1799528
7nw36OEub8qYSfSGruA1iE,Limited,Kudasaibeats,2019-07-06,0,192096,QZFYW1994026
5Y69oMuGeIxfP4tIcCv6EO,Louie's Lullaby,Harris Cole,2016-11-11,0,171627,UST8K1687147
5Mn3siu0XehRb9kTEPqotX,just friends,potsu,2018-07-17,0,172800,QM42K1809230
2tw0XH9LfAmDf0H5IY8O4I,Springtime,j^p^n,2016-04-25,0,120000,QZANL1730755
4b5WUZHr1Yhajtq5WUFDVQ,nomads of the sea,santpoort,2018-08-22,0,145075,GBKQU1864614
4Bsw7ZNjo0OpmtLoMZPGBn,Still,Harris Cole,2018-05-29,0,192000,QZDA41812572
4l9S9NFztZ0nrMZyakENh2,Unfaithful,H E R B,2017-11-11,27,82207,QZARB1827360
23gcQr3NRKzLXsP9H5jFQ1,my new love,Elijah Who,2017-09-29,0,65790,DEQ121750851
1vlBi0s11E34l51MhZ63f1,3000 Shots,Sleepdealer,2018-05-31,0,139354,QZDA41812836
72r6UHEv3oqxJRU4Z01Uqn,lean back,potsu,2018-07-17,0,129000,QM42K1821354
1SJkTuUNKe4rYQgX8wmqku,i love being with you,Elijah Who,2017-09-29,16,96405,DEQ121750848
0VWZSwUxKvXrFEGcVUL73a,feathertop forests,santpoort,2019-03-13,18,144760,QM24S1910746
6o7phyVV9ywtZ48SUd9BbI,ikigai,Idealism,2017-11-07,44,149610,QM42K1704252
0DqcJRrYRWrMLQXWSD1zj9,Dream Sequence,Kendall Miles,2017-07-14,0,196901,UST8K1762290
5ZembGG7zKzIeSOuTCWPQW,Music for Happiness,Joey Pecoraro,2018-04-06,0,220689,TCADN1824785
3QBmlOti4g3N3krkY9ces4,Motionless,City Girl,2019-01-14,27,205385,QZES91896303
7JgZbix8xDasAhbn3N7eIF,[oops],potsu,2017-05-17,16,142182,QM42K1738773
2uQvqa4rGcqdC0iP4LDGUq,Velvet Garden,City Girl,2018-07-02,37,233197,QZDA41863105
23Ozuv5K6NSgg3bx38aGf0,Midnight.,Jinsang,2016-01-16,0,166307,DEQ121745077
2lL1mdmCo6LsO2JAKoFRw4,Lie,"quickly, quickly",2018-08-03,0,247320,DESY21400759
3NqzS5b75YbP8doCUnLT4V,Spike Spiegel,Saib,2017-08-06,42,216398,QM42K1773874
1I3yXOim3dxHs6icTDK0OP,breakfast,potsu,2017-08-09,0,131041,QM42K1774892
7woCxOw0jmj65ohlQ3x0tH,controlla,Idealism,2017-08-30,21,108000,QM42K1608245
1L6vtkHvjKWBIym93FmSPP,Smooth,Saib,2017-05-11,38,122252,QMPKX1793225
5MzdRLptsrihyrpxtI2hNH,Beginnings,Knowmadic,2018-01-02,0,73777,TCADK1897671
3dQR7lwVcVvRBzrR03ELzd,Zeldas Lullaby,A L E X,2017-06-26,49,179147,QM2PV1796489
0ASYuzPsTBA6ZmIsuvNZby,falling down,Nohidea,2017-08-06,0,96000,QM42K1742835
1RWfVUAZBC62EWlCrzQQGC,Dropped My Cassette Tape in the Bath Tub,A L E X,2018-06-18,32,228072,QZDA41889543
2czm98EWdtLqvyVtp1tmhC,sunrise,mt. fujitive,2017-06-15,0,102256,DEQ121748634
7ImRzgd2qDd2EixsraMR97,early mornings,eevee,2019-02-08,0,126968,DEQ021900568
4v165KMxO08rekmS3laW4f,ilia's dream,Idealism,2017-11-07,31,131586,QM42K1704257
1lgklWvqugdTUNAXrekGaG,Light Year Love,Kendall Miles,2017-09-17,31,116666,QZ9JZ1755754
5kJAk6KD2SH3Dz8K3EfIhc,Blue and Green,Harris Cole,2018-05-29,0,174000,QZDA41812571
5Fcvs2SN18DwMhGaumJ78I,black coffee,Elijah Who,2017-09-29,0,73966,DEQ121750847
1es71gP1Ljrf6KVvqR1T75,Shanghai Nights,Saib,2016-04-22,41,264000,USEAX1602943
7M8JTsapCmde1ixbq4WWUX,Ghosts,A L E X,2018-06-18,42,140265,QZDA41889542
7EnhGSOY5RbeIkFaoxiHZ2,I need to paint my walls,A L E X,2018-12-12,0,163500,GBLV61811344
6XDaxUjnRAw7CVWlIGWi17,morning bump,Elijah Who,2017-09-29,0,78407,DEQ121750846
6WXjgmyJpFklnDQ6k9htCg,Right Now,Through & Through,2017-09-13,27,115800,QZ8LD1776024
6JSNx1XNeA96BwootZVi7f,Memories with Her,Kudasaibeats,2017-12-20,34,90027,QZAPG1741636
1vlzSY7AttAiAvSEe1JbVs,crush on you,Elijah Who,2017-09-29,16,84023,DEQ121750840
1GYRwjEo8rxv5NEu33cFut,UMBRELLA,THREE1989,2018-04-25,29,240414,JPQ631800060
5L1XjBO9gtatuMzhNh3oxz,Rambling Rose,THREE1989,2018-07-19,17,321081,JPT591810249
6xw8nbK6IJe8pBHgBL0raJ,Make It Up,Lights Follow,2017-05-05,15,196575,US3DF1548964
2Uu4WuWNtA9EkYVTrhg0E4,Burn Burn Burn,Lights Follow,2015-12-03,2,193855,US3DF1548987
2FAnL8DgrrCkqPW2CMZSFi,These Days,Kirsten Proffit,2015-07-01,2,252400,US3DF1526916
59V56np6FqWL0LOBv8ULyO,That's the Way I Roll,Kelly Fitzgerald,2015-07-01,1,181777,US3DF1526923
1P4MbN70eHfO5MdZ0ePKH0,Bones,Red September Sun,2015-08-27,0,187360,QM6P41512253
4uIgUK43vvmvmMT8QTHHR1,It's Alright,James Nagel,2016-11-23,0,169921,QZ3XP1601042
5NPaRC4T8muq2nMrpeto2G,Alright,Red September Sun,2016-08-09,0,235479,QZ3XP1601083
7K4WgU8r4e28dEddaswysm,Livin It Up,"Joseph Powell, Jerome Spence & Donald Sales",2015-12-03,1,215742,US3DF1548976
6ySG9DPXlLSjYTSGZFiPMU,Drivin',Jeff Lewis,2015-12-03,14,208970,US3DF1548981
1sbhWEajPRiSnJi75iXxq4,Live Your Beautiful Life,Lights Follow,2017-05-05,52,194475,US3DF1715270
1IreZgR8sxhAexvgKbl8By,"Frozen (As Featured in ""Terrace House"" TV Show)",Jerome Spence,2018-08-17,17,222826,US6EJ1400633
6d2fMEUbVqZKfz5eNClUtN,Slow Down,Lights Follow,2017-05-05,36,205184,US3DF1548978
24zb7sHGWAi8i95V84Pz8q,End of Time,eleventyseven,2009-06-30,6,274426,QMU9D1700020
6yyG8DfiVfzaDBjoM50x22,UNIVERSE,THREE1989,2017-08-23,15,253826,JPS809919344
2nZX8Xv8K6XYXGFLjO2tox,Lessons,Second Best,2015,8,180938,GBSMU4103631
4hzSJh3ovtuhbvvjT8Utuf,Clarity,Second Best,2015,8,221506,GBSMU4103633
1qIu9kcY9ptFl78FTy1RNZ,Shake My Body,Michelle Delamor,2014-12-30,0,209756,QM6MZ1481104
6aoeTl6NQlWvibPjfHvdi8,Trying,eleventyseven,2009-06-30,23,174920,QMU9D1700014
1jTRU02nXNjPylQrWGNH4x,Heart On My Sleeve,Last One Done,2012-01-18,1,205240,QMSBV1100007
5QNwXHoOxh9pt39pCUAF3S,Attention - Instrumental Extended Club Mix,Rocket Man,2017-11-10,3,266263,DEVU51702913
3zZaesxHvlj8FfcfZFAe60,"Draw Blood, Break Skin",Matt Heath,2016-11-23,0,216888,QZ3XP1601043
46gIxOtfyBuZUtm6IB1pfX,Promise to Myself,Matt Heath,2016-11-23,0,195428,QZ3XP1601045
1wJJt7yIAW7jRudTKteE6Y,High Times,THREE1989,2017-08-23,21,226746,JPS809919343
7ixoxIyWpEzxEFEnd8lrYS,Paper Hearts,"Meldez,Johnie B. Phillips",2015-12-03,2,202762,US3DF1548982
1oqDeBEvd68AJWosaiLtv0,Words You Say,Bessie Turner,2018-04-20,0,182403,UKJZ31700003
5jdwsOK5fXS3cWAuVccy0z,If This Is What Love Is,Lights Follow,2017-02-14,0,189397,QM4TW1779757
2O3SOGnu2WjmnsfaZvpcJx,Make It Up,Lights Follow,2015-12-03,3,196575,US3DF1548964
4ryFXZBk5ncPNz4oLIWhJ5,Made Of Love,Afternoon Diesel,2017-10-13,15,182678,US8DZ1700078
0drKVAopUJfw9LhEWNjC7K,Rise,Veracity,2016-03-20,4,175945,TCACM1647920
0vLA3kBrG60Sv7Gwg9FJ32,Fluorescent Triangle,Go Exploring,2013-07-19,1,266250,BGA261393406
6HguG9HRb1Ke1bhihfE4m8,Sincerity Is Scary,The 1975,2018-11-30,59,225955,GBK3W1800834
34w47cwVjLz3JIJS3rfKga,You Who's Guiding Me,Lossy,2016-10-14,0,194365,AUUGC1500348
0IC8fuGqJ3V52RY9NNTsnJ,Sound of Door,TERRACE HOUSE,2018-01-22,0,5000,
4j1CYpZbbN26VKTby9nnet,Graves,CHVRCHES,2018-05-25,27,283745,GBZN81800011
4SVPwqFeACXp6NIfJI4g1w,I'm a Fool for You,High Learys,2015-04-03,0,163888,DEEG31500049
7a5pJ5qcain4Y3jn4rcV9o,Yellow Road,FAITH,2019-04-10,0,229266,JPVP01901502
6s3NAKInkmBr9odaLMOqL3,Sweet and Sour,Nulbarich,2019-01-16,16,218600,JPVI01822071
7dlbvTlzwm98MfFDJR2bI0,deadheads.,The Montreals,2017-07-21,0,214769,AUUGC1700554
11bD1JtSjlIgKgZG2134DZ,Chasing Cars,Snow Patrol,2006-01-01,3,267933,GBUM70600345
0U4So41hybFeEx6TFPGO0A,Bleeding Butterflies,PEER,2017-04-07,6,187243,NLH211700008
6gSNEJjZm0DrGRRypBm24k,Now or Never Now,Metric,2018-09-21,0,379731,CARB71819404
4VqQex36c7dyQHakMDwfS6,Ederlezi - Radio Edit,Anca Pop,2017-07-13,4,181172,ROROT1717101
0TLXXdaaPirtM4K9DNkLnD,Burnout,miloviti,2017-10-27,0,199192,AUUGC1700594
5AM3au0izx2kvNfPRlAYrm,Time Of Our Lives,Manse,2017-01-27,20,180480,NLF711700125
1UNmnFiW0nB7USvaoRFTyW,Wall,HIDDN,2018-03-23,5,168269,NLF711802156
7vAye182ZVohBZsu0N8kBn,The Warmup,Set Sail,2011-04-26,1,257767,TCAAX1163959
2bYvBZziiKqqEjhZqzjMrN,If You Love Me,ASHA,2017-02-03,2,253875,AUICJ1600002
3tk9oqUwfEkGJRqOhORQ0i,DT pt.2,Kan Sano,2018-12-05,18,183900,JPZ921814024
4xTrdixelT8pwynGPzpHvp,Indigo Club,The Montreals,2016-12-02,7,202113,AUUGC1500372
1aJW85n8fbyRebEOMKe8pU,New Love - Radio Edit,Catz 'n Dogz,2019-01-25,0,215433,PLE071910006
0Ryd3KNRr2mh1qkwg0ExJ6,Out Of Your Hands,Niterunner,2017-01-13,0,228571,AUUGC1500414
5NJRDVvHnWc9elSEn4Bgac,Stone,Lander,2016-08-24,24,168019,NLF711605363
6lwHkGUxviXiUsusQzha01,To Paradise - Edit,Palms Trax,2019-03-18,23,206841,NLTH61900026
0WO0P6SUT6CcSje8LtjHYp,Summer Gate,CHIAKI SATO,2018-07-25,23,311666,JPPO01802629
6Apozxrk03AIyQwyswUjbt,Church,Alison Wonderland,2018-04-06,43,183912,AUUM71700693
3TgMcrV32NUKjEG2ujn9eh,It's Not Living (If It's Not With You),The 1975,2018-11-30,70,248335,GBK3W1800838
5AKwRbumO0EY5VjMfJ5Y6k,Need U - Original Mix,CALVO,2015-08-24,7,276519,NLF711504931
6IChfvn5Gb5urYSZb4QAVK,Enchantment Under The Sea,The Marlenes,2016-07-01,0,112515,AUUGC1500280
6pbQG8JY31MwsmWlJE19SS,Montage,Bares,2018-05-18,0,243000,AUUGC1700658
0EyxPl0se0yezmRAOyvXXM,Her Love Stops Atom Bombs,Sonic Graffiti,2017-05-09,2,143000,QMPKX1789604
5s26mXmXdriXuobYmhXG1J,Fallin',Jerome Phoenix,2019-03-01,37,260781,NLSB71900023
1Lupu2ezeiMH96BTPDDnVL,Air,Joshua S,2006,0,261485,UKFT41816629
2XQpHOYHNliw3ykRgTlGqn,Air,Joshua S,2007,0,243565,UKFT41816608
3S2YC17ITlwficGzLPMRXB,mint vacation,THREE1989,2018-07-19,31,267378,JPT591810248
3oEYT3sty2KeJL0geWPRTu,Rambling Rose,THREE1989,2019-02-13,26,320328,JPS801838724
4Ae5xBX6ESY0Jo3T7fo1KB,Part Time Summer,THREE1989,2019-07-24,18,274000,JPR501926517
65COLU0OA01KqtddOwfJ2x,Fresh Kiss,THREE1989,2019-02-13,4,241237,JPS801838716
1XsF9zLsEkTj7OuSx57wU8,Don’t miss it,THREE1989,2017-08-23,14,213760,JPS809919342
2HMC5T65XI61EPGm1Ay1PH,Pajama Disco,THREE1989,2019-10-02,7,214918,JPR501928750
3m3UJMLtyrQSzr5uZnzwcZ,DA・KE・DO,THREE1989,2019-02-13,6,277231,JPS801838718
1iRtdhQGFBWxOdpKpUWFH3,Rambling Rose,THREE1989,2019-02-13,1,320328,JPS801838724
2W12VIuXFF4Ir4NiHL1lLP,Password,THREE1989,2018-04-25,12,276252,JPQ631800062
0wIxm4uYoMDt4WcAdc25gv,Jungle Love,THREE1989,2018-04-25,14,251985,JPQ631800063
59QbYMUWvAof0Kv0Q6432w,Rum Coke,THREE1989,2018-04-25,11,238260,JPQ631800061
3Tulw42FO6mEYVmCv91rpx,APOLLO,THREE1989,2018-04-25,11,270922,JPQ631800064
2bKDMgNrREfvLcWzMDjAP9,UNIVERSE - Kan Sano Remix,THREE1989,2018-04-25,9,270521,JPQ631800065
02FtY4eQXMgxKyTP28l5xy,UNIVERSE,THREE1989,2017-02-25,2,249504,TCJPF1723902
5Job8fi1k2ELzyTTU28pOK,Ticket to Ride,THREE1989,2016-12-03,1,241951,TCJPE1687401
0TpMHPjl6IoiNJEEOlqDoG,High Times,THREE1989,2016-10-22,3,222516,TCJPE1666922
1F48upkVmB8Cm5Zym0LQsS,遊覧飛行,THREE1989,2019-08-14,8,161880,JPR501927202
495A1lPUJt9QWFSjknac7q,Butet,Tjoek Soeparlan,2002-07-03,1,292626,IDA130918404
2siFcQ3JRc1Vh46jvhTwCA,Take A Sip - JDR Remix,Naeleck,2019-03-15,13,208000,GBKQU1916932
2uyjjx07ooNuHUlBYbb6rL,F.U.U.,Dream Wife,2018-01-26,0,230435,GBJET1700028
5o5FcepPvGoP4UulEapYiQ,Kids,Dream Wife,2018-01-26,0,239680,GBJET1700024
0H9jOqgG6yafIJsx7RcrZd,Sweller,Fukkk Offf,2019-07-12,25,353273,GBKQU1968524
4UXSYJDEgOlMX3MXVkaiyH,It's Only Life,The Shins,2012-03-16,43,241613,USSM11106856
55ogx4C3oppyxbAPJuBVmO,Code Breaker (Smile),Carousel Kings,2019-03-15,0,207826,USVIC1976404
0JeNWvckrkYpR8cY5A4Phs,Saw Lightning,Beck,2019-04-15,33,241451,US3841700059
24mXJkIqQ5oUaMpJnCiZan,Boy Bye,Bergmann,2018-10-24,2,209361,FR7ED1800140
1kgw52pWfmHsXP0eAmduLg,All The Pretty Girls,Vera Blue,2018-10-26,40,202628,AUUM71801059
5XbU4rE41GqQ7hYnhsfJTn,Crazy,Taichi Mukai,2018-08-29,0,190996,JPTF01814701
0PV6IYqZ1yXxaON7kxGsm4,Landslide,Beirut,2019-02-01,0,210646,GBAFL1800198
7hTw1g7xl2rN3jc2gjfnBp,I Like It,Taichi Mukai,2019-05-29,0,211061,JPTF01905004
6s3Sz0gcW74Q0MPm1FVfKr,Better as One,The Heavy,2019-05-17,0,176133,GB5KW1900004
5otxox0417Duw74KwxmyvK,Keep on Lovin' You,tofubeats,2019-05-24,16,253000,JPWP01900534
7GMVkZguYiqjHqVVLpBUUK,きっとね!,中村佳穂,2018-10-24,0,246224,JPJ901811830
1SAMHGaDJMgNnVWpTUA2Xy,Back On It,ALTA,2019-06-26,0,240609,AULI01924880
3f5OP7L3W15BSi1Cg6Dpo5,Catamaran,Bit Pythagoras,2016-02-09,16,207462,NLF711600291
4DFyyTU3cGSHHTex1xr0Sf,Summer Is Our Ecstasy,Axero,2017-09-08,30,223366,NLQ8X1700012
6XcfKZvJio9Z0fQy11GnNX,broken,lovelytheband,2018-08-03,65,204878,US3DF1712109
2Joazmhlpbfp08OnQea5OU,The night school,ODD Foot Works,2017-03-12,5,246000,TCJPF1732390
2aLyqA8WD8TxoLaKBYgdOu,Lovin' You,CHIAKI SATO,2019-04-04,12,229146,JPPO01900841
3ewjJIK0pvLc9k7nOpanqJ,サーカスナイト,Tavito Nanao,2012-08-08,0,379066,JPJ901207830
3DihnztCqD8wDrAfSVoLzr,Go,Underground System,2018-05-29,0,282933,USA2P1831359
0YtEEp66vm9Ae7TXhVnat9,Summer Situation,STUTS,2017-11-10,0,290218,JPJ901712280
6kxVzbsyvnckVOIzrXrXMR,Silhouettes,American Football,2019-03-22,0,441505,US3R41937401
6bIxDsHz4NNrGmDOdyxxtL,Take Some Time,Crvvcks,2019-03-22,7,276118,GBMA21943737
1ms6Gef21SBjidCSPbQWuH,Kiss the Screen,Nite Jewel,2016-04-25,0,210200,USA2B1600469
3WLkTEm2RynBwnci2AU5sh,Golden Sky,The Holidays,2010-04-23,0,242973,AULI01071520
2KM9wehCwcM1GDVE0qxNGQ,"Safe, Now",Harris Cole,2018-05-29,0,256000,QZDA41812570
0sFwZqyIjDWckiS7FLxAjL,When I See You,Kudasaibeats,2018-03-23,39,210000,QM4DW1808991
7FdXEBUH2nhoRlAhppLtZz,how many stars are there,Idealism,2017-08-30,0,140911,QM42K1608250
7xCYaDqhAOs5TfeDvY9Dqn,"Now, I See",Barnes Blvd.,2018-05-08,35,163533,QZB4J1805659
4k2oxzFZmfw1KXQAwSGiJe,Birds,Harris Cole,2019-03-20,0,260000,GBKQU1916722
7CCkeTnElxf19T7XRQ5zXh,Pine Leaves.,Jinsang,2016-01-16,0,90158,DEQ121745061
7a9MLoBYRxpi73bq4p4ZjC,Dinosaur,Joey Pecoraro,2019-03-20,0,210285,QZ4JJ1997049
0ONn7t8x49V3tOR5ZcIrpf,Your Favorite Place,Joey Pecoraro,2017-12-11,0,221536,GBLV61724104
1ao4STl5RyQfbbmFqZexed,"I Walked Her Home, for the First Time",killedmyself,2018-10-26,27,219333,QM24S1833253
6YyWU1csg2mZdpgEgTR60u,ふたりごと feat.春茶,kobasolo,2019-02-20,0,250240,JPVP01900201
0W4XWjH9J1ggUVcuxs0Qdc,Melancholy of the New World,kobasolo,2019-03-26,15,231816,TCJPI1966880
2Q3pOWudJRxNk37OKitkCD,I want to see you,kobasolo,2019-03-26,19,275214,TCJPI1966881
40JGbZciQrn9SyUFwvH9SG,Words search,kobasolo,2019-03-26,19,259529,TCJPI1966890
36VoVeLLFDFp6id0v8T2Fy,Please do not be happy,kobasolo,2019-03-26,25,236541,TCJPI1966879
74dcjGICb3abZiaLvjHGoR,HANABI feat.春茶,kobasolo,2019-02-20,0,334053,JPVP01900209
2X4ZjXJZISfPIcpaUAfoll,secret base ～君がくれたもの～ feat.えみい (テーマパークガール),kobasolo,2019-02-20,0,348000,JPVP01900212
5sGUVswmhbwEmKxNzhzyRE,チェリー feat.佐々木萌 (エドガー・サリヴァン),kobasolo,2019-02-20,0,262320,JPVP01900204
0o7ArBihcyH8nv4Bhfb2uM,Haru ni yuraredo kimi omou,kobasolo,2019-03-26,42,253480,TCJPI1966886
23U1h89FKazJEQE6fLgr7o,Love letter,kobasolo,2019-03-26,31,278209,TCJPI1966888
75JD7Vfjh9TxLxsw51bjJ7,Outro,kobasolo,2019-03-26,8,77972,TCJPI1966891
16FgjLvtKWzDpZxuh4wY9w,小さな恋のうた feat.七穂,kobasolo,2019-02-20,0,283893,JPVP01900202
6mHSCQ8OvdQ5MnuTNGsnOu,Intro,Barnes Blvd.,2018-05-08,38,85344,QZB4J1805652
1IeMXbBRCRAeBITfmsLIQw,drift..,Nohidea,2018-08-18,0,89156,US25X1801288
4qo1hL1VUCnla3ARSVTuPS,"Alone, Together",Jinsang,2016-12-23,0,131139,DEQ121644255
2H1G5ubtYJiPGbUJG5ve13,Reminisce.,Jinsang,2016-01-16,0,79216,DEQ121745063
2pxftVTI1ACfpvcryvebxd,Every Day,bo en,2013-09-06,55,152250,QM2PV1531295
5b1G67cObV1OkFEhWjCoOG,Street Fighter,rei brown,2017-08-31,0,180000,QZ8LD1781083
4pkFvX3AkuiSGPkv8gMlks,Save Me,Remy Zero,2001-09-18,59,239133,USEE10100804
5VymRdq9cZOSvs0TscdLT1,Belong,Remy Zero,2001-09-18,24,230640,USEE10100809
1pdRvFje2T0pHxxOXRXYFE,winter bokeh,Idealism,2017-11-07,33,127198,QM42K1614352
2y7SJlGF0JiEXFOxCiIubv,Yyy,A L E X,2018-06-18,28,208740,QZDA41889548
0MRQBPQMRKbvuPO4bOgW7g,another perspective,Idealism,2017-11-07,24,166504,QM42K1612580
3U19GVybWYwG0wMXzrgL2h,Bebop,[bsd.u],2016-12-02,0,100562,DEQ121643979
5TkbqmEphrqOGzXGX6gL9Q,Blue and Green,Harris Cole,2018-05-29,0,174000,QZDA41812571
0sHFw13WH3LtSB3yP8UMYJ,Falling for U,Peachy!,2017-08-14,0,124000,ushm81705333
0VhE5PCtSiJzk7v4a8qZj8,we'll stay inside when it rains,Rook1e,2019-11-20,32,130585,QZHN91965264
7eZb1znu03MDtTFS4bSwGR,tsuyu,Idealism,2017-08-30,0,90352,QM42K1608244
2sY3G4aKoGuB1qXpVjsbZw,monster gambling in tokyo,Idealism,2017-08-30,16,76807,QM42K1608246
28pUgp8Cifsnwrv5Mvltyz,nagashi,Idealism,2017-08-30,0,109948,QM42K1608248
2uQZbmGSpl2WOBozKt30ci,cuicui,In Love With a Ghost,2019-12-03,1,123950,SEYOK1957464
5jiN099hC6iAvnSre9XINH,a moment of silence,Idealism,2017-11-07,23,131300,QM42K1610708
3tMhXm8mJ3jXcAiEspHbwf,$orries,Peachy!,2018-04-10,0,214857,uscgj1877720
1GK8IGST7h1RoDYl2x8981,Snowfall,Idealism,2016-12-19,0,176500,TCACU1638204
0Ys4J7iim6STsGeLmFLWIo,Smile,Nohidea,2016-11-11,17,144040,QZ4JJ1613413
0MLqAD0FVivFq37NpnOQTo,I Wasnt Allowed to Watch Whose Line as a Kid but I Think Its Pretty Good Now,A L E X,2017-06-26,34,150909,QM2PV1796487
6Tb7wHAALwiiX4kLtDHezp,phosphenes,Idealism,2017-11-07,38,172551,QM42K1702264
2JErckA5eFroTqlPJLUx0D,And Then I Woke Up,Idealism,2019-06-02,32,314722,QZFYW1976576
1yrZp8B0mLT18RuZccaDBJ,Perspective,Barnes Blvd.,2018-08-08,0,100250,GBKQU1871797
5A1fw3ySxSNZJAfdSMlnlo,Dream of Her,Kudasaibeats,2018-09-21,41,204800,QMPKX1830148
0hSfxmfOaCAb2g1hvAIYXo,Park Ave Beach,Harris Cole,2018-05-29,0,205263,QZDA41812569
3BKp3p9HF9nMP4CcSsOBAf,Picture Frames,rei brown,2014-02-28,0,272500,UST8K1683973
6ZTvC63QxjNyt2lkNK0ceu,Eden,Rook1e,2017-09-07,29,75572,QZ9JZ1724826
0Sual1ICmnvv1bZ8IEZsS5,Bliss,Jinsang,2016-12-23,15,89437,DEQ121644238
0SqCqfEs8odbI8gIBUIWwe,belas,eevee,2017-05-01,0,181638,DEQ121746152
6zsYIqU3NpIfGJjfFX21EB,where you want to go?,eevee,2019-10-28,0,125503,DEQ021910163
2RNL9YckSeS19fZZfn9Ecr,waon to ame,Idealism,2017-08-30,0,109913,QM42K1608249
6HewWOJhSUEMAHpNZ5CH6e,Amsterdam,Peachy!,2017-10-07,36,105230,ushm91711850
1FM8dkOMX8I7H4wjsoI6Ef,drift..,Nohidea,2018-08-18,0,89156,US25X1801288
23DbzwNJSLo7nkSWjODMvY,紅蓮華,LiSA,2019-07-03,0,238586,JPU901900905
19Qu5BOV1Y8nDrzgYavYdB,"Gurenge (From ""Demon Slayer: Kimetsu no Yaiba"")",Akano,2019-05-10,0,89783,QZGWW1904526
0GLyqTysS0DFoeKjURtB8s,unravel,TK from Ling tosite sigure,2014-08-27,0,238360,JPU901400608
4izuglBWikzl1e00ynSMOe,Flamingo,Kenshi Yonezu,2018-10-31,0,195293,JPU901803148
6auvpJaVDpfgtYnpNwqF2x,another.wun,potsu,2017-05-30,0,105789,QM42K1748056
4kFkWxHJgzcNumjUMfE5J7,sundown,mt. fujitive,2019-10-15,0,112000,DEQ021906300
7vJfDxu8HB8vLCiDDK8qLr,Alone Together,Rook1e,2017-09-07,33,108975,QZ9JZ1724822
7y3uqmsAIB03D3gK3IR9It,Sunflower,Zach Farache,2017-10-19,30,122627,QZ9Y21755922
7wa1cHqTRdjXZuqo4iigj1,LOSER,Kenshi Yonezu,2017-11-01,0,243813,JPU901602597
0GtSbIUxOgrIcQSp10fuhx,Ref:rain,Aimer,2019-04-09,0,289986,JPU901704133
3wJHCry960drNlAUGrJLmz,ただ君に晴れ,ヨルシカ,2018-05-09,75,198971,JPA651804024
04LCCxG3pbOYeENiyUc7Xb,Black Rover,VK Blanka,2018-04-18,55,208299,JPB601800791
3PBKWXHVIcHtN64Oshbl7a,unlasting,LiSA,2019-10-21,0,295219,JPU901902352
3tAxWrO2jVGL6n8i5X8A7g,Cage <NTv>,SawanoHiroyuki[nZk]:Tielle,2018-11-28,0,279360,JPU901803384
6woHdm2NKm0RHbuO7qt4ww,君がくれた夏,Leo Ieiri,2016-07-06,57,258680,JPVI01524330
59pUIlXjQupbiYwt40uUTi,なんでもないや - movie ver.,Mone Kamishiraishi,2016-10-05,43,349920,JPPC01601811
35KlorpQ6LQVVslvlcu1gN,Lemon,Kenshi Yonezu,2018-03-14,0,256105,JPU901800227
6BV77pE4JyUQUtaqnXeKa5,藍二乗,ヨルシカ,2019-04-10,64,245903,JPA651804340
7hgj4NmRzb35QAhbSfiWtR,Philosophy of adversity,kobasolo,2019-10-18,18,259018,TCJPJ1980732
2MMVw3XbLBGA3s4BV1Yjep,さよならごっこ,amazarashi,2019-02-13,0,270880,JPU901804335
33w7LgNJIuhs5dhSYZ0do1,Departures 〜あなたにおくるアイの歌〜,EGOIST,2011,0,255013,JPE301103161
6ohODANPzvTMo4E7kxXulg,Paper Flower,Kenshi Yonezu,2018-03-14,0,275400,JPU901800569
4jpZOzMQR0h0w3mH2kaxZQ,REMEMBER,SawanoHiroyuki[nZk],2019-03-06,0,309000,JPU901900254
4hJ0xbo5ErSsZgrccu7h2v,asphyxia (piano ver.),Cö shu Nie,2018-10-24,0,285160,JPU901803194
2BKnDjJA2uystZA6TciFVE,飛行,ヨルシカ,2017-06-28,40,90645,JPA651703792
1NmksRNnKu84kZNFbwuZ5Y,白熊,VK Blanka,2019-12-04,16,222973,JPB601903729
2YeriaNlxESIJY1WaKGcc9,月曜日,amazarashi,2018-03-16,0,367785,JPU901800705
36fUSJkYdEZ6i2BKZ2jvt9,砂の惑星 ( + 初音ミク ),Kenshi Yonezu,2017-11-01,0,240026,JPU901702916
376H9fw1l6spwIfiNSDBmJ,STYX HELIX,MYTH & ROID,2017-04-26,0,289573,JPD731600476
71DjRXqiEUcTC1vCToaHem,Prologue,美波,2019-01-30,2,330666,JPVI01817061
1B27fLvkTmGc84PS51XUVK,流星,Eir Aoi,2018-06-13,0,253413,JPU901801083
5NwuV3btjvU4uE3Per5YML,エウテルペ (from BEST AL“ALTER EGO”),EGOIST,2017-12-27,0,226106,JPU901703783
64WsT14hhzXwbTEY1PntsU,虹の彼方に,ReoNa,2019-02-06,0,293746,JPU901804355
4jDccsT5E7pn4Z71fMPlNH,変わらないもの feat.こぴ,kobasolo,2019-02-20,0,286480,JPVP01900208
41YivtJd2tb1jb7IejdQYn,WALK - movie ver.,VK Blanka,2018-08-08,37,224280,JPB601802231
1HyKEziXzDtvnlg3dTLos2,Torches,Aimer,2019-08-14,0,292533,JPU901901784
6wZcefZGc6vrd3zLCQoOYe,空に歌えば,amazarashi,2017-12-13,0,217626,JPU901702503
4HHboK1nN2moxSvQE6Rg3J,海の幽霊,Kenshi Yonezu,2019-06-03,39,234184,JPU901901328
1iHjCDQAg2aRDdUnUAhrJc,僕が一番欲しかったもの feat.若菜,kobasolo,2019-05-28,0,258953,JPVP01903902
5BwRJbuPNXwewCiUfnvDEi,めざせポケモンマスター,kobasolo,2018-08-27,22,254893,JPPO01803471
153lRbNmhQZVi69kbhmjY8,ヒッチコック,ヨルシカ,2018-05-09,66,222813,JPA651804021
13Qmlgk3d0P9E81Vjf0MJq,PERSON.,Cö shu Nie,2018-06-06,0,235466,JPU901801200
1eFkjqd632ACEpl0X6j3eK,YOKOHAMA Blues,SEKAI NO OWARI,2019-02-27,0,292514,JPTF01900401
7lRCvofuqk5YZinCcxiYXK,雨とカプチーノ,ヨルシカ,2019-08-02,50,272293,JPPO01902974
3zQGFO31x6LEuRpCPNjBGQ,だから、ひとりじゃない,Little Glee Monster,2018-01-17,43,231400,JPU901701379
1GZY2zPfj25friVacbY3f1,Tough & Alone,MYTH & ROID,2017-04-26,0,237160,JPD731700102
6z1TvLTR0oOsWSJfDrERmj,言って。,ヨルシカ,2017-06-28,67,242182,JPA651703790
2PwOOgg8PavBNIWsPLIkr3,まっしろ,VK Blanka,2018-11-21,37,237200,JPB601803446
1gUAX2ImxDsB3YDcyxMXlB,カワキヲアメク,美波,2019-01-30,15,251933,JPVI01817011
1FAq98nRubbF3H245G0UU9,ひび割れた世界,majiko,2019-06-19,35,322933,JPPO01802351
57GHiA9aGtkG13WAS2v9Tz,Libur Telah Tiba,Tasya Kamila,2005-06-24,33,177853,IDAC52000303
1Yqn7WFPxB5FoKmFJfNCV4,Jagoan,Sherina Munaf,2000-12-12,38,126693,IDA170029002
1vT1rKlEzvT9r0uYwAuwC8,Manusia Kuat,Tulus,2016-08-03,67,184600,FR59R1636566
2iE1BEmjrSYPNlX9KIZm53,Lihatlah Lebih Dekat,Sherina Munaf,2000-12-12,42,288506,IDA170029001
1Ot8HupWWxuI1nQlkMjj3V,Petualangan Sherina - Theme Song,Sherina Munaf,2000-12-12,32,313693,IDA170029007
6Gf7kqnPPeckAGqjtrHxOq,Anak Mami,Sherina Munaf,2000-12-12,29,234960,IDA170029004
3wd1VV5lk8SxJjYLJ6egIc,Bintang-Bintang,Sherina Munaf,2000-12-12,32,190986,IDA170029003
2JqgHtgVY63W9r5dkbxEXD,The Places We Used to Walk,Rook1e,2019-12-08,0,135807,TCAEN1970709
3gQSWGaCoaxONqXitmn7GX,Air,Blvk,2017-09-24,36,77844,QZ9JZ1774958
7zXWaCJa0THIqVnRRCn0sB,lullabies,mt. fujitive,2017-06-15,0,105640,DEQ121748640
3CFS6vCzVVsWL5veYusCe7,Egyptian Pools,Jinsang,2015-04-23,0,130677,DEQ121745085
2tZpMhFiG1QccEgpg7QtVJ,illusions,Idealism,2018-10-03,0,168888,GBKQU1886846
6o9XlNBrB90h21gxnfN9tF,Hooplah,Limes,2016-11-20,0,177920,QZ4JJ1626229
3UmBgQiJhbNMmyPVceuH4d,JEKYLL & HIDE,Bishop Briggs,2019-11-08,45,196333,USUG11902345
6AommB1BJ917Cakro78goU,TATTOOED ON MY HEART,Bishop Briggs,2019-11-08,35,201333,USUG11902337
1CYdm33W4P71qdXWAZdrre,SOMEONE ELSE,Bishop Briggs,2019-11-08,35,211426,USUG11902344
14oFxKTXuTpYgKe2vy0Cih,CHAMPION,Bishop Briggs,2019-11-08,51,173120,USUG11902335
4Igc8wKf3ak0h3ote47njd,HOLY WATER,Bishop Briggs,2019-08-14,29,188000,USUG11902339
4xGoUBwbPk9IEIIDvJfGGg,CHAMPION - Live At Vevo,Bishop Briggs,2019-09-20,9,157626,USUG11903404
70nkht4OlAIU9DSauVOwdW,MY SHINE,Bishop Briggs,2019-11-08,28,192933,USUG11903511
26wkySyoQtiEhMRct3xGHJ,I TRIED - DEMO,Bishop Briggs,2019-11-08,27,158280,USUG11903513
4DG4QKAPYM2l68MfWtUE8R,WILD,Bishop Briggs,2019-11-08,33,144013,USUG11903510
1GGxW9kSgEtr7QgjCpP1U5,LONELY,Bishop Briggs,2019-11-08,29,180640,USUG11903509
0695vvxXnvSgiU8Ha2Niin,CHAMPION (feat. Tom Morello),Bishop Briggs,2019-10-18,21,145946,USUG11902341
523pYGpRS01IajesrQzDKO,CHAMPION - Grouplove Remix,Bishop Briggs,2019-09-27,7,167130,USUG11903407
31HhWxGhWEZAC5a2cQzgNV,CHAMPION - Teddy Rose Remix,Bishop Briggs,2019-09-27,10,181946,USUG11903304
21oOoCKuary1nEzN5OC9TY,TATTOOED ON MY HEART - Live At Vevo,Bishop Briggs,2019-09-20,8,219760,USUG11903406
1E24xE1DtnNEGQrazqVipJ,CHAMPION - Houses Remix,Bishop Briggs,2019-09-27,9,179911,USUG11903405
3z3QKouio76OV0VVtwAXdy,Hydrangea,Knowmadic,2018-07-03,0,168888,TCADS1840190
23atyJacJVHvB9RHBNhr35,小さな恋のうた,MONGOL800,2001-09-16,65,222640,JPB590501014
4aT6vP9y2eDjxmRGm5ZqSC,Location Unknown ◐ (feat. BEKA) - Brooklyn Session,HONNE,2019-01-18,38,328050,GBAHS1900132
2XU0oxnq2qxCpomAAuJY8K,Dance Monkey,Tones And I,2019-10-17,73,209438,QZES71982312
4jAIqgrPjKLTY9Gbez25Qb,Lights Up,Harry Styles,2019-12-13,68,172213,USSM11910404
2kAIpGWnlFLQh48iut6Zzq,Free Spirit,Khalid,2019-04-05,54,182080,USRC11900440
2ufmtcIFdFpuUYBPXK5f67,Graveyard,Halsey,2020-01-17,63,181805,USUM71917563
6RRNNciQGZEXnqk8SQ9yv5,You Need To Calm Down,Taylor Swift,2019-08-23,78,171360,USUG11901470
7uttm8Iurm5uK67Vr9G2Sp,Almost (Sweet Music),Hozier,2019-03-01,69,217480,IEACJ1800127
5RSyihSxxGhfQqFWUB5sbj,Bolo Bolo,Tina Toon,2006,0,264359,UKFT41816661
50n5uq7t63oqpiL7ySBqHc,Dubi Dubi Dam,Frank und seine Freunde,2015-07-17,31,205706,DEC711508426
4kPvtjHIaWHCdvVxBYpvij,HERO,Taichi Mukai,2018-06-27,0,217153,JPTF01810303
7dwb4IxCI7Gmqlzplh576t,Waiting,Caezar,2018-08-03,5,238373,QZDA61859681
6aSY9emnUwHnrDxyIkAKNs,Orange Peeling,Girls’ Night Out,2017-03-10,2,222489,DKRU41700101
7IKGO3n7OEnPUWTbwHE9oo,GO GO,Matt and Kim,2019-10-04,24,143360,US4HB1900107
5BoypDZVnVsKhishpCR4Ku,Strong Enough,Maxdal,2018-11-30,0,456585,USA671800315
3KBMeEwL4FCVCWLzDRY9aF,I Believe In Miracles,Jackson Sisters,2001-01-01,36,290266,USF067600040
2EjYDSTczPTgwyQUtHTYqA,Rock N Roll,Printz Board,2015-06-30,3,218751,US3DF1524226
4KcCRwvfNEdLShOdkEOxCA,I'm a Pop,CHANMINA,2019-02-15,31,191153,JPWP01970026
3ogWcSmeyPJEFIDJSonTAf,Imposter,Bangups,2016-05-20,1,193266,uscgj1680056
5txOothISqBpLOEQ0K1wFv,夢の続き,EVISBEATS,2018-05-02,42,274277,JPS801833846
0mE1PZUtSr0C8E6f14hYOs,Va Va Voom,Bangups,2016-06-10,28,213261,uscgj1680057
370wIowIavEot7EcdZajWF,忘れっぽい天使,中村佳穂,2018-11-07,0,235505,JPJ901811900
08cHoJBsVAtaVY2AEx5uys,Don't leave me,IN-SIST,2017-08-16,0,239906,JPTK01705740
31yRoM8ZcgZGjNWmKRPsFW,Start Again,Pomo,2014-11-17,0,246355,USUS11203009
2F5OdqTnr7PReeOAlbs56b,Merry Christmas (My Favourite Time),Essey,2018-10-26,0,175574,UKQSM1800001
4Bru9QkvCcM0tGEdBYFRVb,There - Radio Edit,Catz 'n Dogz,2019-03-01,0,238597,PLE071910105
3DGOkkcQx8LU6bp22lY5i7,Superstar,Seeker Lover Keeper,2019-07-26,2,213546,AULI01925150
5Y3aZ1qtD7gxXwCVL7SS6s,Sixteen,Chelsea Cutler,2017-05-26,0,226379,USUS11700174
3lnbU1uiIH6e0IDyOaQBnG,Youth,Feeder,2019-08-09,23,199526,GB45A1901454
2hytmM8reqtLSF7RyhMgDR,Everyone's at It,Lily Allen,2009-02-06,17,275273,GBAYE0802377
7uJhE8ZmWcysVFeq5KLDSL,Honey,Blue Americans,2018-10-24,5,168168,GBKPL1825370
7AavMjb4ZpKbUl6aiQebIp,待つ人,Emi Okamoto,2019-10-09,20,182653,JPS801914360
67ncFJWaIbJdqZl1bpEppz,Movin' on Up,Primal Scream,1991-09-23,58,228266,GBAAW9100556
6UHu7uLuaAbPU89Udjm1E3,ジェット,Nitroday,2018-11-21,0,192399,JPJ901812910
2lBE5lOxya6GY8IlzYpM4M,Fight It Out,MOTHBALL,2018-03-07,4,223226,JPR751500992
3lWzVNe1yFZlkeBBzUuZYu,Bella Ciao - Música Original de la Serie la Casa de Papel/ Money Heist,Manu Pilas,2018-04-20,66,139844,ES84S1800619
3WXURJDWa3YGUQtVMYrXfK,(I Can't Help) Falling In Love With You - Can't Help Falling In Love,Bely Basarte,2017-02-10,40,185204,GBLPF0112878
6Tvzf3VEi16JMhAgOwdt2y,Birds,Imagine Dragons,2018-11-09,70,219440,USUM71816168
3f4fc8c8unrQeKecmUPEDR,Warriors,League of Legends,2020-01-10,66,204586,QZH6S1900254
03fImIJ7r7he62QmwI1Tyv,The Drowned Girl - Edit,Yann Tiersen,1998,49,123000,FR24Q9839032
2koESjC2WBc6qmfg0dmTRt,Her,eery,2016-01-01,49,123219,GBSMU2728328
6uR92injo4PDzSrOPRFfHt,シュガーソングとビターステップ,UNISON SQUARE GARDEN,2019-10-11,54,253226,JPTF01506501
1Xow9HUwGQTE3XrmTsEFGl,徹頭徹尾夜な夜なドライブ,UNISON SQUARE GARDEN,2019-10-11,35,277453,JPTF01510903
3sDwHRTuMVgQUpUFcQ0s1b,I come back to you,Goose house,2017-11-22,0,294493,JPU901703351
7zbatf2tIAR06nBnRHVHXH,ALL MY LOVE,Goose house,2017-02-22,0,239426,JPU901700258
49P5t9K3K1jX51s6ccngeg,Sky Instrumental,Goose house,2011-11-25,1,334081,USA371501561
5XS9hFoZmrx8Ld1RmPSVLh,Bad Luck,Goose house,2018-04-11,0,258653,JPU901800888
2j2TaChpk0O2nhY0B5JjDg,バースデーソング,Goose house,2012-06-04,23,284893,JPZ921205246
1eL8R2lJlJ34wKzfA4QZ2w,笑顔の花(Goose house Live House Tour 2017.11.22 TOKYO),Goose house,2018-04-11,0,314493,JPU901800808
79CNPgJIoOmckgEZ1UYzDR,Pattun,Goose house,2011-11-25,5,234005,USA371501559
1kEfEgJjoLiTb75MXWv9Fv,笑顔の花,Goose house,2018-04-11,0,283680,JPU901703349
5cURHGwU4D23tGnV9RiMfy,繋ぐひと,Goose house,2018-04-11,0,317480,JPU901800894
3poqFvDk6uAZYn9pEJO0Iy,A・C・T・I On,Goose house,2012-06-04,9,245293,JPZ921205240
2cQDl7tpH6kOlJn2h15wRG,#記念写真,Goose house,2018-04-11,0,262200,JPU901800887
07beCqx6KfyaAJJiRAvdLy,コバルトの街,Goose house,2015-04-06,0,298053,JPU901500337
6gAojkvacIeRqgfWhdqArj,Altair～言えずのI Love You～,Goose house,2012-06-04,14,311800,JPZ921205236
4xdagGasjIv7aacSM2MqWr,laugh,Goose house,2018-04-11,0,205266,JPU901800893
3UDN2ISDIBMF1HMW5YvOeP,Sing 2012 バージョン,Goose house,2012-06-04,15,257786,JPZ921205245
2erBDHz7LjoazWjimGl57N,待宵草,Goose house,2012-06-04,7,305680,JPZ921205238
4QfTj6h2UevN01seEG2dcv,悪い王様のお話,Goose house,2017-02-22,0,240173,JPU901700260
5kSWSqLmPYFNoQkhbJwbnw,MUSIC〜涙の虹〜,Goose house,2017-02-22,0,285280,JPU901700257
2Mq7wyl2YABQTl5O1T2id6,何もかも有り余っている こんな時代も,Goose house,2017-11-22,0,301133,JPU901703350
68wigGNefF5MPB3xMG2MwE,僕らだけの等身大,Goose house,2017-02-22,0,259546,JPU901603794
0kB5CqZqHsKS8NVq1wFLCv,VOICE,Goose house,2012-06-04,7,297613,JPZ921205239
0HzheUrDefW4nlfFIvV1qJ,オトノナルホウヘ→(Goose house Live House Tour 2017.11.22 TOKYO),Goose house,2018-04-11,0,326973,JPU901800806
34lMf00e5qGhYkNdMuDiLJ,言わせないでよ,Goose house,2012-06-04,6,233320,JPZ921205242
1Kjrqnu7heDFKBxYsMP71G,ALL MY LOVE(Goose house Live House Tour 2017.11.22 TOKYO),Goose house,2018-04-11,0,239120,JPU901800807
1MHzh90p0kU8lrTOs0FVlg,Pattun Instrumental,Goose house,2011-11-25,1,230009,USA371501562
38rBLZsaccg9Rh96DB5zgX,笑顔の花,Goose house,2017-11-22,0,282053,JPU901703349
1lDexGgo5ydB9dIKqsPF66,L.I.P’s,Goose house,2015-04-06,0,262360,JPU901500340
4j1DdjqaXTZ5GllzWidvW4,photograph,Goose house,2012-06-04,6,267746,JPZ921205241
4vdnPqCdGnCOFcEfI6GbUt,胸騒ぎナビゲーション,Goose house,2012-06-04,18,288373,JPZ921205235
4FRI7FxqOlxcZosRvteluW,何もかも有り余っている こんな時代も,Goose house,2018-04-11,0,301986,JPU901703350
2fpWgLIFuHGJgqMKiThW8R,風船-instrumental-,Goose house,2017-01-06,0,304960,JPU901603797
5xdJdiEo4T5xtJvwZOPrNa,Color,Goose house,2012-06-04,6,277880,JPZ921205243
5FJJduTXprpfEUtC4WDrno,あの日の歌,Goose house,2017-02-22,0,261240,JPU901700261
6DOI5pAu3sXT7lFghwxri1,Best Friend-instrumental-,Goose house,2016-09-16,0,285013,JPU901602007
14UnSkVAT7BItfxBRC4z24,僕らだけの等身大-instrumental-,Goose house,2017-01-06,0,259906,JPU901603796
16AYW5LRlXgQmyh6XlFDeN,風船,Goose house,2017-01-06,0,308266,JPU901603795
0HRd4PtMJkpIfFm7ftNVSI,Sky English Version,Goose house,2011-11-25,7,319034,USA371501560
2b29QsIjFJRDguSq4zMEAu,春の涙を,Goose house,2018-04-11,0,300333,JPU901800886
7a5E9UHLhbHs7udoDuwYAM,18歳,Goose house,2011-08-20,10,277552,USA371407554
0aZz5IbJRo6BgSkHz5pzX4,君に拍手を,Goose house,2017-02-22,0,284106,JPU901700259
2svU4jeOaJyratRZewVqS9,"Fly High, So High-instrumental-",Goose house,2016-09-16,0,282946,JPU901602006
0tqcc5McRAH8FtnrJ390ci,何もかも有り余っている こんな時代も(Goose house Live House Tour 2017.11.22 TOKYO),Goose house,2018-04-11,0,311813,JPU901800809
09jWwcJl9kUVjULrrC5L49,days,Goose house,2012-06-04,6,279640,JPZ921205244
5hJyDPsno8Brr21BDzYLIa,無邪気な冒険心,Goose house,2018-04-11,0,278173,JPU901800889
2wm0fwAbWv7tVtXjhnL6l9,地図にない道,Goose house,2018-04-11,0,291280,JPU901800890
1ETQ20mvTciBRxvEVWnMCt,teens,Goose house,2011-08-20,10,297614,USA371407555
3Q5n7ICqTUrCLHk2THq50E,"Fly High, So High",Goose house,2017-02-22,0,285986,JPU901602004
6sdSRYuxNnMRk3bsoKOLY2,ジョンとヨーコ,Goose house,2018-04-11,0,306253,JPU901800892
3T2gGkcHA8plV589y1oih9,恋と雨,Goose house,2017-02-22,0,224960,JPU901700256
4KkJUX1UCRLfuFcfdu2TdX,LOVE & LIFE,Goose house,2017-02-22,0,301840,JPU901503362
3GzjYy8DjKhLYwsgZRmQGf,スイングガール,Goose house,2018-04-11,0,219600,JPU901800891
4tQ02XXDK9yqK31aa7KFp3,You,Goose house,2017-02-22,0,266640,JPU901700255
4f3nDjgqXurMryYBSp0TZD,The Beginning,ONE OK ROCK,2013-03-06,60,292733,JPJ221200345
57sk9X1fPLXRfkw74XNrmK,We Are,ONE OK ROCK,2017-01-13,58,255400,USAT21603322
3bmxsQVFi8k7qfM5ULU8Me,In Cold Blood,alt-J,2017-06-02,0,206853,GB5KW1700459
1LfKHwrMydWNruvTonm0eO,Tessellate,alt-J,2012-05-28,0,182666,GBZUZ1200066
38kcwx5znepLWCIBID0Bwm,Kyouran Hey Kids!!,THE ORAL CIGARETTES,2016-01-05,66,250973,JPJ221500801
4IMXgViQWKGQku8DPaF9Bm,Awake,Megan Wofford,2019-10-11,32,142271,SE5Q51901941
0dON9pTOo2e56fdpE8aoDR,"Piano Concerto in A Minor, Op. 54: II. Intermezzo. Andantino grazioso - Live",Robert Schumann,2018-02-09,10,277462,GBF071700782
6Bw5tdXdnKOYXWy3ZhDzED,"Septet in E-Flat Major, Op. 20: III. Tempo di menuetto",Ludwig van Beethoven,2019-10-18,9,190986,USSM11905330
1ZIFF4VPWGYA9OG3uYcFgI,"Suite d'Abdelazer: or, the moor's revenge: Rondeau",Henry Purcell,1988,42,85000,CH1408854214
5nxm8bt3ZlGShXeajE6GRC,Peggy,Armand Amar,2008-03-03,0,124706,FR3200806711
1XdFVaI2UjsZ46bBpIeG6e,Walton: Henry V: Touch Her Soft Lips and Part,William Walton,2012-03-05,26,106800,GBAYC8704562
1KeJxSvW6pLU1ieRfQOMca,Polovetsian Dances from Prince Igor: Introduzione,Alexander Borodin,1958,50,136960,USSM10014577
6Q4RxugUBulJqgtUCVyGWZ,"Carnaval, Op. 9: XII. Chopin",Robert Schumann,2017-03-20,35,88093,GBELP0600187
3NmwMJzy7LyHoiS2nTR9y2,"Chopin / Arr. Liszt: 6 Polish Songs, S. 480: I. Mädchens Wunsch (After Chopin, Op. 74 No. 1)",Franz Liszt,2019-07-26,0,183613,GBAYC1900255
4gPfBHuDIb0v3MRjOcnPN1,"Ouverture-suite in G Major, TWV 55:G4 ""Les nations anciennes et modernes"": V. Les suedes anciens",Georg Philipp Telemann,2017-05-26,6,113946,DEB901700528
5ol0EvR9aNThftRoereISI,Andante spiniato in G: Allegro maestoso,Frédéric Chopin,2004-04-01,38,294120,HKI199231608
7DXc54rtHRhCIViAy4s5VW,"Deux Arabesques, L. 66: I. Andantino con moto",Claude Debussy,2019-07-19,28,407700,QM5HH1900034
4eZvePoGXSlQ56kIbRLR4h,"Lyric Pieces, Book 2, Op. 38: No. 7. Waltz",Edvard Grieg,2016-10-07,7,78733,USB8U1612780
2rDBgkiueKILUcTSBGhSFs,"Symphony No. 1 in C Major, ""Die 4 Weltalter"" (the 4 Ages of the World): I. Larghetto",Carl Ditters von Dittersdorf,1995-10-18,34,255960,HKI199370501
3rzwGepRS2pjTwvhBvMmiz,"Schumann: Davidsbündlertänze, Op. 6, Heft II: No. 14, Zart und singend",Robert Schumann,2004-04-05,38,122986,GBAYC0302745
1YSRUv0d0F1ZNbstipq8Pf,Le carnaval des animaux: V. The Elephant,Anonymous,2014-07-01,5,79986,DEB909801205
5Olix25Y5aNqIWGDrrB0Pb,"Handel: Water Music, Suite No. 3 in G Major, HWV 350: III. Minuets I & II",George Frideric Handel,1990-10-01,32,261213,FRZ208006803
3etJfG58ulqDBqjih4kExx,"Ouverture-Suite in D Minor, TWV 55:d2: V. Sarabande",Georg Philipp Telemann,2017-01-06,39,112440,NLY331700612
2HjFsnNuH2ZTrs8SHgsVlm,"La Petite Pince-Sans-Rire: 21ème ordre, 4ème livre",François Couperin,2013-02-25,39,114601,FRU621219511
0mjT194sWauS2YBwxM2ZhS,Suite Bergamasque: Clair de Lune,Claude Debussy,2012-04-23,0,314120,GBELX1204268
5boPxQ6Eu3jEK94mMe5X1r,Jazzy Mums,Little Birds,2016-12-09,23,207887,MKA001600077
6LVzVrFYJ8VUzLnOkZUbRc,Last - Moonbase Remix,Polographia,2015-12-18,26,204262,AUDCB1500659
2JR05XLWCeqJRiNktJOlUR,Glivch,deadmau5,2019-02-01,0,315000,GBTDG1301668
6CuyhncZBwwn1pt1amDPXq,Subtract,A.L.I.S.O.N,2019-05-31,0,311489,QZFYW1919680
1eFVLbbyT5UG9YktI2J8wM,Bleed,deadmau5,2014-01-01,26,240847,GBTDG1300589
2SXltUBZedk6WmygiYpwTB,Tiny Foldable Cities,Orbital,2018-05-11,15,344734,GBQUK1800002
4w4fTlQRxtXaTpvSqSqDaM,Ambre,Else,2017-05-19,43,240625,FR7JK1700003
0qXbs6RjB73qVRqmdgppZT,What It Takes,Sufjan Stevens,2020-03-24,0,203746,US64G2013702
6vcNAgy8A8DOGBIOMePH7k,Grief,Legendcast,2017-07-27,25,175200,TCADC1763195
3MC9nswECDn5zuqkFQG1sB,Strength From Inside,Above & Beyond,2019-07-19,42,200786,GBEWA1901466
6cuVOpIDJIuBxLbDFRDB17,Seek & Expand,Keeno,2016-02-26,0,330890,GBCJY1500352
0nQ7GqFn1SIrYY4KZb2h7u,Gin,Oatmello,2018-12-07,32,130370,QM24S1843571
0n8hRiiVLRgObrkHYCy1I7,Hearts,Blackbird Blackbird,2019-11-15,31,250387,GBWUL1906749
03cokFHBxSgFZxfVJ0N8U6,Observatory,Max Fry,2017-05-19,0,134400,QM6MZ1739827
3Zs0LasDmlVpaEfqszmJo3,Painted Skies,Milton Breech,2017-01-25,30,149121,SE5IB1700801
5RnePZ7MW2LHyJLB7H9GpT,The Visitor,Mad Zach,2018-01-26,26,321882,QM42K1810499
6XhgPsCzUI4eFZcHpxGFz6,Seven Peaceful Deities,Surgeon,2018-05-25,4,138752,GB6SP1800001
5Xo1kp4UljShBuvV5PZfLj,One Step Forward,Direct,2016-09-28,35,199226,CA6D21600258
035epJwRLJQLXbQ7XtPFEf,Noth,Mad Zach,2018-03-30,32,192000,QM42K1881812
7gXrE1nyD5ZnKidTY8FcUR,Sadbot,Pixl,2016-03-28,30,268189,CA6D21600099
0tmaWVKVoYNa9m4ctwSsmb,Countdown,Beyoncé,2011,33,212146,USSM11102909
3XkUCBouaD0NOAjfbi5D95,Jasmine Oceans,Julien Mier,2018-07-18,27,185852,USAT21804330
17U2BzBip7bVEICiEoXSDe,Liberty Flute,Axel Boy,2015-09-29,15,291007,USA2P1521089
6tMlZ7A82O7qNHJPryu2oF,Motiv,Infinity Shred,2016-10-14,0,247858,TCACQ1696888
25qARnxoUsIBFGkOXqxkav,Awakening,Chet Porter,2015-12-11,18,240321,USAT21503735
2c6JKsE4PPXOtlD5ehbVIS,Metro,The EMBR,2017-01-30,22,152000,SE5IB1700806
1kV6GsEtVGmPehcGpmYtnr,The Box - Part 2,Orbital,1996-01-01,39,359586,GBANB9600017
1tb1WfMlms6eBW9w3pvgyk,Breeze,Take/Five,2017-11-02,21,156839,QM4DW1760410
7D2amqgFKzSPPEuvZT3i9p,Arms Length,Spurz,2017-01-27,15,151200,USQY51620179
2TbFp9ahEhn5bkDJSmQJlP,Fare Thee Well,Lakehouse,2019-09-19,6,216032,QZHN51947950
4jSAqv6ZUpEwyaLTbh8pxE,Forgotten September,Boom Jinx,2015-09-11,30,182272,GBEWA1500812
1EiR6pce8KgrYGmPGU5xjY,Brrrap!!,Tsuruda,2017-05-12,6,218732,UKACT1713014
6dYtNUlDHp9gBzLkaqPI80,Aerias,Phelian,2019-07-10,0,269000,GBKQU1961203
4EhclACJIUSUmVBRDNkxRH,Sweat - Soulji Remix,Karma Fields,2016-10-28,0,280017,CA6D21600333
16WSFIgiBLm8y0FZIYjgpS,Adieu,What So Not,2016-09-09,32,100733,AUDCB1600884
2vPlEZrLXYhZkMzEFyfroi,Nyquist,deadmau5,2018-07-13,0,198750,GBTDG1301497
2QsMIusYv7LSVnFVPbe7Bd,Common Ground,Above & Beyond,2019-07-19,27,172786,GBEWA1901475
0l5yzyUkyFbGcFPPdRGLOl,Ghost Plant,High Math,2015-12-05,36,76138,TCACK1535537
07OBgEQb7HY6ENSqLvO2RW,Horizon,Speo,2016-06-27,0,253714,TCACP1676029
2u5OxLRtgdazMVLcRev2ds,Sweet Apocalypse,Moby,2008-03-31,0,318853,GBAJH0700765
4XE9Ggjr33rRGbjDHbGaTQ,Mr. Skitters,Medasin,2019-02-08,23,182800,USUG11900202
4t4uk0wS8mvGwuAsGW9TB8,Moons,Embee,2017-03-03,34,217411,TCACX1795324
5RfgXcobIzarx0SXf0GGrZ,There is Nowhere,Spaces Between,2016-09-30,7,270150,MKA001600065
0tLLYilow7DCMHpgybsZVG,Cryptic,Rezz,2016-10-07,0,193811,GBTDG1301178
27Fihrnc4vP9Q3N3fxzdNk,Realize,sober rob,2016-11-26,16,212727,TCACU1608655
2YF4eWmwwFA8fkx2IE0djt,╜φ°⌂▌╫§╜φ°⌂▌╫§╜φ°⌂▌╫§╜φ°⌂▌╫§╜φ°⌂▌╫§╜φ°⌂▌╫§╜φ°⌂▌╫§╜φ°⌂▌╫§╜φ°⌂▌╫§╜φ°⌂▌╫§╜φ°⌂▌╫§╜φ°⌂▌╫§╜φ°⌂▌╫§╜φ°⌂▌╫§╜φ°⌂▌╫§╜φ°⌂▌╫§╜φ°⌂▌╫§╜φ°⌂▌,Flume,2019-03-22,0,33567,AUFF01900033
7IhFrpGDnBnCPlVxEgaUDg,Diamonds,Oatmello,2018-12-07,20,154074,QM24S1843569
2KmGCjvla5f5wjUAoVRwJ1,Weird Summer,Medasin,2018-08-10,16,42000,USUG11801636
1YrV8fAkywtQ1fs4GwGewK,I Remember Maine,Swardy,2018-07-27,32,173217,USA2P1847079
1q1p0bsfEgqXDEWo1kx363,PRELUDE,The Blaze,2017-04-07,44,112840,FR10S1769770
3KLlLHrAQsDUryZc3fMx7P,Ghomrassen,Bonobo,2016-02-19,27,310080,USHR11636949
0NvArHHlLC0Cv1r2eBJIGW,Depth Charge,Flume,2017-02-17,0,308940,AUFF01700019
5GD3iSEgPgb76VHQqjnE4o,Mirage,Take/Five,2017-11-02,22,124604,QMPKX1777926
7duCz5DC1bQyaViBGZcDjs,Isolate,Maya Jane Coles,2018-12-14,0,206619,GB5KW1803071
0AUBFe4HCHU01mKj8Wlf45,Scene Suspended,Jon Hopkins,2020-02-06,38,247038,GBCEL2000005
11zgbmLoSt0Yd48x13KCPn,Do Androids Dream Part 3 - Original Mix,Andrew Bayer,2015-04-13,31,227173,GBEWA1500186
54OR1VDpfkBuOY5zZjhZAY,YMCA - Original Version 1978,Village People,1978-01-01,68,286800,FR6V80878846
3A4FRzgve9BjfKbvVXRIFO,Sparkle - movie ver.,RADWIMPS,2016-08-24,65,537653,JPPO01618974
63iA7U1IsgrHmoxa0vezKw,恋を知らない君へ (Originally Performed by NEWS) -オルゴール-,オルゴール ミドリ,2016-07-14,3,297627,JPU861600062
1eMcf84JBkNZrw8phO3Yzm,光のしづく (Hikari No Shizuku),吉崎克彦,1997-10-01,2,564755,ushm21337505
3umnUgdEX7FPCSd276J8Q2,チュムチュム (Originally Performed by NEWS) -オルゴール-,オルゴール ミドリ,2015-07-08,0,280129,JPH451400237
4wW6tiqHA3QsoAji1yl8Fm,Departures ~あなたにおくるアイの歌~ (Originally Performed by EGOIST 「ギルティクラウン」より),オルゴール ミドリ,2013-10-25,5,212040,JPH451300548
4JQekTcYEESQZIDazCUZ2m,Fallen (Originally Performed by EGOIST 「PSYCHO-PASS サイコパス2」より) -オルゴール-,オルゴール ミドリ,2014-11-25,1,291020,JPH451400176
2y2BVPPbCnWBZdJKVztd5b,光るなら (Originally Performed by Goose house 「四月は君の嘘」より) -オルゴール-,オルゴール ミドリ,2014-11-25,14,275723,JPH451400178
4MNR6cOdsjJiUF6BwjKi6L,オトノナルホウヘ→ (Originally Performed by Goose house 「銀の匙 Silver Spoon」より),オルゴール ミドリ,2014-03-06,1,243893,JPH451400032
4wL9xCSJZT9sMDxdpRYAZp,プリーズ・プリーズ・ミー (Originally Performed by ザ・ビートルズ) -オルゴール-,オルゴール ミドリ,2016-11-19,1,141975,JPU861600099
3U659TBPaAuZFWzdsgPVCj,さくらガール (Originally Performed by NEWS),オルゴール ミドリ,2013-12-09,0,272657,JPH451300678
1CTeWmpCg8c4sfjlz2cqkW,"The Merry-go-round of Life [From the Movie ""Howl's Moving Castle""] - Lullaby Music Box Version",Hamasaki vs Hamasaki,2018-05-17,35,196776,TCJPB1590925
6OJewg9b0bHg0TFshPko2H,Flower Dance,Kyle Landry,2019-06-08,30,255109,QZFYY1930595
6bTCdqB1PN5J93hiiZvQzW,lit(var),Kensuke Ushio,2016-09-14,49,134786,JPPC01601682
0dRHeS3ardU9eAhmt4OCHw,風になる(Instrumental),Saori Mouri,2009,0,178533,JPR291600434
1G0v5SaYlyz1FiAfhxXpTk,"8:00 PM (From ""Animal Crossing: New Leaf"")",Kenzie Smith Piano,2016-05-03,0,83406,USE831562291
6VewlubUocZ7xES4huxCMf,"Prince Sidon's Theme (From ""Zelda: Breath of the Wild"") [For Flute & Piano Duet]",daigoro789,2017-06-23,0,75911,QZ22B1807669
4aCRcV0oAaIvPS26ELceTI,"Michishirube (From ""Violet Evergarden"") - Ending Song",PianoPrinceOfAnime,2018-05-16,29,232300,QZ22B1926822
2FxtO5dOe7hRAFujqj1p5k,ヤンキーソウル (Originally Performed by AKB48),オルゴール ミドリ,2013-12-16,0,224870,JPH451300752
2TanFmQUkvsNEyNy9pqHGm,So long ! (Originally Performed by AKB48),オルゴール ミドリ,2013-12-16,0,254654,JPH451300449
5YqxVIKeuvsAHW3NAIe73T,星に願いを (「ピノキオ」より) -オルゴール-,オルゴール ミドリ,2017-01-18,0,135722,JPU861600118
2tU14Zd3RLA5nqy3oi81c3,STYX HELIX (Originally Performed by MYTH & ROID 「Re:ゼロから始める異世界生活」より) -オルゴール-,オルゴール ミドリ,2016-06-20,10,295801,JPU861600056
1prHrOVEr5qVUpoOSTOBSk,Clattanoia (Originally Performed by OxT 「オーバーロード」より) -オルゴール-,オルゴール ミドリ,2015-09-02,6,260422,JPH451400249
0SYXekJuUlFucxUVlBNA9I,My Dearest (Originally Performed by supercell 「ギルティクラウン」より),オルゴール ミドリ,2013-10-25,4,264754,JPH451300546
1pufhKZjS86ybKGnGUrUhi,L.L.L. (Originally Performed by MYTH & ROID 「オーバーロード」より) -オルゴール-,オルゴール ミドリ,2015-09-02,5,226222,JPH451400250
0ekCKikdEyaBWkBOmBLXBY,Decretum 「さやかのテーマ」 (Originally Performed by 梶浦由記 「魔法少女まどか☆マギカ」より),オルゴール ミドリ,2013-10-25,13,122649,JPH451300554
2o1zh9RUBaMravKAIwNMFF,Sis puella magica! 「営業のテーマ」 (Originally Performed by 梶浦由記 「魔法少女まどか☆マギカ」より),オルゴール ミドリ,2013-10-25,13,141728,JPH451300549
0mqiKe533DhwhX0HXL5RXj,友達の唄 (Originally Performed by BUMP OF CHICKEN),オルゴール ミドリ,2014-02-25,6,246017,JPH451300948
3v6oKuzKu6fIUYU57F0ZMF,ニワカ雨ニモ負ケズ (Originally Performed by NICO Touches the Walls 「NARUTO~疾風伝~」より),オルゴール ミドリ,2013-08-07,2,263711,JPH451300353
4gsF93XK6UqT9ckXsmNUkI,光のシグナル (Originally Performed by Kis-My-Ft2),オルゴール ミドリ,2014-03-13,3,221200,JPH451400036
3O18KT8FPFO2j1CnCD3iRH,いつか王子様が (「白雪姫」より) -オルゴール-,オルゴール ミドリ,2017-01-18,0,140073,JPU861600103
05DJ5vl3nKiBzDftDepHDA,ハイ・ホー (「白雪姫」より) -オルゴール-,オルゴール ミドリ,2017-01-18,0,158492,JPU861600104
6LndScnTK7h3b8t5dr09vm,金平糖の精の踊り 組曲「くるみ割り人形」より (「ファンタジア」より) -オルゴール-,オルゴール ミドリ,2017-01-18,1,176609,JPU861600105
6CAnwswRvilkB5YhhvC7vN,愛の歌声 (「バンビ」より) -オルゴール-,オルゴール ミドリ,2017-01-18,0,187794,JPU861600106
2Xe7Ry6jX4mYoWeVP1tYM5,チム・チム・チェリー (「メリー・ポピンズ」より) -オルゴール-,オルゴール ミドリ,2017-01-18,0,110254,JPU861600107
7yzIc2Yq1UtELkKketLKtA,ピーターと狼 (「ピーターとおおかみ」より) -オルゴール-,オルゴール ミドリ,2017-01-18,0,72673,JPU861600108
7uDgRHuU9d8xe9KIiShCeL,夢はひそかに (「シンデレラ」より) -オルゴール-,オルゴール ミドリ,2017-01-18,0,117434,JPU861600109
7fUJWpJHL8hKgreqZnttlV,これが恋かしら (「シンデレラ」より) -オルゴール-,オルゴール ミドリ,2017-01-18,0,116159,JPU861600110
7iFowyB7FxLM1xH4Ktduns,ふしぎの国のアリス (「ふしぎの国のアリス」より) -オルゴール-,オルゴール ミドリ,2017-01-18,0,120801,JPU861600111
2X1HUyBvB7hWB2FIJBV4Qk,きみも飛べるよ! (「ピーターパン」より) -オルゴール-,オルゴール ミドリ,2017-01-18,1,180184,JPU861600112
4Mi5evHCsBKvDUoze0IHYm,エレクトリカル パレードのテーマ -オルゴール-,オルゴール ミドリ,2017-01-18,2,206520,JPU861600113
1npziKrXrm9vfLGY6E6Tdj,ララルー (「わんわん物語」より) -オルゴール-,オルゴール ミドリ,2017-01-18,0,176687,JPU861600114
2lWqSGQkLYpgtulcqjc3tJ,おしゃれキャット (「おしゃれキャット」より) -オルゴール-,オルゴール ミドリ,2017-01-18,0,107856,JPU861600115
7yyD27iwWVFJFlZQHUzher,美女と野獣 (Originally Performed by セリーヌ・ディオン 「美女と野獣」より) -オルゴール-,オルゴール ミドリ,2017-01-18,1,227608,JPU861600116
0QSt3OJ3xwjDRV8e5AZuMS,私の願い (「白雪姫」より) -オルゴール-,オルゴール ミドリ,2017-01-18,0,120446,JPU861600117
6TAAOB7Rpb2dgkEg0BJ3pP,私の赤ちゃん (「ダンボ」より) -オルゴール-,オルゴール ミドリ,2017-01-18,1,135736,JPU861600119
0A5bIXwHjOdxH52W4oTLmw,くまのプーさん (「プーさんとはちみつ」より) -オルゴール-,オルゴール ミドリ,2017-01-18,2,169513,JPU861600120
7vRJi8llHvhl5h8ARgCcy3,ベラ・ノッテ (「わんわん物語」より) -オルゴール-,オルゴール ミドリ,2017-01-18,0,170690,JPU861600121
3eeGw5McejdjV2qZ8fmeSd,ラブ (「ロビン・フッド」より) -オルゴール-,オルゴール ミドリ,2017-01-18,0,124552,JPU861600122
3SopjdIHGaB8kYBafETXLu,お砂糖ひとさじで (「メリー・ポピンズ」より) -オルゴール-,オルゴール ミドリ,2017-01-18,0,156830,JPU861600123
3Gw5kDSWJwl3sZxBRCytks,パート・オブ・ユア・ワールド (「リトル・マーメイド」より) -オルゴール-,オルゴール ミドリ,2017-01-18,2,193483,JPU861600124
0B8kHpyxYFTZkNudUGoIVz,ちいさなプリンセス ソフィア オープニングテーマ (「小さなプリンセス ソフィア」より) -オルゴール-,オルゴール ミドリ,2017-01-18,0,75932,JPU861600125
31xeiyMv0nj7Awsq8VEQ7I,輝く未来 (「塔の上のラプンツェル」より) -オルゴール-,オルゴール ミドリ,2017-01-18,1,228829,JPU861600126
7d3qhVyMLTIy2giP7KrZov,生まれてはじめて (Originally Performed by クリステン・ベル&イディナ・メンゼル 「アナと雪の女王」より) -オルゴール-,オルゴール ミドリ,2017-01-18,0,218446,JPU861600127
5WmCFV3GEWCTYodZXlziOw,So Close (Originally Performed by ジョン・マクラフリン 「魔法にかけられて」より) -オルゴール-,オルゴール ミドリ,2017-01-18,0,198403,JPU861600128
2kNOwYejTQB8Ww5tUfWydf,ビヨンド・ザ・シー (Originally Performed by ロビー・ウィリアムズ 「ファインディング・ニモ」より) -オルゴール-,オルゴール ミドリ,2017-01-18,1,243095,JPU861600129
7sXU59JmR8V0W4qh4EiArE,君がいないと (Originally Performed by ジョン・グッドマン&ビリー・クリスタル 「モンスターズ・インク」より) -オルゴール-,オルゴール ミドリ,2017-01-18,0,275019,JPU861600130
7fNx3f0FjqW93HmmEgbU0L,シンデレラ (「シンデレラ」より) -オルゴール-,オルゴール ミドリ,2017-01-18,0,99804,JPU861600131
4LO50iop2LULQLDxulKrNt,ビビディ・バビディ・ブー (「シンデレラ」より) -オルゴール-,オルゴール ミドリ,2017-01-18,0,97408,JPU861600132
6R5YRfoJT9A84QLXI1w3Cz,ミッキーマウス・クラブ・マーチ (「ミッキーマウス・クラブ」より) -オルゴール-,オルゴール ミドリ,2017-01-18,0,179798,JPU861600133
4U6ADaGOA3e390SMdtDl3R,私だけの世界 (「ふしぎの国のアリス」より) -オルゴール-,オルゴール ミドリ,2017-01-18,0,112427,JPU861600134
518YXIJcU00NZXqAexZCBK,右から2番目の星 (「ピーター・パン」より) -オルゴール-,オルゴール ミドリ,2017-01-18,0,122779,JPU861600135
6mdbG8pOX2pkj1hxio7w9x,小さな世界 (「アトラクションテーマ」より) -オルゴール-,オルゴール ミドリ,2017-01-18,0,153828,JPU861600136
5ePQMpes5s2kEGRo14qwkV,いつか夢で (「眠れる森の美女」より) -オルゴール-,オルゴール ミドリ,2017-01-18,0,172487,JPU861600137
2cP74HwyiKrlUmV5mrigd4,自由への扉 (「塔の上のラプンツェル」より) -オルゴール-,オルゴール ミドリ,2017-01-18,0,161147,JPU861600138
5x2GiDP5bmAKuavsIrTwcn,レット・イット・ゴー (Originally Performed by イディナ・メンゼル 「アナと雪の女王」より) -オルゴール-,オルゴール ミドリ,2017-01-18,0,254892,JPU861600139
0X5M04Ownb4pEVIXemP32l,雪だるまつくろう (Originally Performed by クリステン・ベル、アガサ・リー・モン&ケイティー・ロペス 「アナと雪の女王」より) -オルゴール-,オルゴール ミドリ,2017-01-18,0,159623,JPU861600140
5fA18W3Sg4lrHK2RJjbX7a,ホール・ニュー・ワールド (Originally Performed by ピーボ・ブライソン&レジーナ・ベル 「アラジン」より) -オルゴール-,オルゴール ミドリ,2017-01-18,0,243685,JPU861600141
0mZKorEtrrlHdRtkQuoQ9w,アンダー・ザ・シー (「リトル・マーメイド」より) -オルゴール-,オルゴール ミドリ,2017-01-18,1,201848,JPU861600142
6q2MIpDVY71hPSxMxqdsPU,君はともだち (Originally Performed by ランディ・ニューマン 「トイ・ストーリー」より) -オルゴール-,オルゴール ミドリ,2017-01-18,0,228603,JPU861600143
0hCvYTHvh3aUgi8SKnr7yz,愛を感じて (Originally Performed by エルトン・ジョン 「ライオン・キング」より) -オルゴール-,オルゴール ミドリ,2017-01-18,0,248880,JPU861600144
7MtehyxDLB453e2gXHd1mD,アンド・アイ・ラヴ・ハー (Originally Performed by ザ・ビートルズ) -オルゴール-,オルゴール ミドリ,2016-11-19,2,187072,JPU861600078
7IGCJkDmLLK2kCh8PQukCf,キャント・バイ・ミー・ラヴ (Originally Performed by ザ・ビートルズ) -オルゴール-,オルゴール ミドリ,2016-11-19,1,214301,JPU861600079
5YuRtzjylosMX6dXk4JC4f,抱きしめたい (Originally Performed by ザ・ビートルズ) -オルゴール-,オルゴール ミドリ,2016-11-19,1,228150,JPU861600080
7KV924QkeOc8dzQDZuExkY,ハード・デイズ・ナイト (Originally Performed by ザ・ビートルズ) -オルゴール-,オルゴール ミドリ,2016-11-19,2,189746,JPU861600081
0jlANaMu0Qn7X44gGMqp83,シー・ラヴズ・ユー (Originally Performed by ザ・ビートルズ) -オルゴール-,オルゴール ミドリ,2016-11-19,1,218595,JPU861600082
1mHcyiwxFlrRTldvkhkGnz,愛こそはすべて (Originally Performed by ザ・ビートルズ) -オルゴール-,オルゴール ミドリ,2016-11-19,1,196428,JPU861600083
1PC9joOlyckspuD5QhOZ9N,ヘルプ (Originally Performed by ザ・ビートルズ) -オルゴール-,オルゴール ミドリ,2016-11-19,1,157554,JPU861600084
4s89aCnw15CxNVkLhzMSrj,サムシング (Originally Performed by ザ・ビートルズ) -オルゴール-,オルゴール ミドリ,2016-11-19,1,231800,JPU861600085
6rEzTlHH8EFFyB2gcd2KC1,イン・マイ・ライフ (Originally Performed by ザ・ビートルズ) -オルゴール-,オルゴール ミドリ,2016-11-19,1,182789,JPU861600086
6asmoRvCys602e00GyKKUX,エリナー・リグビー (Originally Performed by ザ・ビートルズ) -オルゴール-,オルゴール ミドリ,2016-11-19,1,194476,JPU861600087
544J9QtAkpgWXKgsmcfp6Y,ヘイ・ジュード (Originally Performed by ザ・ビートルズ) -オルゴール-,オルゴール ミドリ,2016-11-19,1,241079,JPU861600088
5Tu4dEA9fCtOo5xbOte9es,ガール (Originally Performed by ザ・ビートルズ) -オルゴール-,オルゴール ミドリ,2016-11-19,1,186864,JPU861600089
2TsWYJrnDrowKjMmEIisig,イエスタデイ (Originally Performed by ザ・ビートルズ) -オルゴール-,オルゴール ミドリ,2016-11-19,1,157906,JPU861600090
54dEAkOkjnehRDDKnmoKnW,ザ・ロング・アンド・ワインディング・ロード (Originally Performed by ザ・ビートルズ) -オルゴール-,オルゴール ミドリ,2016-11-19,1,235222,JPU861600091
0yL3WzOZsA0EMcI10J7eiI,フロム・ミー・トゥ・ユー (Originally Performed by ザ・ビートルズ) -オルゴール-,オルゴール ミドリ,2016-11-19,1,219499,JPU861600092
2Mm7l8ESiiIhTum7nOPOa5,エイト・デイズ・ア・ウィーク (Originally Performed by ザ・ビートルズ) -オルゴール-,オルゴール ミドリ,2016-11-19,1,199603,JPU861600093
2Vgwk4AgjHoS7RTlTxkxcP,ミスター・ムーンライト (Originally Performed by ザ・ビートルズ) -オルゴール-,オルゴール ミドリ,2016-11-19,1,173515,JPU861600094
2ZJdNX1vopKSF8WuwwnH55,ハロー・グッドバイ (Originally Performed by ザ・ビートルズ) -オルゴール-,オルゴール ミドリ,2016-11-19,1,230189,JPU861600095
1sD1vxpBSe4O1hHoAEQU7X,オブラディ・オブラダ (Originally Performed by ザ・ビートルズ) -オルゴール-,オルゴール ミドリ,2016-11-19,1,218649,JPU861600096
4MwrzLfMJfMGgbCfjdGLXg,イエロー・サブマリン (Originally Performed by ザ・ビートルズ) -オルゴール-,オルゴール ミドリ,2016-11-19,1,201680,JPU861600097
2oqrzm6NzNDSZvS6Xa1RXb,ビコーズ (Originally Performed by ザ・ビートルズ) -オルゴール-,オルゴール ミドリ,2016-11-19,1,193641,JPU861600098
4xsiA1ECghubU4RYXtYdYm,ミッシェル (Originally Performed by ザ・ビートルズ) -オルゴール-,オルゴール ミドリ,2016-11-19,1,216412,JPU861600100
4m09j39UI2agpLo3bDhehx,ペニー・レイン (Originally Performed by ザ・ビートルズ) -オルゴール-,オルゴール ミドリ,2016-11-19,1,207475,JPU861600101
2vK1MMXO5ajtfp1w9iiYCv,レット・イット・ビー (Originally Performed by ザ・ビートルズ) -オルゴール-,オルゴール ミドリ,2016-11-19,1,224102,JPU861600102
7nm0ONYFMkTrEjVptcEu2q,believe (Originally Performed by Kalafina 「Fate/stay night」より) -オルゴール-,オルゴール ミドリ,2014-11-25,1,252115,JPH451400177
5JGd3mOL5ixuRmzSfTlF97,Seven Doors (Originally Performed by ZAQ 「トリニティセブン」より) -オルゴール-,オルゴール ミドリ,2014-11-25,0,251041,JPH451400179
4kNWv6rqw3G048vxQgefmi,銀閃の風 (Originally Performed by 鈴木このみ 「魔弾の王と戦姫」より) -オルゴール-,オルゴール ミドリ,2014-11-25,1,265165,JPH451400180
6bz00sze8BzoLwTcY2EMMv,AMAZING BREAK (Originally Performed by TERRASPEX 「テラフォーマーズ」より) -オルゴール-,オルゴール ミドリ,2014-11-25,0,198164,JPH451400181
0rl2xZuOaMIgk7r3Ponon2,セルリアン (Originally Performed by BACK-ON 「ガンダムビルドファイターズトライ」より) -オルゴール-,オルゴール ミドリ,2014-11-25,1,228105,JPH451400182
6wSlgry8VLK7vbA8Lp2yRF,とまどい→レシピ (Originally Performed by みかくにんぐッ! 「未確認で進行形」より),オルゴール ミドリ,2014-03-06,0,249447,JPH451400027
0i6fYaWeaygcDNQaKqYtNX,まっしろわーるど (Originally Performed by みかくにんぐッ! 「未確認で進行形」より),オルゴール ミドリ,2014-03-06,0,251539,JPH451400028
4POLoWA3GdvPsQk3m96OKT,ebb and flow (Originally Performed by Ray 「凪のあすから」より),オルゴール ミドリ,2014-03-06,1,248107,JPH451400029
2UvnLKe39ZsIKwKUsYQGX4,三つ葉の結びめ (Originally Performed by やなぎなぎ 「凪のあすから」より),オルゴール ミドリ,2014-03-06,0,274160,JPH451400030
6EJwISTVTCS1p1guJ5hbAO,秘密の扉から会いにきて (Originally Performed by 田村ゆかり 「のうりん」より),オルゴール ミドリ,2014-03-06,0,252498,JPH451400031
2vudHjF10PGJuSbOUKFkP2,変幻自在のマジカルスター (Originally Performed by GRANRODEO 「黒子のバスケ」より),オルゴール ミドリ,2014-03-06,1,225892,JPH451400033
1v9xlLMu5SNnSV7DcgeE0h,地獄の沙汰も君次第 (Originally Performed by 地獄の沙汰オールスターズ 「鬼灯の冷徹」より),オルゴール ミドリ,2014-03-06,4,226283,JPH451400034
3WX4qg6sfMsNZBq2euPMYL,天体観測 (Originally Performed by BUMP OF CHICKEN),オルゴール ミドリ,2014-02-25,2,269155,JPH451300944
17dYOyP1q1clK6BDLjeRTb,firefly (Originally Performed by BUMP OF CHICKEN),オルゴール ミドリ,2014-02-25,0,255695,JPH451300945
3Cw2J3Ym6JN1qEPvlwDMr7,メーデー (Originally Performed by BUMP OF CHICKEN),オルゴール ミドリ,2014-02-25,0,255545,JPH451300946
0jFgpXDf1ZSLmSCyaIkc6B,翼 (Originally Performed by 藍井エイル 「アルスラーン戦記 風塵乱舞」より) -オルゴール-,オルゴール ミドリ,2016-08-18,0,251079,JPU861600068
08hlaHY7ssHzr2MvBKyKvt,Watashi No Uso (Your Lie in April Original Soundtrack),Theishter,2016-12-25,43,240071,QZ4JJ1684899
4qyJf5WfPTj4JxL6vmpsfB,"Secret Base (From ""Anohana"")",Eddie van der Meer,2017-04-30,29,94000,QMPKX1763371
19CMv0tj2aoN12D5wXDUXL,Plastic Love - English Version,Lizz Robinett,2019-09-19,0,374920,QZGWW1968302
5OiMsRoj2VX2GkOgqwuwyp,"Across the Violet Sky (From ""Violet Evergarden"")",Fonzi M,2018-04-20,0,165760,QZ22B1928085
4qnV3xD043kwCkqSDBu1pB,"アメフラシの歌~Beautiful Rain~ (Originally Performed by ニケ・ルメルシエ(CV:前田玲奈) 「それでも世界は美しい""より)",オルゴール ミドリ,2014-05-16,9,267351,JPH451400075
48XkVAagIoQHCsOlJtXUd5,still feel.,half•alive,2019-08-09,61,247786,GBKPL1814938
6iWEhoALoBFnQMNVhYY0Sc,You're Somebody Else,flora cash,2020-03-06,67,219013,SEXCG1700102
131sUIJTuOwXZkzovJ1AGs,Medusa,Kailee Morgue,2018-01-19,43,203026,USUM71711394
5oyCruHORvRI8UEh9xVyam,Horns,Bryce Fox,2017-10-20,0,217625,TCACN1612157
4YNySWl0EeDoibxoS7Wubo,Fallout,UNSECRET,2019-07-12,52,213770,QM24S1922303
0Y5nfKx3OnZWPIO0vHbinL,Demons,Hayley Kiyoko,2019-10-11,0,179612,USAT21905496
7krfJLNZ3Q1ITV3PKVbyoM,You And I,Barns Courtney,2019-09-06,43,176680,GBUM71804597
0iHA83002w19QxhOIixKDy,Oh My Dear Lord,The Unlikely Candidates,2018-01-12,48,192500,USQX91702599
4xb8JHIN56xixSl6vkSPjm,Siren,Kailee Morgue,2018-08-24,59,200266,USUM71812370
1C3PEP1tk73s00Stxb2N8Z,I’ll Still Have Me,Cyn,2019-09-20,38,219267,QZ93V1800007
194IyRcyEwRpu2iCvqyq71,Not In California,K.Flay,2019-07-12,29,217040,USUM71907469
7pqZZcz4K6Oitb9G8hXJUG,Start a War,Klergy,2017-10-10,56,214545,TCADH1775164
44oCGRuPFy7Uz6w4KliMBS,Sing To Me,MISSIO,2019-11-06,53,189920,USRC11902798
12rhvKDK2FfHTZZ1sSAHDG,Cringe,Matt Maeson,2019-04-05,63,216213,USAT21603312
0POuQCMT4zyRzB2MjbzVaI,Bad Vibes,K.Flay,2019-07-12,37,185906,USUM71901348
6NJ5Q5QujNwwsst5mdSEfF,Die Happy,DREAMERS,2019-04-26,47,186902,USHR11939058
0ZPMI8Gnz7p6omBBIOwiO9,A Little Wicked,Valerie Broussard,2016-02-16,55,210274,QMPKX1645089
5C5gvDZsl6d8bh89URfKHr,Pork Soda,Glass Animals,2016-08-26,63,253831,GB2DY1600025
2NeM9rfWo70KQej9GxeaoL,Where's My Love,SYML,2019-05-03,0,202009,CAN111700009
6RGkwhDLaHxWWXY0jn1jFv,Concrete Jungle - Acoustic,Au/Ra,2016-11-18,39,160345,GBKPL1673879
2WDffjRjjtxHcHCHkLpB5p,Queen Of The Night,Hey Violet,2019-07-19,40,197497,USUG11901831
1KcXKTF5TQqMjD7aXWURQY,Hallelujah,Oh Wonder,2020-02-07,38,191000,GBUM71904225
0jh3Rey2X3m5DOHiRGGGCM,Crazy,Nothing But Thieves,2018-04-27,38,278586,GBARL1800004
3iARls5EH6Q4fks2tWJStQ,Bury Me Low,8 Graves,2019-02-22,0,217010,GBKPL1824502
2XMXOcikghx1rZOGf8vJDV,I Don't Like You,Grace VanderWaal,2019-10-18,38,193066,USSM11906209
6AvslIXIi9iaGvukefyVVK,Bottom Of The Deep Blue Sea,MISSIO,2017-05-19,53,231586,USRC11700411
2rNNrLzOOG4n4yMiNSy8dQ,Death of Me,SAINT PHNX,2020-01-31,0,172733,GBKPL1828452
67YPjbcxUypwNOwYBZquq1,Superposition,Young the Giant,2018-10-12,63,230959,USAT21810536
1gzXHWAGYKbaHubERNp0Ox,Soldier,Fleurie,2016-09-19,0,225346,TCACM1667377
0hszdoVlNoaNJFtiODctHW,whywhywhy,MisterWives,2019-11-08,0,200680,USAT21903698
6UVZo6UKUZC1J2KPP3IIwQ,yes & no,XYLØ,2019-05-31,54,178983,QM24S1918062
64sp7I8wf70B7OLOpih6XJ,Normal,Sasha Alex Sloan,2018-04-18,40,192200,QM24S1800733
2QffgsYVZkvMQsZmQdgf2L,Paper Love,Allie X,2017-06-09,0,197673,GBLFP1708886
4V1rvEOILZVn2rRyAEJaSr,Trampoline,SHAED,2019-12-27,49,184060,QZ47A1800201
1zeH4lyTUZBp567d6K6zTM,Mermaid,Skott,2017-07-19,43,211275,GBARL1700897
3i5jKbMOcBqgnKlx5UyH9d,Dance in the Dark,Au/Ra,2019-07-05,50,178187,GBARL1900742
3GjLecyioIsSt0EaNecctC,Underground,MISSIO,2019-04-12,42,207106,USRC11900365
7FVGIPgLMDChTffvG2LuHV,Holy,King Princess,2018-06-15,51,174666,USSM11801304
7nDFTHHwfe32a8qdp9XqPy,False Confidence,Noah Kahan,2019-06-14,73,223400,USUM71814497
1MwhMHMP9gu2pGRNeJ2u0u,SAD AND BORED,bülow,2018-06-08,30,201720,CAUM71800075
3zx6dcYuKX7sYrI1TaDf4y,Sister,K.Flay,2019-07-12,36,205066,USUM71907466
5XBqGcLYOZi8CEW83Ug7Fs,Clearly,Grace VanderWaal,2018-03-30,48,251906,USSM11708195
4ypPGLUM4APSwUkPUcKAGj,They Own This Town,flora cash,2020-03-06,33,226346,USRC11803470
4XII12nbsvJblXfG1I2QR4,About Love - From The Netflix Film “To All The Boys: P.S. I Still Love You”,MARINA,2020-02-07,52,214106,USUM72001721
2D0FX6WiP1GKGL3yCdXxs7,Joke's On You,Charlotte Lawrence,2020-01-17,62,184658,USAT21907354
24tKi7ruqUPHsEA6TQQq6X,Secrets and Lies,Ruelle,2017-06-20,0,263928,TCADC1702188
4qoD4IJbbir3hsAu4IowiG,Devil's Backbone,The Civil Wars,2013-08-02,42,149426,USQX91301054
5F3QLG5Vnc1kT02PM9Mk37,Lottery,Jade Bird,2019-04-19,0,151906,USYAH1700202
7a0VLUciBUdE2RmpEnod9O,Fools,ufo ufo,2018-12-14,0,220084,QZES91838729
70JW8fz57MjPgbudBsx8rh,Favorite Color Is Blue,Robert DeLong,2018-02-23,0,214629,USYAH1700230
1RVfzEuoVcqRxvGnfPmIOS,Creature,BONES UK,2019-07-12,0,188000,USHM21806291
4TQcARE7Fd58akNhr3N7AE,Twisted,MISSIO,2017-05-19,62,222706,USRC11700801
7tuV9cleysQqDPQ66Z5FpR,Stay Happy,Au/Ra,2019-09-13,30,204803,GBARL1901040
536vha5aAUhlb50NGDfzfa,You're Somebody Else - Acoustic,flora cash,2018-07-24,50,219029,SEXCG1700114
37M3OdQDrqzHSYwgMC7Jgi,Undo,Transviolet,2018-09-21,0,231960,QMRSZ1801100
5gAC4dyUhRY9ibLg7ePZ39,Loud Magic,Foreign Air,2018-05-11,0,204626,QZ5AB1914183
0XVQTr58DZbLUcjacnTp8k,Madness,Ruelle,2016-12-09,0,211139,TCACU1615176
1HVrRO2uuCl3PslkOKEdjE,Black Sheep,Kailee Morgue,2019-08-09,45,183920,USUM71915282
5V7wh1SBtYZTqRLEsBuZAL,to the grave,Bea Miller,2018-02-23,34,237746,USHR11738180
1xErKvTvMqszpokp8Mr3Mq,Can't Help Falling In Love - DARK,Tommee Profitt,2020-05-01,53,169500,USUG11901662
2y8iBf0QRqCKFtePi9Rl2H,Why Do You Love Me,Charlotte Lawrence,2019-07-19,48,171908,USAT21903663
3XMyREykeptNpvd0tE75xw,Numb,MEG MYERS,2018-07-20,40,262814,QMCE31801717
4R6GBcZr5z2Nnz4erV3VZb,Beautiful (Originally Performed by 安室奈美恵),オルゴール ミドリ,2013-08-30,0,256333,JPH451300430
0V2m6fV7wmHWLeoDz4wOPP,雪だるまつくろう (Originally Performed by クリステン・ベル、アガサ・リー・モン&ケイティー・ロペス 「アナと雪の女王」より),オルゴール ミドリ,2014-04-01,0,158550,JPH451400050
5mijkt00hEu6m2nwkRiFS3,その時、蒼穹へ (Originally Performed by angela 「蒼穹のファフナー EXODUS」より) -オルゴール-,オルゴール ミドリ,2015-05-29,0,297229,JPH451400227
5aGEKLmWiKoeMcyssZpB9O,10年桜 (Originally Performed by AKB48),オルゴール ミドリ,2013-12-16,0,248994,JPH451300774
483GyF1cAfHcSsHC4BLX1c,復活LOVE (Originally Performed by 嵐) -オルゴール-,オルゴール ミドリ,2016-03-18,4,204849,JPU861600011
6rv8N1Jo1UeUREFVU55GOU,view (Originally Performed by スキマスイッチ),オルゴール ミドリ,2013-12-12,0,244832,JPH451300975
4kNK1vr85VI3Zv7Gl9jIMz,スカーレット (Originally Performed by スキマスイッチ),オルゴール ミドリ,2013-08-28,0,250992,JPH451300384
199eSQuAbIHK81w7Cd7fNk,トポロジー (Originally Performed by いとうかなこ 「ROBOTICS;NOTES」より),オルゴール ミドリ,2013-08-28,0,278905,JPH451300371
3nJ0thKDtbfACHWYcXDUHu,瞳のスクリーン (Originally Performed by Hey!Say!JUMP),オルゴール ミドリ,2013-12-09,2,273062,JPH451300714
3JNvyKIqZXsVO0aowqN9di,Distance (Originally Performed by 西野カナ),オルゴール ミドリ,2013-12-16,0,250881,JPH451300799
6QhO6pvWXj1lWHW8oVvqnI,デビルマンのうた (Originally Performed by 「デビルマン」より),オルゴール ミドリ,2013-11-26,0,198516,JPH451300603
1IdRmXhK7LquAiRtTuJ54l,白雪姫 (Originally Performed by Flower),オルゴール ミドリ,2013-12-11,0,268654,JPH451301110
0uaQZKIEkkeapMhuFtm3E6,道 (Originally Performed by EXILE),オルゴール ミドリ,2013-12-16,1,246933,JPH451300829
1Abaqoez4HNzG3RnypmtzA,IGNITE (Originally Performed by 藍井エイル 「ソードアート・オンラインⅡ」より) - Orgel,オルゴール ミドリ,2014-08-18,0,241964,JPH451400129
3zdrXh3fNd2iBTZjtcl9ZZ,上からマリコ (Originally Performed by AKB48),オルゴール ミドリ,2013-12-16,0,219218,JPH451300744
6iuGyztFAae7oYMl1l6XnG,愛、テキサス (Originally Performed by 山下智久),オルゴール ミドリ,2013-12-09,1,210679,JPH451300719
1G1d4QqjA4TBXfkDPoF65z,タカラモノズ (Originally Performed by μ's 「ラブライブ!スクールアイドルフェスティバル」より),オルゴール ミドリ,2014-02-10,0,251531,JPH451400005
2GMx0JQv4guwGAVWQH3jBq,ZONE//ALONE (Originally Performed by 茅原実里 「境界線上のホライゾンII」より),オルゴール ミドリ,2013-10-03,0,233164,JPH451300526
3IA89ROOb6QcQxFkviEs4e,Where We Come Alive,Ruelle,2018-12-14,0,212957,QZF921800013
3IN7Bpmvsnxxj8lLDexF5X,Ghost Of Mine,Kailee Morgue,2018-01-19,36,224973,USUM71800103
1ibQiWl2i50MGt3SpRuE0D,Mr. Sandman,SYML,2017-05-12,0,206493,CAN111700076
2Uws5LNuLkvf9aR14UM3x2,Reasons Not To Die - Demo,Ryn Weaver,2018-09-14,38,220629,USAT21811029
0ts61Ufav0d4yyT3SLzF1q,ISOU,SHAED,2019-05-31,27,213372,QZ47A1900208
16tvIGzCNfRLVbm8G39DDo,The Seed,AURORA,2019-06-07,55,266969,GBUM71808078
5wuxZ6UBwAsZpRfQuEVyzw,Man or a Monster (feat. Zayde Wølf),Sam Tinnesz,2015-12-12,48,205343,TCACK1569769
65Kx5KhN6EiKyOpZa67ikj,Killer,Valerie Broussard,2019-10-23,51,150626,USRC11902825
2jSwKQBouf0brIcxGfA9CZ,Super Bass,Nicki Minaj,2010-01-01,0,200013,USCM51000734
3yhhVI7szVLsqVKt9gg01e,Ride,SoMo,2014-01-01,57,289133,USUM71317975
0Mlm5SrNK34Jqn8Rk1Gs3g,"Sit Still, Look Pretty",Daya,2016-10-07,0,202221,QM3EH1500005
3ZAMtgYJFoHwJjFkhkXqKr,Dance (A$$) Remix,Big Sean,2011-01-01,57,220293,USUM71116321
0PGLRTN0X6DrXh645WJCIY,I Really Like You,Carly Rae Jepsen,2015-08-21,2,204773,USUM71501431
2qsQ8eVDPmobZpvDxQCVQu,Barbie Tingz,Nicki Minaj,2018-04-12,59,191699,USCM51800075
1GBknQ67DCfKTPms1dw9EW,Nobody's Perfect - From “Hannah Montana 2”,Hannah Montana,2007-01-01,0,200826,USWD10730703
6NmCCgnQcxKHPOAKgd9Nth,Baby I,Ariana Grande,2013-01-01,58,197600,USUM71309591
2r6DdaSbkbwoPzuK6NjLPn,Can't Be Tamed,Miley Cyrus,2010-01-01,60,168213,USHR11024938
0QVAlchLCx15ZLSoR9Wg1B,Higher,The Saturdays,2010-01-01,47,207613,GBUM71024215
0laYHRpNTS6i8FXdupHkJ4,Love You Like A Love Song,Selena Gomez & The Scene,2011-01-01,79,188453,USHR11132668
4sOX1nhpKwFWPvoMMExi3q,Primadonna,MARINA,2012-04-27,71,221075,GBFFS1200009
6I9VzXrHxO9rA9A5euc8Ak,Toxic,Britney Spears,2003-11-13,84,198800,USJI10301005
5jzX4dWVQeBTtfBaXnMRt5,DONTTRUSTME,3OH!3,2008-07-07,69,192573,USAT20802554
07HPV6hzecJmMJwsIX8YVU,He Could Be the One,Hannah Montana,2009-01-01,63,180800,USWD10936372
5uHYcK0nbEYgRaFTY5BqnP,Magic (feat. Rivers Cuomo),B.o.B,2010-04-27,64,196133,USAT21000545
5vTPxzm4h2bY9rYyVrGEU5,Really Don't Care,Demi Lovato,2013-01-01,68,201600,USHR11334431
4pAl7FkDMNBsjykPXo91B3,Needed Me,Rihanna,2016-01-28,81,191600,QM5FT1600118
7lWUJpax919G4JdaFEVmCy,Blah Blah Blah (feat. 3OH!3),Kesha,2010-01-01,67,172053,USRC10900738
2t8MubXQOq9yaf9YjLXcdD,My First Kiss (feat. Ke$ha),3OH!3,2010-06-28,37,192440,USAT21000648
7ssEhls1ZYEGtBsoovkMSe,Level Up,Ciara,2019-05-10,1,204150,ZZOPM1800407
116kG9vvdUtoprjYtToONt,Beggin' On Your Knees (feat. Victoria Justice),Victorious Cast,2011-08-01,59,193546,USSM11101305
11dxtPJKR4E0wlSr0A0t47,Potential Breakup Song,Aly & AJ,2007-01-01,62,219773,USHR10723111
7lT9KJpfzMTNi9702WuNI8,Body Language,Jesse McCartney,2008,45,219213,USHR10924370
77W6VUoJdasCQgjc5DW19q,Wings,Little Mix,2012,0,219733,GBHMU1200137
2GGMabyHXnJmjY6CXhhB2e,Money,Cardi B,2018-10-23,69,183527,USAT21811495
2fQxE0jVrjNMT9oJAXtSJR,Domino,Jessie J,2011-01-01,74,231840,USUM71113573
41Fflg7qHiVOD6dEPvsCzO,Worth It (feat. Kid Ink),Fifth Harmony,2015-01-30,72,224573,USSM11406644
4fixebDZAVToLbUCuEloa2,Womanizer,Britney Spears,2008-12-02,77,224400,USJI10800838
0WjQu6qf7KlVWAb6JqICYd,ICE,Kelly Rowland,2012-01-01,41,248933,USUM71207857
4w2sOKmotzKsdGDLHic94B,Tonight I’m Getting Over You,Carly Rae Jepsen,2012-01-01,42,219213,USUM71208958
3TcL0dyCMyr0kyTTc4NLgI,Who Says,Selena Gomez & The Scene,2011-01-01,72,195613,USHR11132695
0AfYeE3bfJRcq9J2hUJXmM,How to Be a Heartbreaker,MARINA,2012-09-26,42,221493,GBFFS1200077
5cCAZS9VhLGEDV4NCfieeg,I Wanna Go,Britney Spears,2011-03-28,66,210266,USJI11100095
5ilbsx6qkdgTZLptWIvXEV,Best Friend's Brother (feat. Victoria Justice),Victorious Cast,2011-08-01,54,218266,USSM11101542
5lVabPJOwU8e6sAptZQs9Y,Beg For It,Iggy Azalea,2014-10-01,38,178107,GBUM71405403
36GwIkvljk5jTmJZm9yhKN,Beautiful life (Originally Performed by 福山雅治),オルゴール ミドリ,2013-12-12,0,288129,JPH451300842
0CNuKKi6MHrr8DqYtpzbCD,bossa uh,potsu,2019-02-23,0,210057,QM24S1907624
03EyMyy76ZYLUh3lvGrNgE,First Steps,Lena Raine,2018-01-25,0,218708,QZARB1852741
74t6wFVz6sU52IzAQcC1kQ,"memories of her, last winter",Rook1e,2019-12-31,36,115135,QZHNC1971542
1TmgMwcry5pzbEOuLrsu7b,letting go,potsu,2018-07-17,0,198825,QM42K1831234
6obeFK7XJ3JeFRqN0C2FSj,Pyr,Knowmadic,2019-08-30,0,156800,TCAEJ1998125
3ry2moOJgNnNQh1nLJT17K,Seeing You,Idealism,2017-04-23,22,196363,QM42K1729065
4BGfM7Faj0dyEnSuaOw67j,I Fall in Love Too Easliy,Caleb Belkin,2017-07-16,0,139691,UST8K1765892
3BTIM8ThUBGt1moiJEL1pg,"midnight, somewhere",Idealism,2017-11-07,30,194822,QM42K1744714
2CKOZX79ZovArvUA5OrZXN,喫茶店,frad,2018-05-05,43,205766,QZES61916202
4JjpOx1UPqLqnPRGizLgKy,Moving,H E R B,2017-11-11,38,96313,QZARB1826061
4aiopI1U1Bee0xX8Z007Kp,nunca,eevee,2019-10-25,0,88250,DEQ021909945
6Rlsoe5QjOEH6YdcmF4J5F,Cold Days,Sky.High,2017-12-17,0,124580,QZAPG1748132
58H7WUE0znS3jv91QBcIms,silhouette,Elijah Who,2020-05-08,0,113941,DEQ022007045
2lMrcw1NFAqHz4ZFi4WpLS,I Can't See You in the Dark,rei brown,2017-09-29,0,214201,QZ9JZ1769716
0uguTAc0yJY2vfmqiuYoob,セックス大好き,Pink Guy,2017-01-04,43,142760,QZ4JJ1704552
4Exknuth94DX8UKqaoxKoj,Dumplings,Pink Guy,2017-01-04,40,138946,QZ4JJ1704553
0KTja597ZMQUsQuUljoCX4,Meme Machine,Pink Guy,2017-01-04,32,130720,QZ4JJ1704554
47hAiP1eoRHkFJRUMqdeqr,D I C C W E T T 1,Pink Guy,2017-01-04,27,53413,QZ4JJ1704556
2p6es5NEF5CBRrKC1lJHri,Your Favorite Place,Joey Pecoraro,2017-12-11,39,221536,GBLV61724104
07MZXSRBs5DJxYZiRTFJe8,Sleep Next to Me,A L E X,2017-06-26,37,139911,QM2PV1796506
02cyI9GE6GQqh60CZADM8v,I need to paint my walls,A L E X,2018-12-12,46,163500,GBLV61811344
5vpZCx3UVOjIwbmEWthFfO,blossoms,frad,2018-06-12,0,156800,QM42K1866211
6EUMXzizgZAFOhll8tKXyB,Lonely,Idealism,2017-02-13,0,119901,TCACX1747925
39qwnp9qlLcYd4bq6s5HMj,Faces,Knowmadic,2019-01-07,37,133165,GBLV61819015
2GJw04N4qicpKY7Q2RIBJa,early mornings,eevee,2019-02-08,0,126968,DEQ021900568
1m7dIu65R93XCHNL5I7ugs,In Passing,stream_error,2020-03-31,0,170526,TCAES2036576
3b8REPBdYQfaZvblfMuwc5,happy hour,Nohidea,2017-08-06,0,69818,QM42K1779225
00e1c7sY2YmpscKwKdddX0,"What Love Is, I Think",Rook1e,2017-09-07,35,70423,QZ9JZ1724820
1H3TckEBugMcQsur6Q0gTN,Forever in My Mind,Idealism,2019-09-06,28,253928,QZHN31948653
1D1T85tGQBtiQwXbTRYXXC,Water,Caleb Belkin,2017-07-16,0,118554,UST8K1765894
5j6vt3vHU22A9nuuMlRnwA,m i s t,eevee,2017-03-16,0,118182,DEQ121746149
50Nu1SxRlchFjuDKSzQ1BI,doing laundry,weird inside,2020-03-09,36,128372,NL1LE2000508
4ZU0VAYzClR9hVMwWvBDaw,2020,Idealism,2017-11-07,27,202105,QM42K1795171
5QgMwPR13D6zOqPY1UpPKc,Blow Ya Mind,Nicki Minaj,2010-01-01,0,220546,USUM71025303
5EWibVS5ZGNitORaRQWm6u,Last Chance,Nicki Minaj,2010-01-01,0,231133,USCM51000733
2F68RbeNFe76afLmgNjCKu,Bella Ciao (Elyella Remix),Manu Pilas,2020-04-16,27,326250,ES84S1900545
4oQVi5fyLvQuCRD6ne6wxL,mukaikaze,chiaki,2019-03-02,0,246620,TCJPI1968248
2ZJLIASV4wHrQj84LQMQWG,Blueberry Night,chiaki,2019-03-02,0,272644,TCJPI1968249
7ptSnL9MIJAnSitWbit5ur,mukaikaze surihettakutu,First Floor,2020-04-17,0,258063,TCJPL2004261
3ash4fHlsA9SWUk3wfXKVG,Coral Dreams,Saib,2019-05-20,33,171428,GBKQU1946110
1gL3G0PB395oyIGZC2bWW5,Light & Day - Single Version,The Polyphonic Spree,2003,31,183986,GBFFS0200058
2Ax7L8o7D4ITqkdPUV2icb,I Was Lost Until I Met You,sad boy with a laptop,2018-10-04,36,108118,UST8K1875753
14Q9v3KDbgXk20XlpFiUmN,Anywhere Next to You,sad boy with a laptop,2019-05-06,35,148000,QZES81963557
0T3AL6GpsAkydCNBZ9VguC,"Hi You're Cool, Wanna Get Bubble Tea?",sad boy with a laptop,2018-05-29,34,120000,QZDA41805942
370LALwO8rpzOeA8YaaS1g,You're My Favorite Person to Be Around,sad boy with a laptop,2018-05-29,32,219000,QZDA41805943
47iWj6PtJXITTHEVHAXeM6,Silent Confessions,sad boy with a laptop,2018-05-29,26,129000,QZDA41805948
0wlaWkQHZWVSFBXmIJQjPe,You Were So Far Away,sad boy with a laptop,2018-08-19,19,194000,QZDA81874171
2f8nq19OT49w6EUZO011ll,coffee shop whispers,sad boy with a laptop,2019-04-09,0,113057,QM42K1922140
6O7tkXkAc1zGU1CiVnHGyL,I Fell for You in a Coffee Shop,sad boy with a laptop,2018-05-29,27,125333,QZDA41805945
4A4YwiX5y7yF4RArdKmDBz,There's Just Something About You,sad boy with a laptop,2018-05-29,26,184800,QZDA41805947
1fMBZ6J6a08HBd3JqnEBXL,Petrichor,sad boy with a laptop,2019-11-01,12,181333,QZHN91913656
2BWmn4CFqXpRsOctU9Qs32,Silent Love,sad boy with a laptop,2019-11-01,8,144750,QZHN91913657
2sekwUeZc97gGIcB0RVYBB,False Oasis,sad boy with a laptop,2019-11-01,8,167190,QZHN91913658
2hyF3s4o1HcYrDuWinTNr3,Lacuna,sad boy with a laptop,2019-11-01,4,91826,QZHN91913659
75QM1wnI4H44z9MqW7wXTv,Solace,sad boy with a laptop,2019-11-01,6,166400,QZHN91913660
4qb1KNHE6uzpz4h48C2V8D,Internal Renaissance,sad boy with a laptop,2019-11-01,5,177333,QZHN91913661
404lvinQ7zc93sPFOsaDfx,Comfort in Solitude,sad boy with a laptop,2019-11-01,5,225000,QZHN91913662
0xTkIhoDHOpdUfyqS3xxBd,Home,sad boy with a laptop,2019-11-01,11,192000,QZHN91913663
4cYctTr8pP14uiu5FHSrcK,Into the Forrest,sad boy with a laptop,2019-04-02,0,96000,QZES51995264
5VURpsRP6O67XQUA3drwxI,Portals to Mystical Worlds,sad boy with a laptop,2019-04-02,0,165818,QZES51995265
34G3jenfK6ZAC0voVVAo7K,Kikai's Journey,sad boy with a laptop,2019-04-02,0,167922,QZES51995266
5Bv5XY4sZcyczD0yhLk867,Fog Filled Dungeons,sad boy with a laptop,2019-04-02,0,144000,QZES51995267
2EKWcc44IgeInm7cu6hact,Adventurers,sad boy with a laptop,2019-04-02,0,87457,QZES51995268
34l62yBKLJkakAFz0lFbEF,Princess Castle,sad boy with a laptop,2019-04-02,0,186000,QZES51995269
5ZjQ40nw9OfTcd6XkiibFO,Sunsets Across the Horizon,sad boy with a laptop,2019-04-02,0,136615,QZES51995270
6VGjG1zkZQ5Dp1PTAPFJLm,Let's Talk Till the Sun Comes Up,sad boy with a laptop,2018-05-29,22,192000,QZDA41805944
6Is7XeUIIHimWlAye8O7vY,Hanako,sad boy with a laptop,2018-05-29,21,240000,QZDA41805946
2vqPvgMpFPpC6VzaZKCUDt,Evergreen,sad boy with a laptop,2020-02-10,8,214588,QZFZ22052237
57aKU20pM8ETcPV2QN9jBK,Solace,sad boy with a laptop,2019-09-10,3,166400,QZHN41900384
4agJMCUURmHv1aOZtQdO6m,Summer Awaits,sad boy with a laptop,2019-04-13,14,204000,QZES61965113
0in5c6TW61I4uyhQapxCUS,Ice Cream Dates,sad boy with a laptop,2019-02-23,17,134769,QM24S1906195
62QdQdp5Z3ClSepnIw0y1E,Honesty,sad boy with a laptop,2018-12-26,12,169534,QZ4JJ1826902
7wlOKcXx0rVINFGmdAqkMZ,Quiet Walks on a Snowy Street,sad boy with a laptop,2018-11-26,12,111000,QZES81818404
1FoqgqXtmXgSjfwvzGgtK2,You Deserve More,sad boy with a laptop,2018-06-30,13,195000,QZDA51882029
5Nf6e34B14eKyn603RNW6O,morning walks to the café together,sad boy with a laptop,2018-03-27,18,150857,QZDA51832219
6Vvqi1hjuZkH3yBgsLt0GR,A Walk Through Arashiyama,sad boy with a laptop,2018-01-02,6,201639,QZB4J1819959
7dGCfHStIIHSaLkgv5Qtzg,Talking to You Makes Me Less Sad,sad boy with a laptop,2018-01-02,7,168907,QZB4J1819960
1x1NGz6wx7zgWoo8GR527e,You Make My Heart Go Doki Doki,sad boy with a laptop,2018-01-02,16,204042,QZB4J1819961
2zs3XaqMkhhs0MMBUiw3k1,Lets Eat Pocky and Look at Stars Together,sad boy with a laptop,2018-01-02,13,210703,QZB4J1819962
3CuSIf3eIdCdC8KogFba1L,"Today Was Fun, See You Tomorrow (Interlude)",sad boy with a laptop,2018-01-02,7,90044,QZB4J1819963
62hv4EO0sNhhrUngIIlA39,Into The Limelight,Trivecta,2016-04-15,23,270000,CA6D21600107
5AWMbJ60z0NmztJ1Edl00K,Never Be Like You,Flume,2016-05-27,3,234909,AUFF01500784
2qjLw6ZP5EqOYztK7D0gve,Release,JayKode,2015-07-06,0,246006,QM4DW1540920
2DLrgv7HhJanCuD8L9uJLR,Zenzenzense - movie ver.,RADWIMPS,2016-08-24,63,285880,JPPO01617097
6Rtv85QwCjlPTJMK2LtV5J,Sorry Not Sorry,Demi Lovato,2020-06-26,0,203760,USUM71707196
5MMu9zi4UrctTCXQqNJUCY,Feels Great (feat. Fetty Wap & CVBZ),Cheat Codes,2017-10-13,47,193568,QMCE31701396
0puf9yIluy9W0vpMEUoAnN,Bang Bang,Jessie J,2014-10-10,78,199386,USUM71409737
22vgEDb5hykfaTwLuskFGD,Sucker,Jonas Brothers,2019-06-07,76,181026,USUG11900515
3lCHADWP8ohxnfBiUqAN3o,This Is Me (From the Greatest Showman),Kesha,2017-12-22,52,234886,USRC11703446
5A3fPy30SN2wuzrahpcxvV,"Don't Give Up On Me - (From ""Five Feet Apart"")",Andy Grammer,2019-07-26,4,196187,QMRSZ1802908
5O3nMjk8xL7n4TIh0tym4i,123456,Fitz and The Tantrums,2019-09-20,43,184641,USAT21901788
0eoMfHxx2AtVjne1A5VlHD,I Need Help!,Fitz and The Tantrums,2019-09-20,32,188388,USAT21902544
1jMGBAamZucPmJYHmriGP5,Home We'll Go (Take My Hand),Steve Aoki,2015-05-11,39,307653,USUS11203339
4fbvXwMTXPWaFyaMWUm9CR,Holocene,Bon Iver,2011-06-21,0,336613,US38Y1113503
3MEYFivt6bilQ9q9mFWZ4g,Alone,Marshmello,2016-05-13,69,273802,CA6D21600147
7dEfa89dZfo6CQPdsgGCF6,Nandemonaiya - movie ver.,RADWIMPS,2016-08-24,61,344053,JPPO01618977
6F1tpMt4vwHFx5A8aWq5Q2,Evenings,Idealism,2018-01-28,0,121481,QM24S1800825
78TX3yQyKh1hdnbvtfrlEC,julien mier type beatsy (or is it?),In Love With a Ghost,2020-07-31,18,58181,QM24S2007474
5kCevMpozJ5dxAGO6Ogx5K,let's be honest i wouldn't go in that place alone,In Love With a Ghost,2020-07-31,18,131612,QM24S2007493
6MY4titkZTOB13T2TsloT8,idk,In Love With a Ghost,2020-07-31,17,95851,QM24S2007481
1tMFWKccT0V09EUoGqj4Yw,secret little song,In Love With a Ghost,2020-07-31,20,143375,QM24S2007490
2A8n18wGgnByJCpUX6BMDt,cute and soft,In Love With a Ghost,2020-07-31,22,42986,QM24S2007483
4QF38bVJbzZXWgS7xFEkY2,x_hyper_feelings_x,In Love With a Ghost,2020-07-31,25,81600,QM24S2007470
47RsiU8exDdycJW731b6mE,gummy pop,In Love With a Ghost,2020-07-31,24,32000,QM24S2007485
2U2gdT333c0wq5FOLm8JQE,the end (rejected demo),In Love With a Ghost,2020-07-31,18,71302,QM24S2007494
5wHCTJk5QjBO3bjdu0aYqX,bopbop,In Love With a Ghost,2020-07-31,0,18666,QM24S2007482
0rZjIUqYHZeXKC1nRwYX26,trans rights,In Love With a Ghost,2020-07-31,21,112000,QM24S2007478
5B3Vm5qDlr6ct03OX5c7kw,"in the corner of my eyes, there is stardust",In Love With a Ghost,2020-07-31,25,84067,QM24S2007487
7kcOelfJSBZvwddks44wYl,new home,In Love With a Ghost,2020-07-31,45,31111,QM24S2007491
154u9KdMk1QwrJX5K1wzp7,help,In Love With a Ghost,2020-07-31,33,30857,QM24S2007476
1peYXpGL9rNoSEk61JYT3z,az,In Love With a Ghost,2020-07-31,20,52384,QM24S2007472
6oBRD2cMj52yMOEq1Gl151,xxxxxxxxx.,In Love With a Ghost,2020-07-31,20,61440,QM24S2007479
1sbyyKTR6gICUC34McvLlV,space kitty with magic propulsor,In Love With a Ghost,2020-07-31,21,117333,QM24S2007492
0g9rEYOjX9zi2pkmpuusl6,spring spirits,In Love With a Ghost,2020-07-31,1,25600,QM24S2007475
5CXUxokPTnJS0ZJgioFmrB,funfunfun,In Love With a Ghost,2020-07-31,25,245517,QM24S2007468
7f6h9vDLDZx3lA0YhMI6in,tokkepi,In Love With a Ghost,2020-07-31,19,94814,QM24S2007495
2N4kIYvk0aJYZ4o6qSLSyj,for you,In Love With a Ghost,2020-07-31,17,112000,QM24S2007484
1j5ltBR4BPbfCv2ilIsYhD,trappy trappy,In Love With a Ghost,2020-07-31,0,29257,QM24S2007471
7EcjvTxHPbmGPudtYCRMsu,let's go deeper,In Love With a Ghost,2020-07-31,17,43146,QM24S2007488
6819qYmkwXs7TpedLUhrgG,a thing,In Love With a Ghost,2020-07-31,16,33204,QM24S2007477
6GU18i4ospdGLDLyAXUxG4,more avocado please,In Love With a Ghost,2020-07-31,0,15238,QM24S2007489
2MTLdXMYYqoDpmUKYd35EA,vuii,In Love With a Ghost,2020-07-31,1,9230,QM24S2007469
11QrAXzfQ2RTNPivxPd6iK,ilya,In Love With a Ghost,2020-07-31,28,78653,QM24S2007473
0obHmE2ejAFQe2Vdox9TOC,i close my eyes and all i can see is more eyes,In Love With a Ghost,2020-07-31,19,100000,QM24S2007486
45QTRSrFVSbfTJSpHNIlaP,summer party 3019,In Love With a Ghost,2020-07-31,18,186782,QM24S2007496
2VRC3s5zBU1R9do2CPFFTO,guitarrr,In Love With a Ghost,2020-07-31,23,33391,QM24S2007480
0klnCzWGjoRQBjoPYe44Gl,Here Comes the End (feat. Judith Hill),Gerard Way,2020-07-08,40,211633,USRE12000735
00s8dO3RWrFkBqC9JIy6ag,Right Back Where We Started From,Maxine Nightingale,2019-06-14,55,192266,GBAYE7500076
5K18Nxdg6QPLZhf3iRgmGt,Wicked Games - Radio Edit,Parra for Cuva,2014-07-22,0,195210,NLZ541300724
3spdoTYpuCpmq19tuD0bOe,My Way,Frank Sinatra,1969-03,72,276800,USRH10902101
1X3QZcv5bSyuibFazrif9u,Love Is Blue,Marty Robbins,1968,41,147026,USSM19905575
3KzgdYUlqV6TOG7JCmx2Wg,Beyond the Sea,Bobby Darin,1959,67,172480,USEW10000026
0ueW3FHaLH1vBVhyBggvCm,I Wonder What the Future Holds for Me,Glenn Snow,2018-11-23,0,148160,USCW61807805
3ZTRTKx8uqpzqqWOA3JyNN,Rocket Fuel (feat. De La Soul),DJ Shadow,2019-07-24,0,195666,QM8RL1900885
2FUCIb2sFCJ6ODJh4knB5Y,Be Thankful You're You,Fern Jones,2014-08-05,0,146503,USCW60500504
47jgSvqlKwGyBLPnMfeEZN,Crazy,Daniela Andrade,2014-01-02,56,242000,TCABS1491199
71tjsDvB4EMJqNG8EMmFnb,Comin' Home Baby,Mel Tormé,2005-02-08,56,165360,USAT20200991
2rPV7Qofx9EVqW1EKfIHWB,You Only Want Me When You're Lonely,Jim Boyd,2013-11-19,33,132653,QMDA61307514
2ghZP9SEs9NrvcOk0VgQJn,Bibbidi-Bobbidi-Boo (The Magic Song) - As heard in the Netflix series The Umbrella Academy,Perry Como,2010-10-26,35,139573,USRC14904642
3eYHhoaTGFYJ5XAjRFduUd,Who's That Knocking,A Look At Yesterday,2004-01-02,31,137920,USTR80300579
1HvWZW310rF5uPzJHvJvKY,I'm A Man,The Spencer Davis Group,2019-10-03,37,176666,GBACC1950201
3pf96IFggfQuT6Gafqx2rt,Sunny,Boney M.,1976,67,242240,DED168000002
5Z1kjTgKJVWvEizpZc3G1S,"Bach, JS: Partita for Solo Violin No. 2 in D Minor, BWV 1004: V. Chaconne",Johann Sebastian Bach,1988-11-14,41,946800,GBAYC8700983
6hG59WXc951utGHcrbhr4V,I'll never do you wrong,Joe Tex,1965-01-01,35,188920,USATV0600720
2AX5E86cn9n2dgioZEjirI,Golden Brown,The Stranglers,1981,68,206760,GBAYE8100053
1CQqupcyMg7176PPmIVmSj,Renegade,Styx,1978-01-01,66,257226,USAM17800365
5ZaN7x40jUmJlTWQVgnzSs,Mirage,Chilo Escobedo,2012-07-24,29,158212,USEG41200070
0h7pMUK2EKEj7E4gGvhDO5,Unwind Yourself,Marva Whitney,1969-10-08,34,170573,USUM71809373
07q0QVgO56EorrSGHC48y3,I Was Made For Lovin' You,KISS,1979-03-23,81,271240,USPR39330175
709ffFK4o4MtG1NKoLvOma,Major Tom (Coming Home),Peter Schilling,1989-04-11,62,301373,DEA620101237
6UVLjNjxh03GLwQ1p11Hxc,He Can't Love You,Joe Hunter,2004-01-01,0,135743,QMZ961122684
7FS541dJh3iQAEXEZoDhE6,Twistin' the Night Away,Sam Cooke,1962-04,60,159853,USRC16107214
0iM1Ioz4N4p7MU1DKyqsov,Bad Guy,The Interrupters,2019-10-04,53,157831,USHEL1901003
2LGyCIiVEF4ao8awkeS4dI,Won't Be Long - As heard in the Netflix series The Umbrella Academy,Aretha Franklin,1961-02-27,36,187893,USSM11100601
6PgVDY8GTkxF3GmhVGPzoB,"Hold On, I'm Comin'",Sam & Dave,1966,70,155706,USAT20001059
6LM5C6vEAwfAlaobFOURz7,The Order Of Death - 2011 - Remaster,Public Image Ltd.,1984,40,299120,GBAAA1100127
4eMxLQtSdgxdA1Hs6D2YuN,In Hell I'll Be in Good Company,The Dead South,2014-04-26,66,245320,CACA11404804
0jtz7Ia3HahOqXWnKad0rn,Polk Salad Annie,Tony Joe White,1969,52,223533,USWB16900016
2tfhqmq39kpDf1k7IJWxld,Sister of Pearl,Baio,2015-09-18,0,253440,USYAH1500070
3tH03v5SIWaglfE3rzXzeB,Everybody (Backstreet's Back) - Extended Version,Backstreet Boys,2001-10-23,62,286306,USJI19710084
1ng36571Iyov4HBxUClySn,Pepper,Butthole Surfers,1996-01-01,61,297266,USCA29600428
7fJnj6rso7N95oztvsxrWD,Dancing with Myself - 2001 Remaster,Billy Idol,2003-02-28,0,227400,GBAYK0100065
3QfWpskYcixrPXjzRnINZC,"Partita for Solo Violin No. 2 in D Minor, BWV 1004: III. Sarabanda",Johann Sebastian Bach,2015-03-23,0,274266,BER181472307
6m0qBDIhzICOwWMPZdgyVK,Crazy in Love,Daniela Andrade,2014-03-14,53,227500,TCABU1493376
0VxocBntP1XTZRsR9ZURPS,La Vie En Rose,Daniela Andrade,2015-01-28,61,105500,TCACD1552971
2BQKzfHPNciPG3RWD47InF,$$$,Daniela Andrade,2019-10-25,29,118493,TCAEL1990707
3Od7Qyp7sEit3sm3Zq4e7L,Genesis,Daniela Andrade,2018-08-15,39,156946,TCADT1819590
1GjrjKqpoUiopKLmEwAbB9,Wet Dreams,Daniela Andrade,2019-10-25,39,172053,TCAEJ1970691
2hEQRGEAx4YKGh0Kg7djab,Creep,Daniela Andrade,2013-04-04,55,214000,TCABN1306674
6TO72fq3wZajWVpXR83bO7,Wet Dreams,Daniela Andrade,2019-08-28,26,172080,TCAEJ1970691
0MPJ76s0uath1HDrR0aLg3,Falling in Love at a Coffee Shop,Daniela Andrade,2013-04-04,36,226500,TCABN1306643
4DqUhi66gL06YIVw8SvAlH,Un-thinkable,Daniela Andrade,2013-04-04,26,200000,TCABN1306737
2vMfjLGYehQKwc2bnyOjtG,Stay,Daniela Andrade,2013-04-04,41,264500,TCABN1306665
5jFKzEjciQMlXijpELX5vh,I Will Follow You into the Dark,Daniela Andrade,2013-04-04,42,203500,TCABN1306664
0SQ8zZfUSnMFRYqMHZLkz4,Thinkin Bout You,Daniela Andrade,2013-04-04,27,224826,TCABN1306670
15321C1s96D4A8D8QOqWwu,Take Care,Daniela Andrade,2013-04-04,22,231000,TCABN1306680
6bIOb9jMS0Fh01zTdQYfdt,Us Against the World,Daniela Andrade,2013-04-04,28,210917,TCABN1306666
5pFejrJKLanmTw41QMHX2M,Big Jet Plane (feat. Dabin),Daniela Andrade,2013-04-04,36,273842,TCABN1306678
6gfXhnL0FgMiFlt77c6f6v,The A Team,Daniela Andrade,2013-04-04,28,273000,TCABN1306671
2IAR0DziHCjSu16gR4ihvy,Nothing,Bruno Major,2020-06-05,2,162797,GBKPL1962806
1uxm47Qn1JhUWZHQfcY6w1,Yellow,Kina Grannis,2017-09-15,0,193536,TCADG1751119
10uWoLEwdNBalySuKCMIB7,Dark Passenger,Daniela Andrade,2013-08-02,19,202000,TCABP1366753
5W5MRU12dpuOnd5WmWzian,In The Heat Of The Moment,Noel Gallagher's High Flying Birds,2015-03-02,58,209480,GBDZH1400013
2XJWGHfL8kACp3hJ8bd7GM,Hari Merdeka,Cokelat,2006-07-19,43,202440,IDAC52006224
2JgHZ6jiZKSAquTwPHUj6e,Satu Nusa Satu Bangsa,Cokelat,2006-07-19,36,202946,IDAC52006215
3AvAyhOgOEyXRGkEKyfvGX,Anak Garuda,Cokelat,2020-08-12,0,245232,IDA122090030
3zXxZBGfZdececgdQohMrs,Any Other Way,Daniela Andrade,2012-05-30,34,162885,TCABG1273736
4WVRFif4gqrzSwEiABrbBn,Latch,Daniela Andrade,2014-08-20,38,217500,TCABZ1438268
6CEiPLGmX7V2GQwMYjB6DL,Tamale,Daniela Andrade,2019-10-25,34,227880,TCAEL1990017
3sgacAzOpMt2IfwDv7BZwe,Sometimes I Don't,Daniela Andrade,2019-06-06,14,150361,TCAEG1919419
5Ia9AtWXI3DjcfVdlfczRl,Ayayai,Daniela Andrade,2019-10-25,45,170013,TCAEK1955200
6ZxvgeoM6ipLYsQyftxImg,Hold (feat. Daniela Andrade),Dabin,2017-03-31,38,351875,CA5KR1541721
5zyfzNnBzN7f7PVkJFnW2g,Us Against the World,Coldplay,2011-10-24,57,239767,GBAYE1101181
0q1MM7GUhO1QHe37MSYrzG,Bad Times Are Good Times,Daniela Andrade,2020-04-17,21,193333,TCAET2050072
1XlJEfjJpU1dEMU4ipBNCh,Gallo Pinto,Daniela Andrade,2019-10-25,28,209760,TCAEL1981543
0hhSLQRP3GKHwrbyPG1qw1,Touch feat. Daniela Andrade - Kicks N Licks Remix,Dabin,2015-08-26,6,210889,CA5KR1508916
5Kr01FtRG1qf7nHJJoGAX9,Hold feat. Daniela Andrade - Original Mix,Dabin,2015-11-24,31,359500,CA5KR1512621
6cYh8vZn2hltqG7kkiYPBY,Touch feat. Daniela Andrade - Ghosts Remix,Dabin,2015-08-26,22,176640,CA5KR1508917
5Iwm1QINtdFzRjT9AQaqAe,Gallo Pinto,Daniela Andrade,2019-10-16,28,209746,TCAEL1981543
1OFEoMjIDXUy9FbWU0ehPO,Touch feat. Daniela Andrade - Imagined Herbal Flows Remix,Dabin,2015-08-26,14,209000,CA5KR1508915
7rFuY5d33FCiuzKm0K7tDd,River of Gold,Daniela Andrade,2012-05-30,29,192214,TCABG1273740
0d95c6equkiXcYuXDhWzLh,Something to Say,Daniela Andrade,2012-05-30,26,202325,TCABG1273741
5mDqTY8ZBvMEDvJhcPJrQv,Hold feat. Daniela Andrade - Stolensnares Remix,Dabin,2015-11-24,9,276735,CA5KR1512623
4163mASWo9Bx3sCCpnyNa4,Salt In The Wound,Julien Baker,2018-10-26,0,251469,USMTD1812085
2jDSHreIfrzWbfPFVMw9P1,Supernova (tigers blud),Kat Cunning,2020-08-21,35,196392,USUM72015314
7Lf3K59Y8HzIgnmQ3CVbhl,Stay on the Line - Kelso Remix,Kat Cunning,2018-09-14,0,220363,GBKPL1820651
7s33HEii7lUr9J5myh8NnK,Passenger Seat,Brianna Hildebrand,2020-08-28,0,138473,QZ8BZ2000433
13HYthybjhM3iyWcfl8VcN,Pain,Boy Harsher,2014,1,439490,GB9TP1501926
6WJPMCP1I3tY8NjFF7V5CX,Coming Alive,Zuma,2019-10-11,13,199200,USDHM1916580
0KWi6T9rA3Y13dUDcmTqqX,Green Lights,VVELLS,2017-08-18,3,231483,QM6N21782894
2Jtmcp4AnJE31hlCjtFfg4,Doctor Doctor,Oh Pep!,2016-06-24,6,196750,TCACN1633289
2cEYdzZ8iUagzoVCrXOCNt,This,DEPUTY,2020-08-25,0,221425,USA2P2028677
5sG65w8uKtjsJw7nc845Nc,ZUU,Denzel Curry,2019-05-31,45,126000,USC4R1902704
1kcHnXfWXWzYP14kcG5NfK,Knock Me Off My Feet,SOAK,2019-04-26,0,187185,GBCVZ1800111
72k795GYkap8dLG5nILnoq,Dare You Not To Dance,Haiku Hands,2019-01-31,0,232622,AU9Z11900001
27vN7hM1uXKgkjtSCwKkkb,Feel Something,Clairo,2019-08-02,53,176800,US4HB1900089
7LZcV88hdkrOwJByihv4v3,Make It Hurt,Lindsey Compton,2020-08-25,0,200017,QZKT52001005
5LneE1DAppmHcEb384qlE6,Found You,Qwiet Type,2020-08-07,4,261120,ushm82090860
5gvNoZjNliTlO4H2H3D0hn,King of Shadow,Kat Cunning,2019-06-14,0,196007,NLRD51959477
4PxP2U28DoklfSEoPOvzB3,Birds,Kat Cunning,2019-05-17,0,203962,QZGLS1902722
63jdoIOCx2QmzfPfJmQPzq,We Belong,Brianna Hildebrand,2020-08-28,0,224444,QZ8BZ2000434
2Pgq0NCpCoApRn5hkveQDx,Shore,Daniela Andrade,2016-07-15,28,303973,TCACP1622969
6huS9u0BDfeQHq0lObNLPl,Better Together,Us The Duo,2015-04-28,58,200706,USUM71505454
5AXyf6LS4D7QYp3JAJKW7F,Somewhere Only We Know,Reneé Dominique,2019-03-22,47,229669,DEUM71901107
0uJrYwDIKZgHLtCY3z36Dj,Deeper Conversation,Yuna,2011-03-15,29,257191,US4HB1000035
0CjOq52P1V5BXt6XGY7FW3,Fish,Clara C,2013-09-30,0,247500,ushm91311299
6r44uyKRo3jKFRkThTZBXu,I Knew This Would Be Love,Imaginary Future,2013-05-14,0,210201,TCABN1336517
41yIvlFgvGwxq8qTqAR7eG,Bloom - Bonus Track,The Paper Kites,2013-03-05,1,210080,TCAAZ1171906
77enz5hl8RicxrbPB56VXQ,I Will Spend My Whole Life Loving You,Imaginary Future,2017-06-16,0,227619,TCADC1770955
6oK27xUYzHIfWWh23AXP6J,Cherry Wine,Jasmine Thompson,2016-05-20,34,227091,USAT21601227
3JAXufDj7JkyOtwMwYmsBQ,Smallest Light,Ingrid Michaelson,2017-01-27,27,217746,USVT31600000
1cPtMErymxlrj7pssAB03r,Lost Stars,Keira Knightley,2014-07-01,52,240186,USUG11400560
6ISfsK0fMMSx6mQ8TbnKhM,Officially Missing You,Jayesslee,2012-05-04,52,223003,TCABF1297271
6xAjAocTRpKamQlCy50RRQ,Dream a Little Dream of Me,Zee Avi,2014-04-22,42,111842,US88B1000257
7hVXJt6Ge4YLURY5YF8P2q,Chandelier,Kina Grannis,2016-06-24,37,212130,QMJW51400073
34p2uL1CvmaHn3uLfOKt8d,One Last Dance,Us The Duo,2016-12-09,0,224847,GBKPL1674630
4u1lgRgQl4dM93v5cE5lil,Stare at Each Other & Fall in Love,Daniela Andrade,2018-02-23,30,228600,TCADN1801776
0Wv9Ckm088qsVkMKPH170C,Shiver,Lucy Rose,2012-09-24,48,233013,GBARL1200767
4zQnzaUMxtpS8y7gO33PqF,Close to You,Olivia Ong,2012-08-19,43,243693,SGA500911543
2kyVQg00pphEufGT59M2XH,(They Long To Be) Close To You,Carpenters,1970-01-01,67,273933,USAM17000373
5Vud6IUzLEIrtXcUIgMC74,Close to You,potsu,2020-07-12,0,160363,QM24S2006647
1Y3695OqCmMKKMrI4ijvkL,Can't Smile Without You,Carpenters,1976-01-01,48,207533,USAM17600398
0bnuCJCAiDa82jAQ25cl8a,(They Long to Be) Close to You,The Macarons Project,2018-06-18,0,149631,QZ22B1961584
13xw98oHJ35lhY753KrtyE,Moon River - Acoustic,The Macarons Project,2018,0,154563,QZ22B2025381
2GxRL0aEalgdj5APRB6BQV,Let Me,Jayesslee,2019-12-10,41,189890,TCAEO1940158
3YkhNMK7YcdkUSKM5nM3ur,The Nights,Chlara,2018-04-27,46,222000,HKG291800055
1yBa6FlNKmE9tRkeCF50OV,I Can't Stop Loving You,Ardhito Pramono,2017-08-18,47,246500,ushm21794268
2mpPBZRP0EaFx3NnChQ6ru,Soon Finland,Heidi (The Girl with the Hair),2018-04-27,37,218426,TCACZ1767094
3Ypu4C8yz92BZa94oTjLFT,Edelweiss,The Macarons Project,2021-06-12,0,145322,QZGWW2111982
42i8mO4cQdsUmn5In7jony,Don't Watch Me Cry,Alex Porat,2020-01-24,0,189418,ushm21878263
2t9SCyQJyhh6pud4MwT7Hm,Love Is You,Ten2Five,2012,0,198360,IDAB30700257
3o4nMGqSQrvOPpR39O7wwC,Blue Sky Collapse,Adhitia Sofyan,2010,37,291506,BGA261248703
6xiTXiZhECholKGfvDormV,Slow Disco,St. Vincent,2017-10-13,36,164720,USC4R1702214
5buqrm5InTWtAqI4eQtbMb,Jarak,Novécaine,2020-09-09,0,210094,IDA142002455
1CmX0tQ67A3i0VyJDP0kRQ,King of Shadow,Kat Cunning,2019-12-06,13,196007,NLRD51959477
7wIU3bFLMHlLShGIhATdDd,Baby,Kat Cunning,2017-09-08,0,253114,GBKPL1788007
5gUgJZSQvpAegWCYbEnUj9,For the Love (Acoustic),Kat Cunning,2019-12-06,9,205841,USBC80900506
6Xk5AaN4n4SnW71473GI7A,Fast Slow Disco,St. Vincent,2018-06-01,46,197005,USC4R1802418
0osYNT9MnJ8PIh0kYGpYdm,Sway,cehryl,2016-07-08,0,234953,TCACP1652475
5QWIaMorzKJ0P0BOW4Bmtt,Crazy In Love - BBC Session,Oh Wonder,2016-04-15,36,210344,GBCAD1600312
2XW4AAjfBQTzp7Oe1tU702,No Matter Where You Are,Us The Duo,2014-05-02,49,178826,USUM71405855
0MjXRAftpVBuNGYsNV1obJ,Already Mine,Us The Duo,2016-07-22,0,273126,QZ2Q81600010
51mwvxRXUktJYBXqq9uXuo,Missin' You Like Crazy,Us The Duo,2012-06-15,37,206146,USUM71405830
4HQr9UGqkHPzboqLb9J8pJ,No Matter Where You Are - Wedding Version,Us The Duo,2020-08-12,0,251164,GBKPL2082422
2QfJDUHYhmaFAA3xVqeOTT,Telephone,Us The Duo,2016-07-22,0,161007,QZ2Q81600007
1ZWFt1f25IDDHsyx2rlcSV,Make You Mine,Us The Duo,2014-05-02,31,216240,USUM71405872
2IXr7fUGgiT3o2GHowLPju,Shake It Off,Us The Duo,2014-09-23,37,189231,USUM71413976
1EJ1vpOX47KDucNlbOEtJY,When We Were Kids (Intro),Us The Duo,2020-08-12,0,46874,GBKPL2014676
7jDoifQ6ONIUkpLn6KopfN,Warm Summer Nights,Us The Duo,2020-08-12,0,190186,GBKPL2004454
0B9xMOUQvWAdeso3gg1ZPn,There Is Only One You,Us The Duo,2020-08-12,0,187819,GBKPL2000414
6e7NAuf6hFujkhyGC8eCIg,I Will Wait For You,Us The Duo,2012-06-15,31,224386,USUM71405831
5DWuE2zvXnbCBiBo3ohilB,I'm Me,Us The Duo,2016-12-09,0,216353,GBKPL1674626
4hGgIRtsp9nvgMCmUz0n37,(Stop) Just Love,Us The Duo,2016-07-22,0,195848,QZ2Q81600001
6LkukftnPy30c3DhVpp6aV,Together,Us The Duo,2018-07-13,0,216402,GBKPL1804266
4zaBf1Dkn1gr7QcRxAWSSg,Take Me Home,Us The Duo,2012-06-15,33,257706,USUM71405843
5dGpmw7RbXbRKjAQDg6n9S,Falling In Love,Us The Duo,2014-05-02,32,229280,USUM71405876
7pxbZ29k1LJXvOdd2e5Bdn,Shotgun,Us The Duo,2019-05-19,0,174884,GBKPL1950838
5rCphRwV7QvlV1agT8ZYgc,Like I Did with You - Acoustic,Us The Duo,2018-08-29,0,124766,GBKPL1820331
2O7FC4XbIrJ6Ib8bsq0FYC,Near Or Far,Us The Duo,2012-06-15,33,219306,USUM71405833
4O5fHxJGaYfX4s5vg7HiVD,Shallow,Us The Duo,2019-06-19,0,217988,GBKPL1951667
2TRXV6DoQLjdRrBR6ED6NP,Slow Down Time,Us The Duo,2015-10-23,29,196920,USUM71516771
4YPQOtDXYB0o4BfPkDFKwR,Heartbreak,Us The Duo,2014-05-02,21,296546,USUM71405877
5HtSsRejm20aDotjEFX0An,My Girl,Us The Duo,2019-05-29,0,187660,GBKPL1949162
2xBL2uUIw61eqLUhvZcFqB,Need to Find My Place,Us The Duo,2020-08-12,0,192876,GBKPL2014671
5gdAIGgehqtsvwEJC79VOt,Never Gonna Leave You,Us The Duo,2012-06-15,32,195533,USUM71405825
08RAd7JCZsIGOBHWj7bIXQ,What Is Love,Us The Duo,2016-11-18,0,201310,GBKPL1673559
5gH4LPba8s1lSBWyTvAI5f,Look up at the Sky,Us The Duo,2016-07-22,0,209639,QZ2Q81600008
5zgdTSRKmVT5z4574iK06y,Smile & Keep Your Head Up,Us The Duo,2014-05-02,24,159226,USUM71405871
6bKYUfz69LhdEQXwYJXPAi,Sunday Afternoon,Us The Duo,2019-07-28,0,195271,GBKPL1959671
1Mtmq7WskNRp5plHhjOdTj,Right Where I Should Be,Us The Duo,2016-07-22,0,195557,QZ2Q81600011
2ktMi2pYT5FrTSCH79cDqB,Finally Know What Love Is,Us The Duo,2018-07-13,0,201435,GBKPL1811847
67OLUfK4rZEkNnhfwNLqEH,Dear Mom & Dad,Us The Duo,2014-05-02,19,155253,USUM71405878
4AgHpe2V8ysmdcKw1Q9KNm,Goodbye Forever,Us The Duo,2016-07-22,0,158777,QZ2Q81600002
3ifRfPmfW9eLkpaocJBVz8,Like Myself,Us The Duo,2020-08-12,0,190320,GBKPL2009641
483F7Aq2oYRsvwmfzVj9uj,Saudade,Us The Duo,2016-12-09,0,172131,GBKPL1674627
6YcnZdHl7fDhuoBamqRIM3,Fall Asleep,Us The Duo,2012-06-15,17,203426,USUM71405828
2dNuVeX5npUQSukIW5DyCC,Not for the Better,Us The Duo,2016-07-22,0,176845,QZ2Q81600006
39yPxd1wayDLNdwUacdggo,Every Day Is Ours,Us The Duo,2020-08-12,0,268022,GBKPL2014674
3YbwpMzcioaDxYDOXv15ta,Fighting for You,Us The Duo,2016-12-09,0,212958,GBKPL1674628
2BkMrNpLMefSgTsK2HDfig,Homesick Lullaby,Us The Duo,2018-07-13,0,210769,GBKPL1811844
43J0Nv9sLigW0XgS73gYXm,No One’s Listening,Us The Duo,2020-08-12,0,225628,GBKPL2014672
1pQNlcqKcOCcYXjRp7YZuj,Follow Me,Us The Duo,2016-12-09,0,244611,GBKPL1674629
24Qfwyp4oKezHTQHNZNdPQ,Broke,Us The Duo,2018-07-13,0,146746,GBKPL1811845
5pNQVDw3CCimclyTMKH37w,Get Gone,Us The Duo,2018-07-13,0,193186,GBKPL1811846
2Mc6w9ErjDBZ55SP8013G7,Xyla’s Lullaby (Interlude),Us The Duo,2020-08-12,0,41834,GBKPL2014670
0D7RDOIEM69JpmnrE1xd9n,Letting Go (Interlude),Us The Duo,2020-08-12,0,48080,GBKPL2014673
6P2aSpzXyLs6oL9wWf9Use,La La La,Us The Duo,2020-08-12,0,192248,GBKPL2014675
1vOrEoONE6hAJ9qT1U9J9Z,I'll Be There Soon,Us The Duo,2019-11-27,0,192455,GBKPL1977007
1Nguxh9eqQNNRqMHyf5dpG,Wonderful Christmastime,Us The Duo,2019-11-27,0,198513,QZ2Q81700001
3AhjZDINS2Rc6LqRw9uHOZ,Holiday Heartbreak,Us The Duo,2019-11-27,0,212062,QZ2Q81700002
6vD838g1qSp1sb6lO9kNME,White Christmas,Us The Duo,2019-11-27,0,172572,QZ2Q81700003
6alM6ECavJ74KAx6JyCGn8,Silent Night,Us The Duo,2019-11-27,0,143049,QZ2Q81700004
3JZgoxkZYuTOHWO3P1EpT9,December,Us The Duo,2019-11-27,0,223475,QZ2Q81700005
0ds2uGtoo32XC4KWhIUtc1,"Baby, It's Cold Outside",Us The Duo,2019-11-27,0,169405,QZ2Q81700006
1VBPUMm34L4IfSPxsmneRD,Christmas in Paradise,Us The Duo,2019-11-27,0,186023,QZ2Q81700007
7vMBbRoasNzsdYfNjCwIK1,Rockin' Around the Christmas Tree,Us The Duo,2019-11-27,0,106975,QZ2Q81700008
3RLaQa5igNs9FQRYkSVGqZ,Jingle Bells / Jingle Bell Rock,Us The Duo,2019-11-27,0,126771,QZ2Q81700009
2Y0BZnqiw0EreubnEvDUNe,Winter Wonderland,Us The Duo,2019-11-27,0,162277,QZ2Q81700010
4B68hoxK0KDy58pIKiWsD8,Have Yourself a Merry Little Christmas,Us The Duo,2019-11-27,0,246499,QZ2Q81700011
3z5V7oSggDeCPeEGiCIu83,High Hopes,The Mayries,2019-02-08,39,216115,SE5IB1900066
0iA9MqPJmshhs17Ncs2uSQ,There Is Only One You,Us The Duo,2020-05-12,0,187819,GBKPL2000414
43ddJFnP8m3PzNJXiHuiyJ,The Way I Am,Ingrid Michaelson,2007-01-01,50,135386,uscgh0789382
7zRla5WEbBxUrcpXVPWJsx,O Christmas Tree - Instrumental,Us The Duo,2019-11-27,0,160613,GBKPL1977008
0yfWSUKUNA13Xy1zuLE3f4,Heartbeats,Daniela Andrade,2014-11-17,32,248470,TCACB1474212
0G25jiypLyljfwPI6L0U6T,Telegraph Ave / Sober,Daniela Andrade,2015-09-02,27,166542,TCACI1524804
7nghYGsh54yEir2qzPxqyk,Bang Bang (My Baby Shot Me Down),Daniela Andrade,2016-05-03,41,153500,TCACO1621923
6KYIFN7VKuhdBYHwfxrAgi,Close To You,Us The Duo,2012-06-15,14,199133,USUM71405827
0LTCzVTGO7C3uDaLiAcHQP,Before We Go,Us The Duo,2012-06-15,13,230426,USUM71405826
2TThaSDmqSwitNHL20NexA,Come Back,Us The Duo,2014-05-02,15,260120,USUM71405874
4IDgTORptn4KeyUZpIsxh6,"It's a New Year, Baby",Us The Duo,2019-11-27,0,112702,GBKPL1977009
5eT0hMWKFU9CYFv73f96in,Don't Lay Your Head,Us The Duo,2014-05-02,15,203573,USUM71405875
5PMwUfzrRXIuIkx8gnKIdd,Warm Summer Nights,Us The Duo,2020-06-12,0,190186,GBKPL2004454
4VXfTkSdXp39yqYXg8lXeP,Safe,Us The Duo,2016-07-22,0,132962,QZ2Q81600009
7anbTCg4dNKp4UUD1ATwPz,'Til The Morning Comes,Us The Duo,2014-05-02,18,157800,USUM71405880
21pvXw2xsnjp73PQp6veC0,Come Running Back,Us The Duo,2016-07-22,0,218862,QZ2Q81600004
4G51VBbTXI30VZ5KSXYmcG,Rather Be with You,Us The Duo,2016-07-22,0,217432,QZ2Q81600005
0BT3Kzegj8DBHGGro3r4D7,Like Myself,Us The Duo,2020-07-10,0,190320,GBKPL2009641
7Kc1KaqW4ZtfTyNcwxaAre,Kimi Janakya Dame Mitai,MK,2015-08-01,6,266675,JPC231500032
6YwMdKM2AgyIHl9gvcROy4,Crystal Psychic,Interdimensional Vortex League,2013-02-23,0,230044,uscgj1305530
3TBHuikuTj0SXLVvhN4zba,イマジネーション,SPYAIR,2014-11-26,0,179133,JPN301400059
2wvjGSWamFfhDgl2d04qBV,君じゃなきゃダメみたい,Masayoshi Oishi,2017-07-26,0,231493,JPJ901706330
2EUZ4K9iBEzTN5gzYru6yB,ストーリー,大石昌良,2016-06-22,0,283120,JPJ901513470
0GCha1NDsleBsE3GxE0NPv,Final Bow,Us The Duo,2014-05-02,16,220040,USUM71405873
2vOTY8M4Hb2gy72iI2ywSc,Rakuen Toshi,Masayoshi Oishi,2019-08-21,32,226440,JPPC01900968
12KdUT18ORoia3bBEialTi,Intro,Us The Duo,2014-05-02,13,45200,USUM71405820
2n9iphwTQy13Jw4TpYhsHM,Make You Love Me,Us The Duo,2012-06-15,14,247786,USUM71405832
1EOzMtKbSAIEcOdgXBEG2s,Girl In L.A.,Us The Duo,2012-06-15,11,208280,USUM71405829
1kHtBeZz0JdtLN5gUftHks,Bricks,Us The Duo,2016-07-22,0,220897,QZ2Q81600003
2TT6JaeTtDj0KSKy7ql5dc,Near or Far,Carissa Rae,2011-10-23,23,216650,ushm91114878
1VwJcYyhfIL45OnOwIC1gi,Down in the Valley,The Head And The Heart,2011-04-18,0,303653,GBUM71101811
7wc7uopM5GO8dKBOJ7iWqh,What Happened To Us?,Shura,2016-07-08,25,249176,GBUM71601176
4PmrPUX28FnPmUeB6FUwQh,(ii),Shura,2016-07-08,14,45553,GBUM71601249
71hvIXUtM4UL04c1MAvBH0,Kidz 'N' Stuff,Shura,2016-07-08,20,310003,GBUM71601175
3WpCo0L32D1zsEwcDQ39VM,Indecision,Shura,2016-07-08,31,212075,GBUM71601264
0oInDc8Q0nc8I6mKIliCfk,Make It Up,Shura,2016-07-08,37,211393,GBUM71600985
7xTLGXEvVlTu0ugHJyaFAs,Nothing's Real,Shura,2016-07-08,27,247900,GBUM71601208
40YOT4Eghb1guHKkqHlzRA,Tongue Tied,Shura,2016-07-08,28,230581,GBUM71600981
00xhWXIeXyyaeUNe2dL77P,(i),Shura,2016-07-08,18,89715,GBUM71601243
1T3U8rL3O3oVAWDJDzoahx,2Shy,Shura,2016-07-08,32,278594,GBUM71601265
7A7G6jOokIzMXGo9P3utV3,The Space Tapes,Shura,2016-07-08,14,573230,GBUM71601425
1HIkv4ULSAxJZPt2PYdYoV,Puddles,Daniela Andrade,2020-08-31,50,109800,TCAFB2021196
52IsIvHidofM9JMjw78Jyz,再会 (produced by Ayase),LiSA,2020-11-16,58,242166,JPU902002777
76A5DQ7Sap2GCF5TXIY1KX,I will...,Eir Aoi,2020-08-12,0,273000,JPU902001099
4Yw7XgIOc5w2Z7LgbuSPli,Have Yourself a Merry Little Christmas,Us The Duo,2017-11-03,0,246499,QZ2Q81700011
19nBx1pDWMppcygkJuBwIO,(Stop) Just Love,Us The Duo,2016-04-15,0,195848,QZ2Q81600001
1TjpiyV4TMKMnaHhdfdbEy,Goodbye Forever,Us The Duo,2016-06-21,0,158777,QZ2Q81600002
0LO2c7GXKFb6o8cweDrH0I,No Matter Where You Are - Wedding Version,Us The Duo,2020-02-11,0,251164,GBKPL2082422
5xPYdUXBUJAXghibMCdSTR,Safe,Us The Duo,2016-07-15,0,132962,QZ2Q81600009
3nWcKL9oj1h6R6Ggu25zOR,Through Asphodel,Darren Korb,2020-09-16,31,522882,TCADZ1895706
5gQTdwbLvhRHtMcyWxl3y2,Good Riddance (Eurydice Solo),Darren Korb,2020-09-16,40,177322,TCAEP2099715
1heAZFNsZWXWSSMAyK9vB8,Field of Souls,Darren Korb,2020-09-16,28,526994,TCAFC2052688
314kpjYUOjVsd5nIAvw4ZV,Wretched Shades,Darren Korb,2020-09-16,34,175321,TCADZ1895660
7JSSx8yKHfeHfmkUBebOOW,Final Expense (Payback Mix),Darren Korb,2020-09-16,26,157220,TCAEY2070345
25L4T927kFwHhc2aVI859f,Primordial Chaos,Darren Korb,2020-09-16,27,233820,TCAEB1905473
5M8tCPBRAGdAVAyKIaEh9l,In the Blood,Darren Korb,2020-09-16,43,250237,TCAFC2052816
5lfoxLv56xGnP8CDLfhA7r,The Unseen Ones,Darren Korb,2020-09-16,39,258497,TCAFC2052824
5N4uTnnwvnREF8qQyCOd7p,Good Riddance,Darren Korb,2020-09-16,41,178829,TCAEL1985631
5uiqrM9NLgnoAkJeqJqdlt,No Escape,Darren Korb,2020-09-16,43,145048,TCADZ1865030
0NrGySkYsw6Ou4ngjipM3H,Lament of Orpheus (Underworld Mix),Darren Korb,2020-09-16,32,195154,TCADZ1895891
6FntO0Tw05o1TiVOPkqePS,Last Words,Darren Korb,2020-09-16,29,184832,SE5VF1906810
74MJzZh7HTSmwkgmhrkSds,Hymn to Zagreus,Darren Korb,2020-09-16,30,164117,TCAEC1918744
65pRSbXmrkdE1HzzIkeLPH,God of the Dead,Darren Korb,2020-09-16,38,541336,TCAEJ1936744
0PmEJIRELSBTmUpAPxn6Sg,The Exalted,Darren Korb,2020-09-16,29,502741,SE5VF1905853
5qr4FnHbYdTYl6OzWyagtF,The House of Hades,Darren Korb,2020-09-16,35,292202,TCADZ1895565
0M2xESdzRyxuMmcwET4GiR,Death and I,Darren Korb,2020-09-16,26,36501,TCADZ1895900
69s5SmUf6338a0w4J8c8GC,The King and the Bull,Darren Korb,2020-09-16,32,462002,SE5VF1904927
23mXpdnCEOmXDxqAZUaYyA,On the Coast,Darren Korb,2020-09-16,31,200652,TCAFC2052787
0lheBnCG6GonaIsznGzGUI,Lament of Orpheus,Darren Korb,2020-09-16,40,193290,TCADZ1895722
4b7k4nNURGCRKlZqHXQV5g,Mouth of Styx,Darren Korb,2020-09-16,29,466133,TCADZ1895733
1GkyUJm2SLbouT9IgE8mqd,Rage of the Myrmidons,Darren Korb,2020-09-16,29,557418,TCAFC2052701
0PijoCJtD6iTbaLgvVVIPp,From Olympus,Darren Korb,2020-09-16,33,191918,TCADZ1895690
6KwbimtcsVKyZmQKFQaeaX,River of Flame,Darren Korb,2020-09-16,28,577366,TCADZ1895829
2OCOsaORs3HhmybcodGSUH,Scourge of the Furies,Darren Korb,2020-09-16,32,506752,SE5VF1901833
6kTp5IpufE8GDb2LA9DI6N,Final Expense,Darren Korb,2020-09-16,30,153713,TCADZ1895817
0KrDpnFl9XyJ5KnBtlrK0B,Gates of Hell,Darren Korb,2020-09-16,26,216986,TCAEJ1936719
49c6GsaSQeFzbFE3NpZ0lY,The Bloodless,Darren Korb,2020-09-16,30,147152,TCADZ1895880
6XpA6R9pRVgZcjarViwOm0,The Painful Way,Darren Korb,2020-09-16,39,413756,TCADZ1895681
4FuOHRPC3ZIQ7VQd7KMbds,Out of Tartarus,Darren Korb,2020-09-16,40,353972,TCADZ1895623
4fN0dQGDaV4Hg7Gd7mBOE0,Rivers and Roads,The Head And The Heart,2011-04-18,0,284000,GBUM71101813
0cSkn2l67csUljEy0EEBPn,炎,LiSA,2020-10-12,60,275000,JPU902002290
0qMip0B2D4ePEjBJvAtYre,紅蓮華,LiSA,2020-10-14,72,237586,JPU901900905
470Vf9SalOKWfNddiqdEPY,WALK YOU HOME,Bishop Briggs,2020-10-30,0,171606,NLRD52017174
1NwQsUKLsOujDGWWMWMMq0,HIGHER,Bishop Briggs,2020-10-02,44,193048,USUG12002193
21DBczE3Hh28CwbyYQi3JJ,We Will Rock You,Bishop Briggs,2020-08-20,33,137859,USUG11903477
7Dx29iGgJijt8IhAQfgLTR,friends* (feat. Bishop Briggs),Mob Rich,2020-05-08,26,162446,USUM72009084
6BsDY8WskygtwMCbTTlbS7,Reach Out to the Truth,Aidan Veney,2019-09-16,0,178010,QZGWW1966752
4hN0BcaazCg7DqBV0xmauB,Fog (Persona 4),Ferdk,2015-05-26,0,223579,USE830978742
7shNdUb8P5YNFfpXB4SFec,Snowflakes (Persona 4 Golden),The Consouls,2017-03-11,0,404000,USY281605194
2ngwrVwXEchssZO7EVJIzH,Backside of the TV,Sapphire,2021-06-09,0,216859,QZGWW2040218
4lO056VpLpkdB2B7VJVCvk,Never More,ItsJokerable,2019-03-19,2,181080,QZES51998654
1dePIxjHCQNfwN2Qrbkra9,"A Corner of Memories (From ""Persona 4"") [For Piano Solo]",Shoji Meguro,2018-07-11,0,123840,QZ22B1972006
3hRV0jL3vUpRrcy398teAU,The Night We Met,Lord Huron,2015-04-06,89,208211,US53Q1200103
6gyv1SLABT8uU4yXbh2d9Q,Wasting My Young Years,London Grammar,2014-03-10,0,204246,GBCEN1300372
0HrhMgGtRk6wOxUUCqvf4i,Lost It All,Jill Andrews,2016-02-26,41,223655,TCACM1643272
4mdmOqTv0ZBeHNjT2Pf63n,Rescue My Heart,Liz Longley,2015-08-03,41,205614,TCACH1562092
2Y13Mjv24MZGgtz3iFwWvs,"I'm Tired, You're Lonely",Liza Anne,2018-03-09,0,205413,QM7PU1550493
7isJy30YmISuhHwgz5dRDa,Walk Through the Fire,Zayde Wølf,2016-11-04,0,216000,TCACQ1616923
50M7nY1oQuNHecs0ahWAtI,I Need My Girl,The National,2013-05-20,62,245240,GBAFL1300064
7I52zUiDzsxN7ZHKEc3Ope,And You Evade Him/Born in the Blood,Joshua Burnside,2020-09-04,29,297178,QM6MZ2053660
1gHZSaTqHneqaW1laay4Eg,Hey Now,London Grammar,2014-03-10,0,207127,GBCEN1300088
7lpmIGFw7Kc9qIdq4cGs34,Arsonist's Lullabye,Hozier,2014-09-19,59,266611,IEACJ1400014
0rGB4l2BHJhL4C1s8w6jZG,O I Long to Feel Your Arms Around Me,Father John Misty,2012-05-01,43,143240,USSUB1297005
2DXbvKaUSUlb7q02GNJjCF,The King of All Birds,Aoife O'Donovan,2016-01-22,0,236400,USY1R1542807
7BbAqle8lyB3S56Q9MPTZB,The Place I Left Behind,The Deep Dark Woods,2011-01-01,39,244840,CASB11106502
7Dy7ikvNNfEZZnKwUGpcKJ,"Strange Times, Dark Days",Isla June,2018-06-25,0,201940,GBKPL1811101
46RSHHcMv3BhuXobfFfAAT,Everything We Do Is Wrong,Tuvaband,2017-03-10,28,247588,NOCTN1802010
2C10W0lrLhC09g8TLUcRKV,Wasted Time,CLOVES,2018-09-28,34,244040,AUUM71700841
307cqh2ACTzBm3deY5uVzs,Loose Change for the Boatman,King Charles,2016-01-22,0,242253,GBWWP1501217
36CxmmDpZdUJqIyo5NTyfw,The Groundskeeper,David Keenan,2018-03-16,23,383320,TCADN1833786
5wCbj11DaBaIFpjSVBNiED,Out of the Darkness,Sleep Thieves,2012-05-18,27,123160,IEFIV1200001
28U855g6cGv2O3s5KzUcdr,White Flag,Fink,2014-07-14,27,303506,GBCFB1400803
0HsGh7cboYz6cVMIyFrQ8j,Devil Like Me,Rainbow Kitten Surprise,2013-11-19,3,188280,TCABT1491603
181RMkR1oodNYa2QYXO5N4,Washed Away,Emily Jane White,2019-11-15,39,236364,FR59Y1911302
4hmbwcUs392W3YQzpO0fcj,Notion,Tash Sultana,2017-03-01,0,340999,AUW631100929
1qFb85QhwOqpnAKh7ahsGQ,Smother,Daughter,2013-03-18,51,241466,GBAFL1200259
660D1KONP5QoayR5MUGGcK,The Fold,Wickerbird,2012-09-25,42,216493,TCABJ1202987
03HonCy9ZfHnYmc7NzFTLN,Coming of Age (demo),Maddie Medley,2018-01-12,29,251692,TCADK1727007
1QIzSLVBQA2GBrF2IDBSPK,"Loving, Loving",Vera Sola,2018-11-09,0,200448,QZDPP1800007
31fhJR9Lop1IScpn1B86k6,Sirens,Fleurie,2016-01-01,0,266277,TCACK1596200
4Z9BqIEobITrOHayDanmTE,Deliverance,RY X,2016-05-06,0,230379,GB5KW1600086
2As5LUjQxNyXAcQWBUimY2,Stretch Your Eyes - Radio Edit,Agnes Obel,2017-03-03,31,247379,GBENL1701792
65WzhqZA0aaYgOPhUWUVgJ,Toronto,Tusks,2017-03-10,0,200994,GBBTF1600314
3X01VeoR0GckfiXlFRrJmF,Home,Gabrielle Aplin,2012-01-09,0,247001,GB23W1100005
4nyjfCCS8Z4ff1tXaz3p4X,Through Your Eyes,Jordan Critz,2019-05-24,39,227134,TCAEF1932996
7Hzt5M3AYK5QuSGYBQqPhB,Just Exist,Eliza & The Delusionals,2019-05-16,31,237085,AUNCC1900038
4iY0APaP527iCRnCYTyZc6,Generator,Mondo Cozmo,2019-11-11,0,246897,CAL451962901
3V9cM3nCH2G66afoDi0snu,BOOM,X Ambassadors,2019-06-14,58,164586,USUM71900447
4Hhv2vrOTy89HFRcjU3QOx,At Last,Etta James,1960,76,179693,USMC16046323
6rovOdp3HgK1DeAMYDzoA7,Maggie May,Rod Stewart,1971-05-18,69,350266,USPR37102613
2kkX9IzielZhUBybezdE0m,Parade,Kevin Morby,2014-10-14,30,325426,US2FD1410047
3zhKcpG0DBWBHmskqwuT71,Someone To Call My Own,The Montagu,2020-01-31,7,185182,QZFYY2079353
3RveMKH4XRiK7IOrTk46p4,Heart,Jaw Talk,2018-03-09,9,180000,QZBRF1849959
2KaLy2FmUAGLfNsoMXJWVj,Name on a Matchbook,Springtime Carnivore,2014-11-04,31,256399,USA2B1400003
5e7RSEwpvyhTLlBCTXKArl,Clair de Lune,Royal Philharmonic Orchestra,2005-01-11,0,347506,USCMG0402947
2aagSHemkQPt1MuBCkdXUc,Window,The Album Leaf,2004-06-22,39,224106,USSUB0400156
08bEU74cSJmUN2k6IOhTjV,Change - Original Mix,Yucca,2016-04-28,5,309364,USLZJ1610630
03QZPaiw1N94aAFDv7k5Em,Rock 'n' Roll Star - 2014 Remaster,Oasis,1994-08-29,56,322946,GBQCP1400009
2QZ7WLBE8h2y1Y5Fb8RYbH,In My Blood,Shawn Mendes,2018-05-25,71,211360,USUM71803183
6BatwEQaoZHxHtV3dm8PiG,Ordinary Man,Eels,2009-06-02,30,197746,USVR90953712
311XT9zcGlCcMN5ibIkQQr,Tonight Tonight,Mondo Cozmo,2018-06-29,25,144933,USUM71809240
4EEjMyQub6tgFVshlM9j1M,Margaritaville,Jimmy Buffett,1977-01-01,68,250933,USMC17601193
4EsS7kgS3ztITT00pH0KG6,Control,Battle Tapes,2017-07-14,21,190434,QM24S1702065
3xInfkcNCM3WkEhLWq21uS,Hold On For Your Life,Tommee Profitt,2017-04-14,25,226097,TCACZ1768815
177r7J6bnoMnW4MQx1GQng,Have Yourself a Merry Little Christmas,Daniela Andrade,2013-12-04,32,113421,TCABS1335938
20ZY9sFapAa1tWWGKMrRye,Bed Song,YOHKO,2013-01-30,1,243273,JPG751200375
6yDbZHl7116ZIYgz8NFJRz,向かい風,YOHKO,2013-01-30,28,255707,JPG751200374
4KTkZ8FvHENplUuVt8eYid,ロックロックスター,YOHKO,2013-07-02,0,207360,JPVI00937330
5lS6KzsGXAgh9iWZwtQLQd,ニードユー,YOHKO,2013-07-02,0,223024,JPVI00937350
4bxzsa3sZG3VZH71P7r2Y4,街を染めたい,YOHKO,2013-07-02,1,214931,JPVI00937340
0faXHILILebCGnJBPU6KJJ,The Diary of Jane - Single Version,Breaking Benjamin,2006-01-01,75,200546,USHR10622153
1mf4BOm6KnDrkvZGvgs1jP,Come Around,Daniela Andrade,2016-07-15,19,198120,TCACP1622968
5JbIiEY2Ttextq0Eoiw7qn,深い森,Do As Infinity,2001-09-19,51,245433,JPB600121401
6hOr8S2SHWlYCUsfYqXyro,Slow Motion Life,Gaz Coombes,2018-05-04,22,267506,GB7Y71800124
5ZrKzFZxiAZhi9BF7EY5NT,"Nothing Much Has Changed, I Don't Feel The Same",Daniela Andrade,2020-09-30,30,94000,TCAFD2005607
0Ejt0rQcgUPKYFhNwm1SAK,Touch feat. Daniela Andrade - Original Mix,Dabin,2015-02-17,17,219428,CA5KR1501118
060OLe1AoWYRWX2n44fRft,Puddles,Daniela Andrade,2020-09-30,22,109800,TCAFB2021196
2ToJWW2wowXUmMwivPewb9,Lose My Mind,Daniela Andrade,2018-02-23,18,161750,TCADN1801774
0ss80aDB5lOwjleseJxjK5,Florence,Kevin Penkin,2018-02-14,35,115040,TCADM1849826
6i8lDXu86pOsPwGbxoD4RI,drivers license,Us The Duo,2021-02-01,0,228693,GBKPL2141731
0kJNcHBlCMGZL0WsvbOG02,HERO,Taichi Mukai,2018-06-27,18,217153,JPTF01810303
1zd35Y44Blc1CwwVbW3Qnk,群青,YOASOBI,2021-01-06,68,248026,JPP302000468
06XQvnJb53SUYmlWIhUXUi,怪物,YOASOBI,2021-01-06,65,206000,JPP302000760
465JzFiajJO59sUrDFsxdC,アンコール,YOASOBI,2021-01-06,61,271440,JPP302000677
6MCjmGYlw6mQVWRFVgBRvB,夜に駆ける,YOASOBI,2021-01-06,70,258838,JPP301900716
08YwAPnX8sygJUXG9rvhDv,ハルジオン,YOASOBI,2021-01-06,62,198600,JPP302000218
563iNuGeBdAegSCMRSMjMH,Lost in My Mind,The Head And The Heart,2011-04-18,0,259120,GBUM71100548
2n14ZuZHJD4p2EMNfRT5B9,Birds,Kat Cunning,2019-03-29,0,203962,QZGLS1902722
4fgzmtGRCxEZngg3kNyZT6,君じゃなきゃダメみたい,Masayoshi Oishi,2017-07-26,0,231493,JPJ901706330
4LTS83t3ViyaY6J55bwMYA,King of Shadow,Kat Cunning,2019-06-14,40,196007,NLRD51959477
4R6rTr9UY7r9aeSHpy4GBB,SOMEONE ELSE (feat. Jacob Banks),Bishop Briggs,2021-02-12,0,222483,NLRD52017193
03vri3F9DxZ5QVZ5LWsgn1,CAN YOU HEAR ME NOW?,Bishop Briggs,2019-11-08,30,179440,USUG11902343
7clKYc0HOXjHItwXVdkiKA,Over,Honors,2018-11-06,0,266481,TCACT1655100
0rKtyWc8bvkriBthvHKY8d,SLOW DANCING IN THE DARK,Joji,2018-10-26,29,209273,ZZOPM1800452
3HVWdVOQ0ZA45FuZGSfvns,I Don't Care (with Justin Bieber),Ed Sheeran,2019-05-10,73,219946,GBAHS1900672
0iorfThvp0sgwOB1qcZDk3,Bad Boy (feat. bbno$) - Low Steppa Remix,Yung Bae,2020-04-17,31,197419,USQX92001215
7G8mB3zvqlOR7xDKz9BaHS,Lovin' Is Everywhere,Engelwood,2020-10-23,0,173232,TCAEM1994499
7C4TlgLBNgHnD4nH3T8gx4,HOME RUN (feat. raychel jay),Shawn Wasabi,2020-05-29,27,144000,USWB12000258
1dtTRXifeGC51adYy0902s,Bad Boy,Yung Bae,2019-06-21,51,187570,GBKPL1954142
2O5awdhGQWPxRw1XJJIRLe,Vals,Orquesta Sinfónica De Radio Hamburgo,2008-12-01,23,450346,ES8620806602
1Bg8saB3l6mLX327oZUwMv,Helium,Shagabond,2018-11-06,17,196779,DEVF11800469
7oqBNzWOeZj6fS357VaF9l,Unthinkable,Idealism,2019-12-18,34,157406,QZHNC1983811
0gji5qLCR8J6c0JtdBLkhk,Maps,Kurt Hugo Schneider,2017-11-23,31,198500,GBDMT1400491
2grjqo0Frpf2okIBiifQKs,September,"Earth, Wind & Fire",1978-11-23,75,215093,USSM17800845
4NZrZgrRoR4GwR7flWOXRI,Go Fuck Yourself,Two Feet,2016-07-29,71,129599,DEVF11600016
0Qq9H0nRmzofzO7ZtcDB60,Lament of Orpheus,Darren Korb,2020-12-01,24,228772,TCAFE2023765
4xElbnvVuazyeCGFRxMgYK,Lament of Orpheus,Darren Korb,2018-12-06,35,192778,TCADZ1895722
4AiI4vY2SnkfGN6MbZpXtf,belas,eevee,2017-03-16,0,181638,DEQ121746152
019V57NOngssFoGhD0IwgC,Perspective,Barnes Blvd.,2018-08-08,50,100250,GBKQU1871797
76bqpXdcQBtnQw6ByKQjvO,Withu,Blvk,2017-09-16,47,104620,QZ9JZ1754253
2PUCyydqpoJWjRBDRT5XSg,food court,potsu,2018-07-17,0,135862,QM42K1802032
7v52k3ozNqjKGlFPWDiudw,Untold,Jinsang,2016-12-23,0,95144,DEQ121644244
7r5T6XCpDjcLXohuKTUBaV,indigo,Kudasaibeats,2018-07-21,37,109500,QM24S1823015
6tVNZOnLrx7HxFXJrF8PJz,Luv Letters,frad,2019-04-24,39,164615,QZES61998141
5uwUgGB3MdhjyAOQoHw7V2,Are You Lost,Park Bird,2017-11-07,46,167436,QZANL1721434
7dStBhN0AbvcisUF2IePZg,A World at Peace,Ibrahim,2017-08-21,44,186357,QZ9JZ1762556
6pan2rDVvM8Z0c70szJryt,When It Rains,Saib,2015-04-28,47,153623,QZDA41870143
08IjCH3GfvVcdfwfz03exU,Somehow,Idealism,2020-09-11,0,171633,DESY21401158
60hYKNZ9JItNDYSgmJiddO,feather light melodies,santpoort,2021-01-22,29,188893,QMR6U2100032
2xhGZ3WzOa3tir28y7Cb88,Falling for U,Peachy!,2017-08-14,70,124000,USHM81705333
6CoH2HgpHBhUnrWtOutPSR,haiku,Nohidea,2017-02-04,33,108665,QM42K1704515
3lXCtVLdlFXyIQstRi1gJ0,do you dream of me too?,Rook1e,2019-10-12,43,119111,QZHN71981652
1t4KoXjUlk2mUkwwOE8UFb,"Train, Cold, Snow",Joey Pecoraro,2021-03-12,0,220689,US25X2100588
6lXGf0irWo1XWl8acAlzso,fool,frad,2019-10-11,45,130333,QZHN61973270
4jNUYBuUipHefrBzXLbUdJ,another perspective,Idealism,2017-11-07,38,166504,QM42K1612580
3gnuPcRwJl5nMrCaOzgu5z,distance,Rook1e,2020-03-31,30,81596,QZDA52079006
1QiMh9bqgpv4ePfcld40Hn,Hopeful,Sleepdealer,2021-04-02,13,148732,QM4TX2172358
73EgSbxRkyXOU3Kj5RGJO1,Wanna Know,Idealism,2017-11-07,32,132872,QM42K1606470
1clKbPcDdAyAhNE6DxHvdB,a moment of silence,Idealism,2017-11-07,40,131300,QM42K1610708
1YT1zLUNAy4qtdlAFX078j,slumpin,Jinsang,2017-09-29,0,169951,DEQ121750837
3tiF7unFuV68Q9vy7JXPRh,Growing Up,A L E X,2017-06-26,29,144015,QM2PV1796505
5xHwAQiKx72cDuMCVkEF79,No One Would Miss Me,A L E X,2017-06-26,39,173664,QM2PV1796497
6iiHfPJeO14Z9jRh2wisAG,Warm,Joey Pecoraro,2015-08-14,16,130666,TCACH1586482
1ADffIiBVfqDSRb8LKE3pU,Both of Us,Idealism,2020-09-14,0,115763,QZK6J2044333
2qMHdr7gy5YWM0hQP917LR,The Girl I Have a Crush On,frad,2018-02-23,45,137483,QZES61974604
6MZt6HHIWlPZeyhi1C4ysJ,Gummy Bears and Sleeping In Alone,Joey Pecoraro,2020-07-16,0,198095,US25X2001097
3aauaXWRgwCMoykMbI0Jq1,I Feel Like I'm Drowning,Two Feet,2018-10-05,76,185520,USUM71709320
7cS8eqcw4EQraaGYcUAANo,Lost The Game,Two Feet,2020-03-13,57,171733,USUM71818388
5nlphYej8S7MzTDBxxRBV9,The Places We Used to Walk,Rook1e,2019-12-08,0,135807,TCAEN1970709
1PLUHhDbSiVHRImD3gAg2s,feel,eevee,2017-03-16,0,104564,DEQ121746159
6cMEje4AzMFRCQh3WiriJu,I wonder if we're dead,eevee,2017-03-16,0,156814,DEQ121746157
4cVSEYmHNy3DBZToQ8sO7r,Amend,j^p^n,2016-07-30,0,104150,QZANL1736410
2bM3ptRxLbPQngcYwKGDfI,Wii Date,City Girl,2021-02-03,39,178064,QZFYX2150750
4gnw7ZduO3LMqEcrA1qvyL,How Many Times?,Joey Pecoraro,2020-11-20,0,238999,US25X2003545
7Ac8RyuxPPsHv2trlZEIhk,where you want to go?,eevee,2019-10-28,0,125503,DEQ021910163
3pAodxg6pppHSGadyQcf4M,Herewego,Jinsang,2016-12-23,0,136673,DEQ121644240
5DE13s7fSzWzZyaII7Lur8,Absence,Jinsang,2020-10-21,25,79914,FR9Z62000441
1IzOmolztJZUB7hkASzrH0,In Passing,stream_error,2020-03-31,0,170526,TCAES2036576
5GOs3BNuWlIfaAQQJNdgJD,Hello Sun,Joey Pecoraro,2020-05-21,0,215172,US25X2001094
55hgAzy1kaC0Cn7EFxDeUz,let's be lazy together,biosphere,2017-08-29,51,74831,CA5KR1568920
43ZYhWQmtLdtgISK8QmBGE,Gone Fishing,Harris Cole,2020-05-08,36,192000,QM6MZ2002561
1hxcBxHHWA57B1xiDPZpNs,City Lounge,Saib,2020-10-29,41,158117,FR9Z62000435
2U42jVkNgEU6DoM64eFD7i,viola,eevee,2016-02-10,0,86571,DEQ121744930
4kPPj8k1gBxVeC5KxzZvta,The Sea,Joey Pecoraro,2017-10-05,0,165449,TCADG1773312
3bNEBzMJJIS9aUwc6T9akD,Loveyou,j^p^n,2018-02-08,0,120000,QZARB1840736
3UVVDIkcEJSqpUcTIpC8b4,Technicolor,Kudasaibeats,2018-09-21,42,243000,QMPKX1830143
2CR01A8W6hmVZuXsVGf2Fn,Love from NGC 7318,Barnes Blvd.,2018-12-25,52,168272,GBLV61816223
5Kr3TRWDBlK0PuyGhv5kVs,Smoking at Midnight,Tomppabeats,2016-05-06,0,95921,DEQ121639515
6ZtpwGzhEiBgb5UgLxNpg4,"Hey, September",Harris Cole,2020-06-26,33,220000,QM6MZ2021480
2nzED6Q3yWuvSQnxw6QTlU,If I Could Ride a Bike,Park Bird,2019-07-28,56,203589,QZFZ31936799
3mZUDIEuYz8BhUKRIkoo0l,Law,Sleepdealer,2019-11-26,0,144000,QZHNA1992019
0MKb6jtMMFY0FZNg6P3dAI,Divine,Blvk,2018-01-11,40,147692,QZAPG1842503
6W3XJGH5WXGoFubLBr0Mf0,Wumbo,Harris Cole,2019-09-06,0,121445,QZFZ71907306
4JLI9AgtAXutJvjlXgZBoR,French Inhale,[bsd.u],2016-12-02,16,108078,DEQ121643991
7GVUmCP00eSsqc4tzj1sDD,Come and Get Your Love - Single Version,Redbone,1973-11-01,82,205933,USSM17300653
2QDiQ50Xv9ICj8lINq1YDK,Come and Get Your Love,The Star-Lord’s,2015-12-10,47,211000,QMVRR1538338
2WuK1opHQzRo18YXCtY2DF,Six Forty Seven,Instupendo,2016-03-28,61,119990,QM4DW1618349
3mFxRJau0dXGjFmA9Y4Yda,Pop Star 팝스타,Peachy!,2020-01-23,36,156694,uscgh2030235
2bO7wrekwx7XyHW7KsNJB7,Link,Sleepdealer,2016-12-16,0,136296,DEQ121644077
6mhtXeCxycdmzJYbf1rm7x,Serenity,eevee,2020-08-21,0,129246,DESY21401165
1a31jGgyZ5c2d10CPWkGxM,Fade,Knowmadic,2017-04-10,40,157000,TCACZ1795346
1D9DJXFwwB91MBatZ7wnSv,Samui Sunrise,Saib,2019-12-06,39,204137,FRIDO1911895
2aKKqmkt0AUenmXkjq4rs4,Space Cowboy,Saib,2015-04-28,38,152625,QZDA41870142
4J6dN4totHFv9aadxFk2Lj,rosemary,eevee,2016-02-10,0,83107,DEQ121744931
5X4Lzt8rqH4ece29Moqlz5,Endless and Artificial,City Girl,2019-06-10,35,233750,QZES91967430
6hjh2phISvfR1Ib6S0FK7b,Trying My Best,Anson Seabra,2020-05-08,60,222467,TCAEO1908525
6J1jIKelO3HerpKnTEVVMe,Dirty AF1s,Alexander 23,2019-10-25,41,137000,USUM71903600
3ZrEZotljrbSG4XKguKgeJ,i'm tired of feeling this way,Elijah Who,2018-07-06,0,148034,DEQ121751472
5p684vIzF5LOkmHL3I0tyM,"i'm in love with u, sorry",j'san,2017-10-02,53,90315,CA5KR1573361
1wtrm5eTeRfEXyJNF4Low1,when the leaves come falling down,j'san,2018-03-30,0,121904,QM4DW1838131
349BLahNNlDWncqIWJ34Yd,Ma Chouchoute,Snail's House,2015-06-18,37,188943,TCACG1559150
6YtmVjtDWDbac5tcto0BAn,そばかす,JUDY AND MARY,2006-02-08,38,254360,JPES09500952
0IL7LGrnYObWYyYaJ3GzWr,そばかす,JUDY AND MARY,1996,50,255200,JPES09500952
4grwA8RwLLCe7jHPf9fqV2,るろうに剣心 そばかす ORIGINAL COVER - INST. Ver,NIYARI計画,2018-08-15,1,100670,JPR861801026
6KPX4deF4udmDJqHqoYMPX,そばかす バッキングトラック,JUDY AND MARY,1996,8,253213,JPES09500953
7L3eXnQsoCvRZinLJJ4slV,basement,halberd,2017-07-31,32,161447,QM42K1794656
7vjcDhzSINRxzMWotRzNla,Finer Things,Kudasaibeats,2021-03-05,22,139753,CA5KR2137563
2xF1FwnNt9UNRpkc8vLTDC,Alone,Daniela Andrade,2020-09-30,23,124250,TCAFD2005692
6cx06DFPPHchuUAcTxznu9,Head & Heart (feat. MNEK),Joel Corry,2020-07-03,76,166028,UK4ZF2000305
5vuwXvQTpavYCgcPFnCMS4,Keeping Your Head Up,Birdy,2016-03-25,62,208395,GBAHS1500572
7KCXA4Y1gIGDSm388m9bW1,Keeping Your Head Up - Don Diablo Remix; Radio Edit,Birdy,2016-02-12,44,207145,GBAHS1600040
4RL77hMWUq35NYnPLXBpih,Skinny Love,Birdy,2011-11-04,71,201080,GBAHS1100350
5sF7hdYvhrcgNq8NZjfK8L,Not About Angels,Birdy,2014-04-13,69,189475,USAT21401449
0TVYFZCASBjQrrPWBdyWHY,Nobody Knows Me Like You Do,Birdy,2021-04-30,35,297520,GBAHS2001149
2lqMhO4DsPlchv63NHhbhg,Beautiful Lies,Birdy,2016-03-25,31,170720,GBAHS1600032
3UbCMiXR6d9zcfNRS0mTzG,Keeping Your Head Up,Birdy,2016-03-25,35,208395,GBAHS1500572
7nMIRoqcYE4Uc0AurRdolx,Kiss With A Fist,Florence + The Machine,2009-07-03,41,123186,GBGEY0800062
7izOEWThB5kEVCpUsPRqSr,Call me Cruella,Florence + The Machine,2021-05-21,31,127406,USWD12110748
3q8iHOd2icirSipnkE7fae,Light Of Love,Florence + The Machine,2020-04-17,46,240720,GBUM72001751
1myEOhXztRxUVfaAEQiKkU,Cosmic Love,Florence + The Machine,2009,62,255906,GBUM70903473
0fPf9CDFzVnHpcfld5XVtO,You've Got The Love,Florence + The Machine,2010-01-01,53,168666,GBUM70900237
0Y68ITZG1KQigFVAAn7AON,"No Light, No Light",Florence + The Machine,2011-01-01,52,274853,GBUM71107581
2kP1ujXHn0mNqFbiT3zob8,What Kind Of Man,Florence + The Machine,2015-05-29,54,216176,GBUM71500289
12HB8AmFTovKrFcGG36KbL,Delilah,Florence + The Machine,2015-05-29,51,293468,GBUM71500285
3dEFa9KjOLEZl980ctEEv1,Ship To Wreck,Florence + The Machine,2015-05-29,61,234526,GBUM71500288
3HNTLCpAGnizbyJmk7466r,Never Let Me Go,Florence + The Machine,2011-01-01,66,270973,GBUM71107580
5LQxAp0ZqRpKcfwPHS0xHb,"How Big, How Blue, How Beautiful",Florence + The Machine,2015-05-29,45,334817,GBUM71500281
10H6mvk1cPPTzs3IHsHSHi,What The Water Gave Me,Florence + The Machine,2011-01-01,51,333400,GBUM71107703
1HwuSP4S2lun5IExwkCEOi,"Hunger - Recorded At RAK Studios, London",Florence + The Machine,2018-09-19,29,214750,GBUM71805992
6WRjufZUoxjaUNKOJ6QhWp,Queen Of Peace,Florence + The Machine,2015-05-29,50,307347,GBUM71500286
30JSP0mpT8DQNHjs6v8Z4P,Howl,Florence + The Machine,2009,51,214053,GBUM70904473
4vJAhLLHcgPeR3pQopGaIG,Only If For A Night,Florence + The Machine,2011-01-01,47,298453,GBUM71107358
4NMD8KWxZwCrff9uHhVqSn,Breath Of Life,Florence + The Machine,2011,50,248459,GBUM71202828
5jAYbBuwroXXigCj4IGFdA,Rabbit Heart (Raise It Up),Florence + The Machine,2009,53,232360,GBUM70903474
3MZ7TxuXNnwYXm2KZGap5g,South London Forever,Florence + The Machine,2018-06-29,47,262680,GBUM71800803
0qo1zQwzw9tjHJDLkX4Aak,Lover To Lover,Florence + The Machine,2011-01-01,40,242813,GBUM71107583
3svizT5TsRqDffORHCmwKn,Heavy In Your Arms,Florence + The Machine,2010-01-01,53,287240,GBUM71024262
0eJEcotVKze2Ioy4u0T7eR,"Cornflake Girl - Recorded At RAK Studios, London",Florence + The Machine,2018-09-19,36,281960,GBUM71805993
4PTPbE3HvhxB9z3SYMBfz6,"No Light, No Light - MTV Unplugged, 2012 / Live",Florence + The Machine,2012-01-01,35,252666,GBUM71201410
6RLsX7OhNnSqNmGtQ3SvzM,Keeping Your Head Up,Birdy,2021-07-09,0,208395,GBAHS1500572
1PZ5mBtpRXZj8aMgQQYcro,Deep End,Birdy,2016-03-25,32,208840,GBAHS1600022
7lrQcfIiLtjteA8SIxR2qj,Wild Horses,Birdy,2016-03-25,32,181605,GBAHS1600023
3LTETRQAhfTHZIepuZkGM0,Lost It All,Birdy,2016-03-25,26,227160,GBAHS1600024
60EkFnRSHQ8nnofL3Wns5X,Alone by Your Side,j'san,2017-10-27,45,85124,FR9Z61700052
0cZcOtDqLaavK7LowhTBsa,sunny,j'san,2018-04-26,0,139130,QZCE61860923
6Y8MIADRvQmMNGPRXg15ao,takeoff,j'san,2021-01-14,0,111111,GBKQU2101032
0viAg5UHHvhJyMU3bnCzaN,on the edge,j'san,2021-01-14,0,140571,GBKQU2101038
20hV7MAwfI6VbCX6qBmfRM,Memory Lane,kyu,2021-07-25,0,131158,GBKQU2178892
6Zxm5cVPd2exUe4VLvMiFr,Afternoon Nap,Oatmello,2021-07-31,0,176417,GBKQU2180623
63qXBwPTvCGaghzboI8b87,Growing Up,kyu,2021-07-25,0,143471,GBKQU2178887
6WcVAucC3zykfnQE1ql3vp,Drift,Hevi,2021-08-12,0,155925,GBKQU2185239
2bnI4lQTsv0yFgHm1GvVdz,Just You,Swink,2021-07-21,0,200547,GBKQU2177822
25aWYRVHylcHAkOCAjXlQC,Birdcage,Elijah Lee,2021-05-16,0,154000,GBKQU2153594
1Vo4ta42fPuWjvb4lTDTcf,Formless,Kainbeats,2021-01-16,0,156363,GBKQU2101990
1H1rHIwqTLvJ1NgSDmNr1i,Ocean Sunset,Oatmello,2021-07-31,0,114000,GBKQU2180622
72ipUmRhSVs9E4knzBRozk,Friday nights,Nadav Cohen,2021-07-11,0,162000,GBKQU2173775
2tdd1GXbGNgonvQ7WHWgaB,Bliss,Dontcry,2021-04-26,0,111304,GBKQU2144244
5adFTkukCwOeJVo32F89wL,seeking peace,Towerz,2021-02-09,0,169149,GBKQU2111653
0B7ouIwWC87swT7pj1kiiG,Far From Home,iamalex,2021-08-08,0,115200,GBKQU2183405
6RpBuAEyOoMC4nSzYZrDOK,Evening Rain,DaniSogen,2021-07-15,0,168157,GBKQU2175191
2422sniydbW1AmHoC4smC5,Overgrown,Tenno,2021-07-13,0,137910,GBKQU2174456
40w3aKlMLiyoyZp9ouJvdQ,Looking Back,Hevi,2021-08-12,0,112735,GBKQU2185234
0D0OTfR5Jyw3kfyRKl1h1R,slow melt,tender spring,2021-08-04,0,179256,GBKQU2182848
6YsJA60kI6gXnJu9CrlQKs,Glimpses,softy,2021-04-02,0,175454,GBKQU2134046
3JX55SgC8MNX5zaAzQ2JV9,yourcolors,Nvmb.,2021-04-10,0,133995,GBKQU2137827
09UHuQPIRbjSZwhqGVRpzB,Gentle Soul,softy,2021-07-17,0,168000,GBKQU2176087
1GgLReaorohPXXy75crpuo,Flash,Mavine,2021-08-10,0,109256,GBKQU2184380
3H4DP6HiWG8GxZuoC89pVd,I Want To See You Smile,Lilac,2021-06-03,0,121839,GBKQU2161340
04qSzZlEqVTU8KYC5HW7N7,Dusk,Hevi,2021-08-12,0,167312,GBKQU2185236
4snGrtK0SaiYT2v4wRTECP,Moving Parts,DLJ,2021-07-01,0,133333,GBKQU2171097
3xgBDrcWKGBuZkex5m1cHI,Shimmer,Sleepermane,2021-04-26,0,140100,GBKQU2144256
11gdQzurkRspdcHZA7NGRu,Valentine,Kupla,2020-02-29,0,231529,TCAEQ2084597
4V9aXFj2pRND09THXABfdo,Hot Coffee,Oatmello,2021-07-31,0,171304,GBKQU2180620
2qonxwVvws8P1lDywhmZM6,Endless Seas,DLJ,2021-07-01,0,162985,GBKQU2171092
0o4GUdYn19eOvu2UYZb5Eb,Morning Brew,Hevi,2021-08-12,0,139882,GBKQU2185231
3Jw15mUi470MLV3fFEWoSc,At Night,Yasumu,2021-07-23,0,128056,GBKQU2178410
43lDdzqU5TVrqtacogTBbN,Golden Lakes,Hoogway,2021-08-16,0,141428,GBKQU2186449
1j8QnATpr09z5Q15EGumqC,Homebound,Mondo Loops,2021-02-15,0,164210,GBKQU2111737
5YfuZcsI0ZuHmvF4e2BRNf,Close To,softy,2021-04-02,0,151874,GBKQU2134053
4v1EzxLxaKMBC3vwkegyIx,Cloudy Springs,Kainbeats,2021-05-12,0,145429,GBKQU2152080
5w5zVFRavtfpiZna3nnlmx,Noctilucent,Ambulo,2021-03-01,0,175208,GBKQU2120425
3R0PCA8OAcHS9nBY8B42Ye,Afternoon In The Park,Swink,2021-07-21,0,161095,GBKQU2177824
1vosVz4NI3YJBdrZ3cacFt,Cope,Kurt Stewart,2021-04-28,0,128020,GBKQU2145608
2oC9Ah7npALCCPW5DC1gob,A Better Place,Project AER,2021-02-27,0,119999,GBKQU2119500
0DKlCqu04NWlMu6rpZoDha,Bird Watcher,Mavine,2021-08-10,0,86524,GBKQU2184376
5PIPdaOox4itldvFg4oBnk,heartsease,Towerz,2021-02-09,0,144000,GBKQU2111645
3be1lQtCm4bub9jVqDRcvt,Circadian,S N U G,2021-08-06,0,137600,GBKQU2183088
3DBRbR1Bpf5JPMhAXhMbNb,campfire,steezy prime,2021-06-11,0,181621,GBKQU2163305
0VkPeC24nILFZHrM1crWmv,white leaf,Jhove,2021-07-19,0,171883,GBKQU2176907
4IOGY3Wawe3d4OHjSSJvEK,Seaside Farewell,Hoogway,2021-08-16,0,164571,GBKQU2186444
3cZZFqyXSZHLMP6nipLlRg,Faded,Sitting Duck,2021-04-08,0,140800,GBKQU2137127
5vRaTzUZLL51ZKfZlawF8H,Leave This Town,Hevi,2021-01-30,0,177442,GBKQU2107949
2kT9lDUGFP5CnDrP2yi6J4,snowstorm in april,tender spring,2021-08-04,0,208144,GBKQU2182851
74C6GuYFTHwgHY2pzPEAWG,Because,Bcalm,2021-02-25,0,116756,GBKQU2118466
7yHwT1vosl0pGHsAbU9zxL,Sleepin In The Park,Swink,2021-07-21,0,158823,GBKQU2177826
3tKcBqOBbTT2ffCsy0PaKa,last sunset,tender spring,2021-08-04,0,198653,GBKQU2182847
3PUa8yeW9CgNkrE6pu8CtN,Circles,Hevi,2021-08-12,0,190149,GBKQU2185237
2xVPXQbegv3fFupqx4nFdo,Slow Hours,cxlt.,2021-05-10,0,146400,GBKQU2150898
4hbpxOh3dyzsMDFqDDQNae,Videotapes,Mondo Loops,2021-07-29,0,172258,GBKQU2180439
6CDQzZh0YqQqxSglI8mAOc,Still Shining,Jhove,2021-05-08,0,141336,GBKQU2150384
5aO3SuTOIDlmTF37PexSRe,Moonshine,SCayos,2021-07-27,0,171940,GBKQU2179619
1xT2ud4ZFadiy0PubpRp9f,Lucidity,S N U G,2021-08-06,0,99470,GBKQU2183095
6knClxS3hrl98YJrzcLxLW,when i close my eyes,Jhove,2021-07-19,0,130968,GBKQU2176911
63Kor293aoABGZTG65XfkU,Frost,S N U G,2021-02-17,0,157723,GBKQU2111742
1VzrjBxs9drfsmkjHU7i8E,Somewhere Away,goosetaf,2021-01-12,0,137600,GBKQU2100263
1q3w18eIspw3nlDukYFWb7,"good morning, love",Tibeauthetraveler,2021-08-14,0,131236,GBKQU2185859
43VBCfna9mhBdzr9MEdmVr,The Feeling Is Still There,Celestial Alignment,2021-02-05,0,135094,GBKQU2109838
7My69fUUaVLUCzRSFfujCj,Leaves,M e a d o w,2021-04-24,0,112000,GBKQU2143678
03yPjZqFhkRypWJjqhscHZ,Maya,Casiio,2021-05-20,0,141910,GBKQU2155047
1H02nI0gfr5UdDyrPkXY9o,holding,tender spring,2021-08-04,0,159375,GBKQU2182849
4eRtajBYemamBRlzWaMaBG,canopy,steezy prime,2021-06-11,0,121600,GBKQU2163308
5UiarfZo7Rv3CdUTPqVgIu,Divine,Mavine,2021-08-10,0,151500,GBKQU2184372
2nQw6N0MYObSQ3um6z3xOh,Fields,iamalex,2021-08-08,0,132000,GBKQU2183402
57btlfWLbHHLCsuzckJwVF,Moon Base,Pointy Features,2021-04-12,0,164307,GBKQU2139059
5JISZMuKjS9YZtofRUiTzY,Years Ago,Kurt Stewart,2021-04-28,0,136052,GBKQU2145615
06s3e0cm4mBNwWCnyjyjdr,Forever More,Hoogway,2021-06-07,0,131250,GBKQU2161385
5TrUb38EZY5EElGodbbuQS,Astro,SCayos,2021-07-27,0,122307,GBKQU2179611
25cEDBCi2UeTjH2dsN8bbW,Unwritten,Dontcry,2021-01-28,0,106672,GBKQU2106996
3RdUzrnE2KgU7aXQ1GqTkn,Kyoto Sunrise,Living Room,2021-04-06,0,158000,GBKQU2135961
5TnVZyVB4eoVLok34IADWq,Early Days,trxxshed,2021-04-04,0,121848,GBKQU2134871
330ewutZ1rVIGvbytuE71w,Dreaming About It,Yasumu,2021-07-23,0,142115,GBKQU2178407
3pDkYVDK3gdHGd4QazST6b,Warm Waves,Hevi,2021-08-12,0,157320,GBKQU2185233
5ULpCgYlS8IGuCf7Z9uSNs,Forgotten Riddles,Mondo Loops,2021-07-29,0,157808,GBKQU2180440
2JOxwe8jLVfnjjqS0SWvm7,oath,hi jude,2021-06-27,0,136140,GBKQU2169273
7sXzeEayYf6FonkJKUWg3j,Overgrown,Raimu,2021-04-18,0,147000,GBKQU2141255
5NVdMdOXVHe7KwBvnQrBVL,plucky,tender spring,2021-08-04,0,108889,GBKQU2182850
146iJRKSwR7VMfNyKE3gh3,The Last Time,kyu,2021-07-25,0,144091,GBKQU2178885
2j9c02C3MSHeOwEVHrdnEB,After Sunset,Living Room,2021-08-02,0,115833,GBKQU2181811
1peczEIItvFOP5PslyEJAW,Somewhere,Loafy Building,2021-07-09,0,138352,GBKQU2173496
3BvRly3LyFpLqAt1IcZhKz,Passing Lights,kyu,2021-07-25,0,162947,GBKQU2178891
3UJXWZK8pkGsv8JuIhFCsU,Waiting At The Lights,fourwalls,2021-01-18,0,118000,GBKQU2102730
1ErwxLx70ehcHuPNf4kDql,Lodge,xander.,2021-06-09,0,152093,GBKQU2161425
5AErGdzCKq7JsgfVcR0xRs,Seven,Living Room,2021-08-02,0,115714,GBKQU2181817
3K9FGVn3fAtTzZaTdkXKfR,No Words,Dontcry,2021-01-28,0,119954,GBKQU2107001
6cNO27tnWGYOdi7wzqQG5t,Lethargy,eugenio izzi,2021-06-13,0,145263,GBKQU2164134
3q1WSNpsBzvZtO0oGn2TY2,Nighttide,amies,2021-07-03,0,205217,GBKQU2171103
3EQECjMYGiiLUZX2yGzksx,i got u,tender spring,2021-08-04,0,203571,GBKQU2182845
1GABFcalK6e4Fq94bE8UsV,been waiting for you,Jhove,2021-07-19,0,137571,GBKQU2176905
6L0Evus9xcBFJ5CgNGDgyD,Castles In The Snow,Kupla,2021-04-20,0,152253,GBKQU2141778
28CXHfHcOB0UOEh4XQtUzt,Mull Over,Kaspa.,2021-06-05,0,150857,GBKQU2161361
1l6SWvb4ECKs0AzAJ6lSys,Words on Water,Hoogway,2021-08-16,0,144000,GBKQU2186440
3zTkMXOBJ2mIfwkPF9JrQr,Creating Memories,Yasumu,2021-07-23,0,124390,GBKQU2178405
6bx403fJR5nkdOTmT4C7n3,Crystalize,Bcalm,2021-02-25,0,132000,GBKQU2118464
6kAJKCDvK7MKyzRIKLObO6,Hyacinth,Sátyr,2021-05-30,0,151578,GBKQU2160336
3h0huwqW2qLdBHUuiAki9e,After Dark,S N U G,2021-02-17,0,150440,GBKQU2111746
6eu0fnGKcVA58CaVXn6zqZ,Consciousness,Living Room,2021-04-06,0,130000,GBKQU2135963
5jBF96eXORZgucsUA4PntR,Almost Home,BVG,2021-06-01,0,156824,GBKQU2162623
6PQ88X9TkUIAUIZJHW2upE,Bad Habits,Ed Sheeran,2021-06-25,7,231041,GBAHS2100318
7pnqdnBi2xBISxU2ayUcrW,Elusive,Mondo Loops,2021-02-15,0,133783,GBKQU2111729
2TJhPmqmpa56yEpWR1KOVC,Forrest Lullaby,Mondo Loops,2021-02-15,0,137142,GBKQU2111734
2sCksMokOBp2ZZYtcxII4l,Place I've Never Been Before,DaniSogen,2021-07-15,0,137647,GBKQU2175198
09UveESyREp8GFZpXuwWYh,Floods of Calm,Loafy Building,2021-07-09,0,150461,GBKQU2173492
30SOnfziQ6QaA1ZrHnDV6k,Petrichor,Yasumu,2021-05-06,0,150371,GBKQU2148375
5rIks752KujWMPLpD7pGbp,Puddles,S N U G,2021-08-06,0,174391,GBKQU2183093
1qdHXPYZYxHJ6AZi4vp4fI,Caring,Lenny Loops,2021-03-03,0,142400,GBKQU2121136
7MTb6EgRsuJ8muWJb8yWjx,Distant Voices,BVG,2021-08-18,0,180007,GBKQU2187367
16acgeEXTCOKM9DkAwdsfA,Echoes Of The Past,kyu,2021-07-25,0,143759,GBKQU2178889
3qvPThU2w0PwczcrGXQcao,Slow Down,Mavine,2021-08-10,0,87529,GBKQU2184373
0DPyjP9b4s00y4cd8OhAjJ,Homecoming,Hevi,2021-08-12,0,143685,GBKQU2185240
4zgbJ5ZZEMP9NrbSALJuMO,bloom,Tibeauthetraveler,2021-08-14,0,146075,GBKQU2185861
6FAONr9G5R5rADq2SbIonU,End Of The Water,Mondo Loops,2021-07-29,0,145454,GBKQU2180438
5upBeytuX4s1VgVFCJlnCK,Down the Line,WYS,2021-02-23,0,136930,GBKQU2117842
6mPwT1FOjIZmYy22TW6rWQ,Drowsy Town,Miramare,2021-04-26,0,137142,GBKQU2144252
2IU3MRJay9iO1ZWDn8eGj4,Numb,WYS,2021-06-29,0,151901,GBKQU2170244
5U1n14FJD9oEAtBOvZg2Xm,i can't find my mask,Jhove,2021-07-19,0,148500,GBKQU2176913
661L5o8VPQSetBWScwv1mD,Summer Evenings,Hevi,2021-08-12,0,163394,GBKQU2185232
5sESwms8VFhiMrhZwNmTEl,Warm Summer,xander.,2021-06-09,0,151578,GBKQU2161431
1XVLlbOtcqjkHv8iw20rzk,Insomnia,BVG,2021-06-01,0,182421,GBKQU2162625
5mI5rszfPancryGSkMxZ7Z,Sunsets,Yasumu,2021-04-26,0,110666,GBKQU2144254
73iJr2uQGgC9eOd2qIvEuf,funnyplace,Nvmb.,2021-04-10,0,149197,GBKQU2137829
7LHgbMpFUly0h3EQyxIjQk,After You,Hoogway,2021-01-16,0,145945,GBKQU2101966
1d8RdZw7Jpl1j7jYBUhjeZ,Night Walk,l'Outlander,2021-04-26,0,144091,GBKQU2144251
7vqNjtEpw7zHFq2HKgEqQs,time for bed,Goodnyght,2021-06-17,0,139746,GBKQU2166806
68QLwLux5frPHy3ULXSDq1,Big Dreams,Living Room,2021-08-02,0,139230,GBKQU2181813
5kktZJH4a8h5doclhDLLeN,Dark Chocolate,Oatmello,2021-07-31,0,168695,GBKQU2180617
5PrwP0esqaNbF5Tf8Okivr,Visions In The Trees,Mondo Loops,2021-07-29,0,186486,GBKQU2180437
0tGf44ZIlavnaf4t41QoHL,Drift Away,Yasumu,2021-07-23,0,151755,GBKQU2178406
5xBbmSyopI92ea627XeHo1,Old Cars,Kurt Stewart,2021-04-28,0,149744,GBKQU2145606
1a1mRbLR8uDXrM5Y2N4KWp,Watching the Stars,Oatmello,2021-07-31,0,151168,GBKQU2180621
3YIVbyZFipdETvhyHuWKvg,Les Nuages,Hoogway,2021-08-16,0,151714,GBKQU2186445
2SYGorGIkAJwFjMPuUUMRl,Have Hope,Mondo Loops,2021-07-29,0,155076,GBKQU2180432
7lYTbstRG6SL0AogY5aTSz,Away From Home,mell-ø,2021-08-20,0,108800,GBKQU2187935
7jMoZJ6x5A7vo6WZBdbPF0,Homage,Phlocalyst,2021-02-13,0,152000,GBKQU2111674
51uWyYu6eBDPPjnLDzRu6g,Winter Love,Dr. Dundiff,2021-02-07,0,166859,GBKQU2111262
6rfc7plUEDiqlDOpbuws40,Galaxy,SCayos,2021-07-27,0,151578,GBKQU2179613
096v44Y6SMWjAUdCeHH2mh,Ascent,Peak Twilight,2021-05-02,0,144000,GBKQU2147434
04t3EAB6cc8HmPXm191XR0,it's ok,Tibeauthetraveler,2021-08-14,0,158178,GBKQU2185867
0bCNtRMuZ4lgNRHqswkejM,Lunar Souls (Interlude),SCayos,2021-07-27,0,86486,GBKQU2179616
60Cke3dmzLl7URo6iOTfV4,Lessons We Learned,Sitting Duck,2021-04-08,0,157974,GBKQU2137124
62pFOJFsWTZXe7Jccn0Twa,Bluebird,Dontcry,2021-01-28,0,112080,GBKQU2107005
5KRM10CfGgxTaGBoV26M31,Contrasts,softy,2021-04-02,0,171176,GBKQU2134051
7HXhhbn5LE7XpaBrXdNoNx,The World at Night,BVG,2021-06-01,0,184312,GBKQU2162627
42mKRPlBBCsGmsxgRaDohK,Arriving,amies,2021-04-14,0,196000,GBKQU2139468
19PtnPRVxfqXgQjylZhbfm,Stay Here,Hoogway,2021-06-07,0,169852,GBKQU2161384
6GGsn0TQeULNuC8dT5p48E,Kiss Me,iamalex,2021-08-08,0,171940,GBKQU2183400
4FYheZwZ502rDE35jX9yps,Purple Sky,Living Room,2021-08-02,0,125384,GBKQU2181819
1ercPUTAbOclQMglY2fVWM,Rehash,WYS,2021-06-29,0,163561,GBKQU2170247
0ZTnQeJjlWQkG9jn6BxYlC,Friendship,Living Room,2021-08-02,0,143142,GBKQU2181812
0vg11qnqwfpg1inJlzbJE4,I'll Meet You At The Station,Louk,2021-04-16,0,146012,GBKQU2140168
2VSqvrU69abZOkDRr6iQq3,Chimes,Khutko,2021-05-14,0,137561,GBKQU2153217
5xQJZsPXVA0PDU9FmEzZXu,Thinking of You,Oatmello,2021-07-31,0,141739,GBKQU2180616
1FZaoDejxQ32bZ9ct0izhG,Clocks,mell-ø,2021-08-20,0,142285,GBKQU2187931
2334DCZfJfifjm3gdCBj9x,i'm your fallen soldier,Jhove,2021-07-19,0,160000,GBKQU2176910
2SFwrmmYGuOaT2cgsd7IOh,Golden Hour,Jhove,2021-05-08,0,136000,GBKQU2150387
3kXjOGWwRdPS73pg6YGlSN,Ghosts,Hevi,2021-08-12,0,169956,GBKQU2185238
30wC4M9TpYOSD87YywIAKB,Magenta,Casiio,2021-05-20,0,113898,GBKQU2155049
5meLx6NumSDxPM3ugWIJsZ,Haku,Swink,2021-07-21,0,153333,GBKQU2177825
0tt8YraszdR0lSl3GdHdbA,Forest Trails,mell-ø,2021-08-20,0,130000,GBKQU2187933
0NkvYfivzg2V0vwE2oF8k2,Distant Memory,Dontcry,2021-01-28,0,111483,GBKQU2106999
3xe1tSnmODuCzYzbxUbXUf,Motions,Tibeauthetraveler,2021-03-07,0,121477,GBKQU2121983
1HTdSfEuswKOUoRjZT9jHC,Suntory Time,Mondo Loops,2021-07-29,0,114316,GBKQU2180433
6i9twrlrr2jcElnMXzAQcB,Moondrops,SCayos,2021-07-27,0,140487,GBKQU2179621
2dluw1G3Ip8P25RFm84p0x,Memory of You,Kupla,2021-04-20,0,114000,GBKQU2141773
3v8nGemrKzg7NCDjxUViCc,Streetlight Reverie,Kalaido,2021-04-30,0,214343,GBKQU2146500
2AllZ1m10I5kUJRJz1t5Y5,The autumn sea,eugenio izzi,2021-06-13,0,150400,GBKQU2164136
1zM1cfqnEW0vock3C7juKf,miss you,Tibeauthetraveler,2021-08-14,0,155392,GBKQU2185858
7aNH67K1l6lDkjZGKRZhia,Wisdom,BVG,2021-08-18,0,228023,GBKQU2187369
36d86HrVMHqBTPUhpt14kL,Memories,BVG,2021-08-18,0,204023,GBKQU2187368
1LspYo4uDoXk5pSIqpv0xM,Movie,Living Room,2021-08-02,0,122812,GBKQU2181821
4w1SQJljtBveZl4FvfzhCh,Andromeda,SCayos,2021-07-27,0,136000,GBKQU2179610
0NnGoWb8HtdgDpVpgfyyIT,Awakened Mind,softy,2021-07-17,0,150937,GBKQU2176092
2k9fuTgOrVYeqyEtdZHvFe,Looking For Answers,l'Outlander,2021-03-29,0,147700,GBKQU2131351
45IIpiRjf9lKuIdOBQkO71,Sunday Morning,BVG,2021-06-01,0,192023,GBKQU2162620
1BYGylIROcFp0g9NfwjmuP,Star Trails,Kaspa.,2021-06-05,0,133714,GBKQU2161359
5tQrDRNlgCf1Lxe3V2FGaq,Alley of Trees,Hoogway,2021-08-16,0,159766,GBKQU2186439
7ABWUebHz1qmK70FTVHRNN,faraway,Tibeauthetraveler,2021-08-14,0,145107,GBKQU2185863
2UB8FT4LyZgwMxyn8pgmFl,the shallows,hi jude,2021-06-27,0,103500,GBKQU2169268
2FSyrleI1MfV8iGt2LzWp4,Marmalade Sky,TyLuv.,2021-01-26,0,189268,GBKQU2105922
5iOB8MvTcIn4d9qaB8ZQG8,Auburn,Laffey,2021-03-31,0,202197,GBKQU2133453
23qYyAddue1XasaL29LjE6,Into You,Tom Doolie,2021-02-11,0,106186,GBKQU2111666
7IHckA5OxvDkRTWbDAypZV,Fig Trees,juniorodeo,2021-03-09,0,163893,GBKQU2122004
0Dnjaup1P0R94RqmkBj8p2,Fireflies,kyu,2021-07-25,0,134764,GBKQU2178888
0khAlDpZLf4atCyEY3cAHM,Rooftop Conversations,S N U G,2021-08-06,0,188272,GBKQU2183090
1br8bN5nKsqfUO0cKbFkSQ,My Happy Place,Loafy Building,2021-07-09,0,148000,GBKQU2173498
0LQaFjMiKt6p3HsySe8y8n,Skin,fourwalls,2021-01-18,0,145454,GBKQU2102727
4gztlRQvRGoaKlS1sTuZYJ,Gentle Breeze,Oatmello,2021-07-31,0,142941,GBKQU2180618
2LGSeTlU57dOqHrh9KpDQ0,Equinox,S N U G,2021-08-06,0,197702,GBKQU2183089
6P5HvV2V23kwo1QEgAZ9sB,On A Cloud,iamalex,2021-08-08,0,145185,GBKQU2183403
0MgKQaiHmZ919Vx9fk71Nj,Saudade,Hoogway,2021-08-16,0,139285,GBKQU2186442
4JLTZmncp8PFIdKKN57gvA,Solstice,softy,2021-04-02,0,116666,GBKQU2134047
1l59t7iZ0nzyN6ej8moVU4,Flowstate,Yasumu,2021-05-06,0,140121,GBKQU2148374
3iDS9nw8qwFe74VROaORZC,Alder,mell-ø,2021-08-20,0,110117,GBKQU2187932
0JWlpOTxfpFJja8sB9TxWd,wilderness,Nvmb.,2021-04-10,0,120000,GBKQU2137825
7cDHJbQZvVxt8bDnA5lTOz,Dragons Dream,Mondo Loops,2021-02-15,0,207567,GBKQU2111735
1FU3W264Z0DtmgKfa8k1ND,Somber,xander.,2021-06-09,0,183000,GBKQU2161426
2cRll9FJJEs2hVKuOpRrRD,Brighter Days,Project AER,2021-02-27,0,168571,GBKQU2119501
6oopZP93Px6IPptFHEbgdg,Afloat,S N U G,2021-02-17,0,175277,GBKQU2111744
60E95G9rHwCw6WFOCBhXXd,Nightfall,Kurt Stewart,2021-04-28,0,122696,GBKQU2145613
6rT0NaqwlihO2PI7IZlPCh,A Journey In The Dark,Mondo Loops,2021-07-29,0,164571,GBKQU2180435
04vIluYr9J99XBU8qLnvpZ,Komorebi,Tenno,2021-07-13,0,182686,GBKQU2174455
0bA6WE9yIa6x2t0ZHpFGhc,On The Way Home,Mondo Loops,2021-02-15,0,112941,GBKQU2111739
5NIcmRFrtVd15m2AMMjWtB,Northern Tales,Living Room,2021-08-02,0,126153,GBKQU2181818
5wkH4yv9OBxW3AeRoZXyAG,94,Mavine,2021-08-10,0,74750,GBKQU2184377
4HXYUc3P1yaX9dbHQXL8Jx,Perspectives,Yasumu,2021-07-23,0,124012,GBKQU2178408
4XQsRBmrmJiznM1n4DguZ7,Desert,iamalex,2021-08-08,0,114450,GBKQU2183401
0qTqNsBK1xfzJ41aR2s4FX,within & without,tomcbumpz,2021-01-22,0,111428,GBKQU2104208
6FEGuzSKfau9ydSFICtGgA,First Snow,juniorodeo,2021-03-09,0,118359,GBKQU2122014
2CJJLY9d5HL2FVte3nXv8T,Northern Lights,mell-ø,2021-08-20,0,136800,GBKQU2187936
4pqW1xi1OJbel5c59kqHmK,Lockdown,Mavine,2021-08-10,0,108813,GBKQU2184382
48WYSjOYQ3r2ewgVtaYzwd,Prayer,Living Room,2021-08-02,0,123333,GBKQU2181815
2jJPB6ekBtlT1dKM8hGDg0,Sail,GlobulDub,2021-02-03,0,147200,GBKQU2109506
5wCT1f842tZ2dqACdkBkrF,Fireflies,S N U G,2021-08-06,0,169968,GBKQU2183091
4SkkYwbekzZ4z5jTsyd4LM,Time Stands Still,Purrple Cat,2021-06-23,0,205993,GBKQU2167641
5N7BDdS0b8lMHuilOnoejF,gaze,Jhove,2021-07-19,0,161142,GBKQU2176909
5txH4AkQv4aYqFdsHmlZjL,The Night Is Full Of Wonders,Living Room,2021-08-02,0,154071,GBKQU2181814
1imuBxPpVxb2DwsYsVvkGj,apart,Bert,2021-06-25,0,156013,GBKQU2168450
5BBMFqj9QeTG41EUrpd7tW,Beyond The Dreams,Hevi,2021-01-30,0,164942,GBKQU2107942
0kFb9Xbl1LhpteKe2GzLwr,Constellations,SCayos,2021-07-27,0,183896,GBKQU2179622
6f4u7vDwISbS9q86KF39gI,Beacon,Mavine,2021-08-10,0,82285,GBKQU2184374
6IM9Er6nQT3ZTp8LBUzB8d,Stargazing,kyu,2021-07-25,0,133437,GBKQU2178886
0yRNmjpJBxxTrrhXYLkAXv,Lune,Hoogway,2021-08-16,0,139714,GBKQU2186443
4qG9pfZ6xHZfzTqw1n3QOp,ripples,Towerz,2021-02-09,0,128600,GBKQU2111649
2kCjTPHqjoVzoFayqgqlBt,Fading Mist,S N U G,2021-06-15,0,184663,GBKQU2164937
7cD91rFWaaQGrnKzHoJ2vi,Wisteria Arbour,Raimu,2021-04-18,0,158699,GBKQU2141250
3fkyqTnRM4VfGR1yhHv5ho,And Then I Woke Up,Hevi,2021-08-12,0,168052,GBKQU2185235
0Vti6X6jhiEZpTxGLhLr6y,Tetra,Monma,2021-01-16,0,195428,GBKQU2101978
4y6yr2KkLKhRTxgGBgcAME,Fireflies,TABAL,2021-03-05,0,157974,GBKQU2121778
1r59FDWG7vWt7Te35BIZKI,Levitate,amies,2021-04-14,0,202000,GBKQU2139464
43srXwmPeJfZkZxttXak4F,station to station,Tibeauthetraveler,2021-08-14,0,155276,GBKQU2185866
6BFSWLv5RUzZ8tVZVSCmXU,Mercury Retrograde,TyLuv.,2021-01-26,0,129220,GBKQU2105918
5wPVakVziXmVSQ00whRAHI,youth,steezy prime,2021-06-11,0,143414,GBKQU2163306
78y32lQUDlDro6RUUuY1u2,Interstellar,SCayos,2021-07-27,0,168800,GBKQU2179615
6glCKSqE4M7SZ6qTAHVfTH,Graze,Mavine,2021-08-10,0,118153,GBKQU2184378
3sOdMfbsENI6vDxtUfgkA2,Outside For A While,Hoogway,2021-06-07,0,162400,GBKQU2161398
5vkLZ5j19XQblWPx6RYQKe,Circle,Sátyr,2021-05-30,0,156000,GBKQU2160332
265XiHmNdFqQZILCPrOvVY,The Other Side,BVG,2021-08-18,0,179992,GBKQU2187374
0iwilybhOjDsLp7Z1ti0zj,Moon Lake,BVG,2021-08-18,0,168023,GBKQU2187371
2qK5OjModosksuxhNJvQ08,New Beginning,amies,2021-04-14,0,182000,GBKQU2139472
680LLJULthxYQntDOmLjg8,Valley of Hope,Kupla,2021-04-20,0,142200,GBKQU2141776
7xqHh6F1NAsBC0tHKuGqWT,These Are The Nights,Hevi,2021-01-30,0,177552,GBKQU2107938
23mArpCVoKVRiYfpz0Zlvr,Lights Low,Pointy Features,2021-04-12,0,163783,GBKQU2139064
6eWu3aeOFZf1m3MPklT0IH,sanctuary,steezy prime,2021-06-11,0,120000,GBKQU2163304
5nYCx7NAHQvW7ZZZeEJTTK,Nemui,Lilac,2021-04-26,0,117647,GBKQU2144253
3aUNbrsWl9A3jNuvfVsFsN,Between Worlds,Tenno,2021-07-13,0,173913,GBKQU2174453
3dW84GjSlpMbzAioGfedIa,Findings,S N U G,2021-06-15,0,144078,GBKQU2164941
3wOplmv7FEeBSyCPMDyFe1,Letting Go,BVG,2021-08-18,0,187037,GBKQU2187370
4fqxdGwVgKhRPhqYiG0oTP,"Home, Now",cxlt.,2021-05-10,0,166666,GBKQU2150906
6QvUmq7Sqvw277E8zlLf7K,Kyoshi,Mondo Loops,2021-07-29,0,148000,GBKQU2180430
3OZQQJeANWDHgnSSJvqhPQ,Leaves,Yasumu,2021-07-23,0,123214,GBKQU2178409
77ROLrTU9b0PX3kVFbcvmX,fuji,Bert,2021-06-25,0,165013,GBKQU2168453
3Rqr2JzmouIxPGwaoKj0fN,Infinite,Laffey,2021-03-31,0,148778,GBKQU2133447
3FVFf1ZmdcSvCtjTrroTmg,Moonscapes,S N U G,2021-02-17,0,177812,GBKQU2111747
1AwXvRDkuXRmXgzxLW10lX,Smile From A Friend,fourwalls,2021-01-18,0,154666,GBKQU2102732
0vPkOHInFENGHuk3kNXg1l,Sleepmodee,Living Room,2021-04-06,0,125000,GBKQU2135966
2zLmpmrBdiZPbthmXDLS8j,New Beginnings,Laffey,2021-03-31,0,193068,GBKQU2133449
7beyt6H1HOcUliIhRmE2TO,A New Path,Laffey,2021-03-31,0,171219,GBKQU2133457
4gCIwhkNeWVNhPZHKpCfdn,I Thought We Were Friends,Yasumu,2021-07-23,0,125721,GBKQU2178411
6Br2S8RlWJlceIDL1z5GBy,Sleepless Wonder,Loafy Building,2021-05-18,0,147000,GBKQU2154709
54M5K9WbOCjnvhWEUOgIMi,Frozen Over,Enluv,2021-04-22,0,136438,GBKQU2142823
5Wvvlb65aW4nwhgckYNbtY,Moonflowers,Living Room,2021-08-02,0,154736,GBKQU2181820
52isx6cERwfH8DAZJ9T9su,Purple Vision,Kupla,2020-07-31,0,156205,TCAFA2007435
0lQFQ7nJNz1KgrNuut9s3c,Inside Out,Sleepermane,2021-01-16,0,127146,GBKQU2101983
36u3piiKv78hvgnhIg3YTx,Moonlight,Kurt Stewart,2021-04-28,0,162840,GBKQU2145614
4CXgX7cSouV5tzjGU8xHmE,choices,Towerz,2021-02-09,0,185581,GBKQU2111652
1czBbT3wPiNxaXcOOywDKU,Cirrus Bridge,Kainbeats,2021-05-12,0,133520,GBKQU2152079
6E83Vpwp4v3xiEAjhnz7tZ,Silver Silver,WYS,2021-08-24,0,155454,GBKQU2188277
5yfl8Ch0e3k4d5rrXbvyUl,Resilience,Ambulo,2021-03-01,0,115662,GBKQU2120428
2ed4PUu3KeN234wnJrK5Jm,River Glow,TyLuv.,2021-01-26,0,162000,GBKQU2105924
6jn6zOiyqeOxASn4S6xoZf,The End of Fall,Swink,2021-07-21,0,163333,GBKQU2177827
500EHgHif4ryg5cstsTSJq,Compassion,Laffey,2021-03-31,0,155927,GBKQU2133454
4w9YC5IGJuonmBy2K3z9yQ,Old Dee,Mondo Loops,2021-07-29,0,143302,GBKQU2180434
4ycWuFxVYS1bWAqhBPEQvo,Stop Calling Me Cute,Team Astro,2021-02-01,0,158437,GBKQU2108809
17t4biwLMwJwrZEnosyfuD,Heart of Sakura,DaniSogen,2021-07-15,0,159786,GBKQU2175192
6AgR2WlabQeMH5sKO8mgZe,Diamond Dust,WYS,2021-08-24,0,171500,GBKQU2188285
2z3IxH5pMYgd60G4qutML6,can't see,kudo,2021-05-04,0,143918,GBKQU2148366
1HpVBx0knZ979fjzTBaNm0,Orion,SCayos,2021-07-27,0,162253,GBKQU2179620
6YxcQLJfN8EvoavGrbscNr,Midnight Journey,Kainbeats,2021-05-12,0,108386,GBKQU2152075
4O2HZH0psbxijFPOQHgi2a,Rituals,Living Room,2021-04-06,0,132625,GBKQU2135959
5WXzfaLP2hDTqr7w2LEtFf,Tsuyu,Otaam,2021-08-26,0,149581,GBKQU2189469
5oj7rCsX9IsCROXEVomS3s,Polar,Ambulo,2021-03-01,0,128823,GBKQU2120426
3jVWGM0UlfhrZOuc5fPsfa,Daydreams,Kurt Stewart,2021-04-28,0,162560,GBKQU2145611
0iPY99nT1RfKfs8cwPax3P,The View From The Monastery,Celestial Alignment,2021-08-26,0,135927,GBKQU2189461
2DVlEqfna6wRYNwOwy5YK7,Cabin In The Forest,xander.,2021-06-09,0,193333,GBKQU2161422
4lzalths5Wy7N4TcHB4R9u,Orion,Kupla,2021-04-20,0,140994,GBKQU2141772
6VZ4o8VWGPUirojlImWYPk,Summer Eyes,squeeda,2021-08-22,0,168576,GBKQU2188317
1ng7Fu0mg01HuwH3fRjd2M,looking at the moon,Tibeauthetraveler,2021-08-14,0,130177,GBKQU2185862
1qZmUt4SP171pUHYLq8TOW,Wander,dryhope,2021-08-26,0,144000,GBKQU2189464
7uPldSGdzaEB4EbdQDymhB,Fireplace,BVG,2021-06-01,0,165430,GBKQU2162624
2OdYyAZLW3x6jmUZdGLz5a,Your Words Not Mine,Louk,2021-04-16,0,126153,GBKQU2140167
1SZnu0wclsSROTitZPP4Yf,Adrift,Kurt Stewart,2021-04-28,0,124173,GBKQU2145612
2XCkJN8DibL2PyXAmoDkc6,Dots,Blue Wednesday,2021-03-11,0,163941,GBKQU2124155
3OttkRIIkSHFHywmFyquC2,"i know, goodbye",Jhove,2021-02-21,0,188799,GBKQU2117221
725A0TgRtyBMLDuNs8g7dt,Lustre,S N U G,2021-08-06,0,149008,GBKQU2183094
5vttuMds6EL4SlQEcNEcjl,Thousands of Dots,DLJ,2021-07-01,0,164193,GBKQU2171094
59Rx7sQnBmVbHwdKqKHOrQ,Magical Connection,Peak Twilight,2021-05-02,0,154000,GBKQU2147436
1iecfkrfqY7wGxoGXGvSZ5,West Of Zhuhai,Yestalgia,2021-08-26,0,140571,GBKQU2189466
51cVGWjPhMjdAJwNg78VNJ,Late Return,S N U G,2021-06-15,0,109812,GBKQU2164946
6ZXo2YyLifIRAHmvo3i7ar,All In The Stars,Hoogway,2021-06-07,0,145882,GBKQU2161395
6UsuwSXwYmiGXHSBJ7YdNr,How We Feel,Yasumu,2021-05-06,0,149145,GBKQU2148376
5GfOd3Fb8VMHxU3DWgs8fz,Sundown,softy,2021-04-02,0,165428,GBKQU2134052
6dp8Uafzo0GuRxXxlV0Fwx,Open Skies,Hoogway,2021-08-16,0,138529,GBKQU2186446
5wiVx5VuyffPYkNz3LnmzO,Wild Horses,WYS,2021-08-24,0,172000,GBKQU2188282
0BfGhhCGg6he3029wCEqVE,Brighter Days,Yasumu,2021-05-06,0,129304,GBKQU2148372
1r5W1QAawq6dJ3APE2YZyJ,Drift Away,mell-ø,2021-08-20,0,126000,GBKQU2187930
5lF7VhUNFFjmVZceqNJVyH,Everything We Left,WYS,2021-08-24,0,162000,GBKQU2188283
1HAl6Tp1nISg2gi5V7skDL,Cherry Tree,Tibeauthetraveler,2021-08-26,0,156482,GBKQU2189454
69i8nssYfUJdlx33sEpWRH,Reliving,cxlt.,2021-05-10,0,195428,GBKQU2150902
3DyabKiwlcCNPqvh8LVJvv,Fresh Snow,Oatmello,2021-07-31,0,151406,GBKQU2180619
28DrNpTUJswDSeeMb1QvtB,Leaves Fly Away,Swink,2021-07-21,0,164383,GBKQU2177823
5DH2fDXOtzJEGzWRS57wlE,Kingdom in Blue,Kupla,2020-02-29,0,201154,TCAEQ2084605
1uYe5urGFQqIIfi0NjgwhG,Etoiles,Hoogway,2021-06-07,0,136119,GBKQU2161393
1zSEPcTOm1qmx9mj2ZPqtI,Lost Treasure,Purrple Cat,2021-06-23,0,174829,GBKQU2167645
0682XZlGm1ikOUBwu1OFt8,Far Away,DLJ,2021-07-01,0,126315,GBKQU2171098
07Z0cJkK6FyLarI9z0dcSl,Invisible Medicine,squeeda,2021-08-22,0,174545,GBKQU2188321
0LQjyKQULhbbHmqRmcjotg,Miss What We Had,xander.,2021-06-09,0,178518,GBKQU2161432
2AYvG3g2uE5NhGxDN6rbQ7,two moons,Bert,2021-06-25,0,141204,GBKQU2168452
2Ro1TdPyLfhfaTbww8CX66,Destination Unknown,amies,2021-04-14,0,172000,GBKQU2139463
3Hh5pB3aKVkvHlVwCpRqrO,Sands Of Time,BVG,2021-08-18,0,174023,GBKQU2187373
5tHMh8qrVDoScbggQl9Jcc,Field Trip,squeeda,2021-08-22,0,175249,GBKQU2188319
3kPlIKohsDeVKHtBLUU8jN,Lost World,squeeda,2021-08-22,0,190639,GBKQU2188316
25jFUJDSgJRv45ORFf9irq,Danso Lullaby,Mondo Loops,2021-08-26,0,137142,GBKQU2189473
1vPeQ837nqAGAFOO3bBiqR,something to cherish,Towerz,2021-02-09,0,96567,GBKQU2111644
4onAMmQiYx0PduaBay6ek7,Ocean Planet,SCayos,2021-07-27,0,165245,GBKQU2179608
21q97zAOrgtJnMvx8tkfcd,Set Sail,BVG,2021-06-01,0,179898,GBKQU2162621
1TXj7OPHjpK5cElTdNAZ7z,Busyland,Loafy Building,2021-07-09,0,120000,GBKQU2173491
50rEnYI8rLYgkzkpvqn240,Higher Calling,l'Outlander,2021-03-29,0,163507,GBKQU2131352
2KEXS7EcnxnN4AfqqVdzcC,Your cozy home,Nadav Cohen,2021-07-11,0,154000,GBKQU2173777
2Yim9gV32P9khRPkI3VrmY,Sternbilder,kyu,2021-07-25,0,147745,GBKQU2178890
6uF20V3rDiJjkDTHMpWf5J,come closer,Tibeauthetraveler,2021-08-14,0,138250,GBKQU2185864
1QRggmZ6HxeDP9LUhU86sj,Secret Forest,Mondo Loops,2021-07-29,0,141176,GBKQU2180431
6vdM4is2WIrw336STSrpZd,"eyes shut, mind open",tomcbumpz,2021-01-22,0,143995,GBKQU2104207
1N3td9NsdklGdd2uoNssFJ,Rainbowsend,Living Room,2021-04-26,0,115200,GBKQU2144265
10VzK1K9YfJhMEtJXqEK4H,Fuji,Living Room,2021-08-26,0,148235,GBKQU2189472
7yA3syxYm26gcX4NDSdBNu,A While Ago,DaniSogen,2021-07-15,0,147692,GBKQU2175197
0nbYP58tKUoRBWv0VE51GG,Spacecraft,SCayos,2021-07-27,0,152380,GBKQU2179617
7zQ5ncX9Tt1LoG0R819e7C,Western Point,WYS,2021-08-24,0,149594,GBKQU2188281
05YjHT06NgPFoCcmBPExTl,Botanicals,Raimu,2021-04-18,0,182045,GBKQU2141257
0XNG0lbjUyBnkgkTZsWitY,Currents,mell-ø,2021-08-20,0,120000,GBKQU2187934
176YONkyofeOc4sZis7Bbl,Satellite,SCayos,2021-07-27,0,166956,GBKQU2179612
0YV50BBgQyHgaWIaWOLBFv,Nebula,SCayos,2021-07-27,0,160000,GBKQU2179614
5veeNpWvHNjsikAXnkpT53,Passing Time,trxxshed,2021-04-04,0,138008,GBKQU2134867
2i9mRAhUWl9i5Em4ZXBiri,After The Storm,WYS,2021-08-24,0,164250,GBKQU2188280
63doPO3OHf4sutsRuy3vvp,High Sun,Jhove,2021-08-26,0,152307,GBKQU2189474
3oStl5zyAO4qtXJtG8LFyl,Almost Dreaming,Enluv,2021-04-22,0,149589,GBKQU2142816
5Vk1EAd0O9189IDZVfF0p3,Neon Tiger,Purrple Cat,2021-08-26,0,114013,GBKQU2189468
6u5KM9ZVcL2y5YLWrWk2YP,Calm,Elijah Lee,2021-05-16,0,137000,GBKQU2153596
7syC1mAZL26go2SEqVqZR7,abundance,Towerz,2021-02-09,0,161975,GBKQU2111650
4uY8AjyUHBxCWgXPhpUVGR,The Path You Choose,BVG,2021-08-26,0,203100,GBKQU2189467
5TRRX9ypICZKJfWmSvwAX7,just around the corner,Jhove,2021-07-19,0,140616,GBKQU2176908
6ie1S0vSWQm335jBi5ycJK,Light,Tenno,2021-07-13,0,142153,GBKQU2174461
5IB8ScDtx887hFBm3PGway,Altitude,Enluv,2021-04-22,0,152500,GBKQU2142824
1eryxCruIKDq0nG1OkTKZc,Treasures In The Cave,Mondo Loops,2021-07-29,0,164571,GBKQU2180436
1tDi6xSwMlUiUMyB0EBBtK,In Love With The Sky,Raimu,2021-08-26,0,162985,GBKQU2189460
4m6q2Y8dVka2wL2g7DVhji,Blue Hour,Living Room,2021-04-06,0,158000,GBKQU2135965
6rTPgxS3weamFQtN6xN4KZ,Night Bus,Ambulo,2020-09-13,0,136071,GBKQU2094056
5Gu6NCFSOmIVlXPjV9KXqO,Dreamsand,squeeda,2021-08-22,0,133500,GBKQU2188320
1wFGZZgPRBDnyfeJPOxuES,Essence of the Forest,Mondo Loops,2021-07-29,0,168000,GBKQU2180429
1CdF2GUwGTVnEXJ89dOhDf,Only You,Hoogway,2021-08-16,0,172031,GBKQU2186441
2CLjFtxfYSgRTRXUTkcHi4,Evergreen,softy,2021-04-02,0,173571,GBKQU2134044
3WXMrOw2iD9bb5cFNyjif7,Waterfall,BVG,2021-08-26,0,160025,GBKQU2189470
6qQzYpm1vaSbjgNcrzT1z5,Afloat,Pointy Features,2021-04-12,0,142941,GBKQU2139062
6WUW7Ixdi4Kf0TBR8ubZrG,Summer Rain,iamalex,2021-08-08,0,144000,GBKQU2183399
0DaLCbuwZBpByBaoaN0SrL,Cycles,Casiio,2021-05-20,0,131522,GBKQU2155045
1gDcCA9FyWZc07OBn7Q6TI,Hidden Clouds,TABAL,2021-03-05,0,179200,GBKQU2121774
2z6hmLcI9rTAGCPLzmGwei,Soft to Touch,Kupla,2020-07-31,0,169690,TCAEZ2059169
5FqdenKVooPMouenbij4Mg,Holding On,Kaspa.,2021-06-05,0,154285,GBKQU2161358
6YAQV6DEDC4n84kEhKEf4s,Traffic Lights,Mavine,2021-08-10,0,97142,GBKQU2184375
6pn8B4x7hSbZNcVtVscT12,Mahogany,S N U G,2021-08-06,0,147692,GBKQU2183092
7K6mLLTFZYCdrJRRr6NtzQ,Through Your Eyes,Hoogway,2021-06-07,0,138181,GBKQU2161390
0nvrOztDzCp9kYIMXTR8Y9,Horizon,SCayos,2021-07-27,0,189105,GBKQU2179609
4uIMtTOW2np8aquY36g96V,Shibui,Jhove,2021-08-26,0,166000,GBKQU2189458
741HHA55jVGYHKmSUo0Zuf,Kindred Spirits,Pointy Features,2021-04-12,0,135233,GBKQU2139057
5Ox00QSx80jWTusCaK0RL1,Passage,mell-ø,2021-08-20,0,110379,GBKQU2187937
1RxCBDCrKfsLdyZ6UIAQPk,"springtime, with friends",tender spring,2021-08-04,0,132413,GBKQU2182846
5z86BjJlwqG9W4dEfeuhy1,Spring Rain,BVG,2021-01-24,0,174015,GBKQU2105082
6AAnhlix7KSz6F98JhHnTa,Frozen Waters,Hoogway,2021-08-16,0,144705,GBKQU2186447
6iiPWDWwbjuCCJlC6DkoHC,Koi,Phlocalyst,2021-08-26,0,117187,GBKQU2189471
7ikrTlK9YSTR9OG5rlh8MR,Eden,amies,2021-07-03,0,138305,GBKQU2171109
1uUZf0Yvuivmhwnb1gwdVI,Warm Shimmers,Loafy Building,2021-05-18,0,140850,GBKQU2154703
0kMEt1BWENs9RRnFqMlCBA,Dusty Records,Mondo Loops,2021-07-29,0,154736,GBKQU2180428
2UgCs0i0rNHUH2jKE5NZHE,Sempurna,Andra & The Backbone,2006-12-28,74,268422,IDAB30600441
6GrwTQ3ymprCEBhNAuTGLy,where light can't reach,idylla,2021-09-01,0,129766,GBKQU2191761
4ivra3rs51WBdEdlrnjwXb,Roots,Kupla,2020-02-29,0,138947,TCAEQ2084604
5konzYNSMOUol8tWalxCEW,Travelogue,Leavv,2021-08-28,0,153333,GBKQU2190493
5BrA2d8cQhHL4YfiGKHNiy,Love Under The Roof,Raimu,2021-04-18,0,124939,GBKQU2141254
7woPToEEZ8yapxMDOfpnZM,Reminiscence,trxxshed,2021-04-04,0,132000,GBKQU2134868
0sK6jRVjGwUTEXVNCFe9t7,The Brook,Kurt Stewart,2021-04-28,0,115040,GBKQU2145607
1YwaCj8WgoN5g1giIMgHJY,Sunray,Kupla,2020-02-29,0,100624,TCAEQ2084599
116FGEsxnCwZtpoqZxhpvL,After All,softy,2021-04-02,0,137571,GBKQU2134050
6vAcFHHGgr30Cjj2PPfDL2,Sea Beams,Kinissue,2021-07-05,0,104691,GBKQU2172111
6yoHuyjYvNNombf0buSlgf,lovely glow,idylla,2021-09-01,0,155294,GBKQU2191765
5BVIZf8m649sKuvqDMeDdz,In Your Eyes,Kupla,2020-02-29,0,178570,TCAEQ2084603
0y3iIok2TbE0HsvVhL8MFa,Timepaint,squeeda,2021-08-22,0,220269,GBKQU2188318
14BWjpEtJWorkOQkiOBAua,Golden Clouds,Rudy Raw,2021-07-07,0,152470,GBKQU2173032
6aQ1CtFqN5GkfY4l7CCocY,Kami,Kalaido,2021-04-30,0,186403,GBKQU2146501
0I3SrpGUs8TxBpCwpsQOpG,undertones,hi jude,2021-06-27,0,197445,GBKQU2169271
2DLEmOLBY3bOB8N3gd8xcG,letting go,steezy prime,2021-06-11,0,162857,GBKQU2163302
44c3W3rm6yARdd9twv0yMC,Travelers,Team Astro,2021-02-01,0,164817,GBKQU2108799
7HMjKcPbnxOAuDpGMm2wJq,Until Dawn,Kanisan,2021-08-26,0,101846,GBKQU2189465
4mtAEjMagcu4zjN5x9jXu9,I'll Remember u,Bcalm,2021-02-25,0,136097,GBKQU2118468
1IEkS6jx3XGYoNWRNfFghA,From My Window,Dr. Dundiff,2021-02-07,0,119638,GBKQU2111266
10iQVS4YsNbPPUJwQgFKlL,Firelight,Bcalm,2021-02-25,0,144000,GBKQU2118461
1UReE8X4E3DxbUoGMCqjLT,Homesick,softy,2021-04-02,0,168000,GBKQU2134049
0L5CoUgSFMtN3rCPtSJHSe,Somewhere In Time,cxlt.,2021-05-10,0,146400,GBKQU2150897
6zq4Oq9pMk9RtRnD0nQdzO,Sweet Memories,GlobulDub,2021-02-03,0,170000,GBKQU2109510
6vmBLRWgarfSOBIvOk9k1T,Lost Stars,DLJ,2021-07-01,0,169536,GBKQU2171100
5cIArreof1TD6LLYhvA2Oq,The Finality of It All,Project AER,2021-02-27,0,129998,GBKQU2119506
7agm2r3cyJ9WbkQCrQxfa8,Serenity,BVG,2021-08-18,0,180023,GBKQU2187375
1plwFX9rTR995fI7EP1BiA,Parhelia,Leavv,2021-08-28,0,131842,GBKQU2190489
4r7NMcLAuYIXFZ7sQqulAS,Light Years Apart,Dontcry,2021-01-28,0,106904,GBKQU2107002
2Q3YTEuU9YkEaxbocbSIju,Blazing Sun,WYS,2021-08-24,0,152682,GBKQU2188279
5wq7dQCHKEAAqCzCmSUBM0,Reassuring Skies,Lenny Loops,2021-03-03,0,144000,GBKQU2121131
6zNar68iLaQvMXCoNqckLe,Alaska,S N U G,2021-02-17,0,178119,GBKQU2111743
1thpjmPyH3rfjaq2bfrjWB,Fields,Leavv,2021-08-28,0,118153,GBKQU2190492
78CpmGK47wePWOuKZhnus1,Until We Meet Again,Peak Twilight,2021-05-02,0,189250,GBKQU2147439
1lTPSJscUgRDemkxtHfdsi,Playgrounds,Phlocalyst,2021-02-13,0,120000,GBKQU2111673
13AKeFKwR0jGOIXecowMO0,Diamonds,TyLuv.,2021-01-26,0,140778,GBKQU2105920
44V6EzbUSYgyfsNiP0FrlA,Visiting Hours,Ed Sheeran,2021-08-19,2,215506,GBAHS2100680
59qrUpoplZxbIZxk6X0Bm3,Take You Dancing,Jason Derulo,2020-07-22,68,190306,USAT22004479
6krNSTegkvGMmdIUOUEQH1,Undercover,Kehlani,2017-01-27,41,183280,USAT21603504
5cxf8YcDttPsgZb8zt120n,"Know No Better (feat. Travis Scott, Camila Cabello & Quavo)",Major Lazer,2017-06-01,37,225849,QMUY41700058
7MdF5reoWTTno0XWAuUnZG,time to be with you,softy,2020-03-13,21,243157,USANG2028367
1QPxmlMI3UuaMa0eZomhnz,It′s You - YERI of Red Velvet Version,YERI,2021-09-02,25,195453,KRMIM2135021
07Rjli7qgXjPBHu42FsyqP,How Can I (feat. Zoe Carovano),Sentimental Scenery,2019-07-22,0,203031,KRMIM1912058
1p8rR96GlywSejtwsVr0in,Close To Me (Feat. day.N),BNJX,2019-06-01,0,200213,KRB471900729
5mpWxhWojHXWaoqBncOtxJ,My Violet and My Blue,Jade,2020-07-06,30,194143,KRMIM2019289
6YexNwqp5f8jX2Rmex0Qn7,Playlist (feat. Jiselle),Haeil,2021-09-02,28,195560,KRB462101003
0NG4R1s89O8xlNTYJN42Ia,"Touch Me Softly (Feat. Chohye, Jin)",Stone Tiger,2020-06-16,4,240500,KRMIM2012590
57QPgMBLy5LeXryylkyh9X,애정결핍,Herz Analog,2014-06-26,36,290296,KRA341432167
4Pu5fPc24pPEdGFVspLTrV,Mirror,Sunday Moon,2018-06-21,0,215432,KRMIM1803216
4DunhC1RuUbqC3MXrMozIg,Under Caffeine,Stella Jang,2018-09-01,41,201000,KRA381801055
5LJeHjBzI0zv9M6bCGcXh1,Sell My Heart,Junggigo,2019-03-23,0,261421,KRA381900826
3woXnjYYyZ66vPg3lutPDj,It's Raining,Vincent Blue,2019-03-25,49,214326,HKI491900064
6pm3SR1vvrV54AOJWsN7y7,It's You (Feat. ZICO),Sam Kim,2018-11-22,49,257631,KRA381802013
1fDJwYl7QO1lKzBrYGBVsV,Dimensions,amies,2021-04-14,0,160000,GBKQU2139470
4m7WmpoaiWWAfGajlVTOCm,Dazed,S N U G,2021-02-17,0,143011,GBKQU2111750
7iR9K3SQ5juDzwYe0qRrcK,Field of flowers,Nadav Cohen,2021-07-11,0,170000,GBKQU2173772
2i81FZeZXDmnL29Cl787UN,Max's Garden,Loafy Building,2021-05-18,0,136000,GBKQU2154708
6t5me9cWrQFjD1pi569fpF,Down by the Lake,TyLuv.,2021-01-26,0,133708,GBKQU2105916
0fUiC2eimUwmp9vKkEe95T,something dear,idylla,2021-09-01,0,140571,GBKQU2191763
02DqTs7fDfvsjAA29bhdf1,Everything Gone,Mujo,2021-08-30,0,113325,GBKQU2191181
6Uc0vWemOjA1WssvFQ4Qv4,A Childish Day,TABAL,2021-03-05,0,176842,GBKQU2121775
3btM8Qer4RIcQkbeMaV9Lu,Pure Dream,DaniSogen,2021-07-15,0,158769,GBKQU2175194
0DvSU5WfuqNlwGvoIbjxxS,Paths,S N U G,2021-02-17,0,160130,GBKQU2111749
2T9zvutPjKxJffzVZsiwaO,Nocturne,amies,2021-07-03,0,219375,GBKQU2171102
491Paby6HGs5DxiWA7nFKe,Snooze Button,Purrple Cat,2021-04-26,0,210673,GBKQU2144241
40KyXzUIT0TcPIyD75CqVz,Like a serendipity,eugenio izzi,2021-06-13,0,153385,GBKQU2164135
6Lnavtlkul6XvDQ779xo8g,All The Good Times,Mujo,2021-08-30,0,158346,GBKQU2191185
5JYVocZpeUBB12ZzuxscsQ,Window Seat,Kurt Stewart,2021-04-28,0,150050,GBKQU2145610
24D40XS1PEwqDtZahycL00,Abang Tukang Bakso,"Daffa, Khalista",2011-02-21,0,202613,IDA130925912
2AZtIhGtXuq6MgpYnPDN6m,Aku Anak Gembala,Tasya Kamila,2005-06-24,41,238426,IDAC52000304
3QYZWLqxEc30KXDMZ9eOD6,Air - Di Obok Obok,Mila Meilany,2010,24,274293,FR2X41636061
6ZZjBlyigcxByftkyNIMxb,Andai Aku Besar Nanti,Sherina Munaf,1999-12-12,35,297906,IDA179929002
0Rv0i1AFTE859iym9mx9ES,Acoustic Dreams,Rudy Raw,2021-07-07,0,140879,GBKQU2173037
2JvEOwruQNC9L3BLJHRpGf,Star Sailing,Mondo Loops,2021-02-15,0,157142,GBKQU2111730
20Y2SJogY6vGoLPpKxPYsv,Healing Winds,Mujo,2021-08-30,0,122053,GBKQU2191187
53eWCWdakSudmbYZtRbqXF,See You When I See You,Team Astro,2021-02-01,0,154102,GBKQU2108801
4Ejf6vPb0GOoLysfOcjavv,English Rain,Kaspa.,2021-06-05,0,135000,GBKQU2161360
6mTagxflsdFcA6zhIVf87h,Midnight walk,Nadav Cohen,2021-07-11,0,114000,GBKQU2173776
0wn2ZDRWmvsDtDBp9F6SAr,to fall,Towerz,2021-09-09,0,127234,GBKQU2194972
4OWZNMRzT3nTtzDMdpUh4H,Soft Garden,Hoogway,2021-06-07,0,128571,GBKQU2161388
0Hsdx34iDWCwq2WaTz2oMq,In This Moment,Laffey,2021-03-31,0,133072,GBKQU2133448
2wbxFX2nYAgEYFH02VC6TL,trusting hands,Towerz,2021-09-09,0,140695,GBKQU2194965
4XPnnYlRn1yjW15lF9v5KA,traveller,Bcalm,2021-09-07,0,137000,GBKQU2194052
7bIXxtS6oLDBNzrQpqHS62,Rolling Papers,Sleepdealer,2016-12-02,0,120000,DEQ121643972
4x92V3mO9ujs6KwBdC2OKp,Solitude,Knowmadic,2020-04-03,0,149130,TCAES2083122
2UUVwDVZYR5StS7Si0SxrP,Half Awake,Joey Pecoraro,2020-10-23,0,198389,US25X2003546
3IL8NIwz2vZpy7fettGnZk,Snowfall,Idealism,2016-12-19,0,176500,TCACU1638204
0jBJg2VmLJYVEuClKXHaYV,Snow & Sand,j'san,2019-12-08,0,165000,TCAEN1970748
500UbifF9XkKd2HgqmsnKu,The Golden Hour,Louie Zong,2018-06-10,39,118937,QZDA41873703
3CJpS12RnQe4gf00ssQnA7,For Her,Caleb Belkin,2017-07-16,0,107733,UST8K1765890
2w34gUbQkOqiPX3d5iji8C,this feeling's too good,j'san,2017-08-22,33,110117,CA5KR1567014
1iZxnHkEcIAk65FH1SCCz2,outer space,j'san,2021-01-14,0,152571,GBKQU2101033
67oBHPaoiXS9rifTrjaECn,Loveyou,j^p^n,2018-02-08,48,120000,QZARB1840736
3bGIazLV2xUHJrEfLyr9rN,If Only,Rook1e,2017-09-07,38,67418,QZ9JZ1724835
2OMX1eTgmF0pQDBVjITrhY,Name,Us The Duo,2021-04-05,0,181211,GBKPL2148974
2TdbBydtT1oRvqs4t5lxrN,Let's Fall in Love for the Night,Us The Duo,2021-02-08,0,166445,GBKPL2142449
1zjwgNrasVAbF4TkYiHjC5,Take Me to Church,Us The Duo,2021-01-18,0,220938,GBKPL2138921
5MDsT11YIGJPokadQoBAKW,Like I'm Gonna Lose You,Us The Duo,2021-04-09,0,212600,GBKPL2148122
3H6sUu3m4bdSLjyes28n1Q,Doors,Us The Duo,2021-04-09,0,233283,GBKPL2145473
7bEBrIPMQmPYdYZnBj30fz,Falling,Us The Duo,2021-04-09,0,202660,GBKPL2144061
08T8s0UF9pLZR8zO57omY5,Last Cup of Coffee,Us The Duo,2021-04-09,0,70600,GBKPL2147202
00xa73mrA4jHRRTVNVtt3m,dreamy night,Us The Duo,2021-04-09,0,233304,GBKPL2146418
0PBSNKfGVRa6mexbVB6m47,Waiting on a Dream,Us The Duo,2021-07-21,0,187920,GBKPL2159114
5UkDUGcHTX5lvU58PQ7od5,Get Lucky,Us The Duo,2021-03-01,0,248683,GBKPL2144820
4KkpEU1bMKH9Q4Lb8HdDaI,Find the Light,audalanche,2016-02-15,13,183774,TCACL1696084
1US5TY1Rl3zn0o25nONwsk,Surreal,Mielo,2015-10-19,21,228075,US3DF1540533
37KQoKxEc1BTqDSuWAOzRS,The Cabin,Ylvis,2014-11-10,30,245813,NOWHG1302010
3zlSDmMkEiUB6epnbb9HfM,Just Another Day,Epona,2021-09-17,0,183600,GBKQU2197683
7wwAQ32FlyY1ays1WHnL8o,Lonely Friday Night,Pandrezz,2021-09-05,0,156666,GBKQU2194079
6oa9OtQySMfs1HjS1qC7vy,Ivory,trxxshed,2021-04-04,0,147000,GBKQU2134863
3yUHxNRBMcuuqPxxYtJDeV,snowfall,Blurred Figures,2021-09-21,0,155806,GBKQU2198413
5Norvrcq0v6dBLBbijBF1H,i'm with you,Blurred Figures,2021-09-21,0,150461,GBKQU2198417
27ksdliff6BDAKGZn8zCSU,The Long Way,Kurt Stewart,2021-04-28,0,140129,GBKQU2145609
7axch6YTYI7xW9CgqA56iO,Inhale,Hoogway,2021-09-25,0,161379,GBKQU2199705
1tuXqCz5IDD4dbVilwu3Tx,lighted path,Towerz,2021-02-09,0,144000,GBKQU2111648
3MrAtP8LXMfuksB75T1LMu,Misty Village,Pandrezz,2021-09-05,0,180000,GBKQU2194075
6FZ59r413kBzWZoZQR0w1f,Places,ENRA,2021-09-11,0,169620,GBKQU2196235
7sDYNHCFSDx0eKPhby4zgm,Open Eyes,Project AER,2021-02-27,0,155714,GBKQU2119504
71Y2T0MRenikurZOLn02fz,Windmills,Ambulo,2021-08-26,0,154144,GBKQU2189457
6P1AurHK63LYZkuh2vW5CR,soul gem,Bert,2021-06-25,0,153629,GBKQU2168451
13MF2TYuyfITClL1R2ei6e,BOOMBAYAH,BLACKPINK,2016-08-08,71,240793,KRA401600169
4ZxOuNHhpyOj4gv52MtQpT,As If It's Your Last,BLACKPINK,2017-06-22,74,213264,KRA401700174
1gT2IDC2z4W9Km3JvX4RVh,Evenings,S N U G,2021-06-15,0,155751,GBKQU2164938
0L6qdakVFY19xmlUM9awCQ,Misty,Epona,2021-09-17,0,112057,GBKQU2197686
4dvzm1G4SMPnvee69MZBcx,times with you,Bcalm,2021-09-07,0,142285,GBKQU2194049
3nclLeA2EZwvN5Mm6MiliS,Autumn,ENRA,2021-09-11,0,154589,GBKQU2196239
5jWS8zbRQuzz390C7X4Ojz,your eyes,Bcalm,2021-09-07,0,162162,GBKQU2194059
7zsxptQa8UupMPQbENVgwP,When I Dreamt of You,Lilac,2021-06-03,0,121910,GBKQU2161342
1WrVioRHXNcabd6T755PJt,early morning,Goodnyght,2021-06-17,0,145454,GBKQU2166809
7FVxxgi09FpSBLGn151mct,Snowflakes,Team Astro,2021-02-01,0,175625,GBKQU2108803
34hx4WDCICF9szjrHF2pYB,Keep You Safe,Hoogway,2021-09-25,0,177115,GBKQU2199706
6QTkTOyFDtfLEn9lqIXaif,Blossom,Hoogway,2021-09-25,0,143046,GBKQU2199704
2zG091rMjXbPgtXyUBqec8,time,Bcalm,2021-09-07,0,146250,GBKQU2194060
0BfoavJtmsvPAF6kAJjCmc,Frames,Hevi,2021-09-29,0,131504,GBLV62101750
2XVj2mom4oYTRxW6FLQdXo,Inside All Day,softy,2021-04-02,0,165428,GBKQU2134048
1qby80od4b5aRoknkzvUIX,It's Getting Late,S N U G,2021-02-17,0,132419,GBKQU2111752
6dIAYhM23k8WTGKVhsxBME,Liberate,Tibeauthetraveler,2021-09-13,0,131348,GBKQU2196733
01KHzwqvVfU9vEISaXCo0v,Blue Note,Mondo Loops,2021-02-15,0,151973,GBKQU2111731
6vA6YCqkhraLL7XTnF5oUJ,Willow,Laffey,2021-09-15,0,174205,GBKQU2197299
4ghTUE9WVwVZ3b2BFJ2mhE,rose fields,Bcalm,2021-09-07,0,152000,GBKQU2194053
3pFt6aa2qC4dMNa05TooUF,Lost In Time,amies,2021-04-14,0,226000,GBKQU2139467
1ZMg3kcqBlM6akvVe9Z9zF,Amnesia,Dimension 32,2021-09-27,0,140615,GBLV62100871
7HpNwwS5G8mUjcTshcMKzi,Chasing Dreams,Sitting Duck,2021-04-08,0,137142,GBKQU2137120
6Gm2U535Yoig8LgJms6h80,Into The Void,amies,2021-07-03,0,205285,GBKQU2171106
6NzGxaQZAakAiu5746MVM8,at long last,Towerz,2021-09-09,0,113296,GBKQU2194966
5lySVC5gHQZEojNvnDKSc9,Meditations,Epona,2021-09-17,0,134681,GBKQU2197684
5CpXB534rwLv2g3wc5ng0R,When I'm Gone,Hevi,2021-09-29,0,131148,GBLV62101746
0s0YYTwCExP5RqdQA77uoJ,Last Walk,Kupla,2020-07-31,0,152315,TCAFA2007446
2LnTXLYDjCsqRIlv8GhTtn,in the morning,Jhove,2021-02-21,0,144178,GBKQU2117222
6jKYl3OeK7tW5gpSGPIRXb,Memory Lane,Tibeauthetraveler,2021-09-13,0,176147,GBKQU2196729
4PyZBWTcnuaxHLe72hchzN,Practiced Compassion,WYS,2021-02-23,0,144276,GBKQU2117839
3DQI0zDew07xK5NQSjteXE,Takeoff,softy,2021-07-17,0,139411,GBKQU2176090
1iOFiZF5uzaVCDNpdrSyHG,Departure,Peak Twilight,2021-05-02,0,91500,GBKQU2147433
2hSj1KnGkSU8qht7ieqE2U,beige palette,Blurred Figures,2021-09-21,0,141537,GBKQU2198416
0aLL0ov10I7V181tnQ5X1O,Dream On,Hevi,2021-09-29,0,162271,GBLV62101747
5AkpF9myfiZWofsDYQNsy0,Nightingale,LESKY,2021-09-23,0,113636,GBKQU2199401
1qajgCTEucFzkXRJrCf8zo,Pillow,Khutko,2021-05-14,0,138795,GBKQU2153219
0o7ZwOQrCYkgimX0l9pheO,"To You, From Me",juniorodeo,2021-03-09,0,129853,GBKQU2122011
2ONRGfF4fCv8ht4zKV0GRb,Azure,ENRA,2021-09-11,0,139664,GBKQU2196236
1O7C8q1FwxgkQItZRNe9LD,Beginner,Pandrezz,2021-09-05,0,153000,GBKQU2194077
0EKKgZ38s6kdjhzaAfkReT,channel 67,Towerz,2021-09-09,0,174570,GBKQU2194973
73qLaVz4R0EN3rFoaaSBzZ,colorblind,Mokita,2019-11-01,0,193976,TCAEL1967184
05RmevbSKDvHHKpYBoXYfR,Fresh Roses,Juke Ross,2018-06-22,53,201093,USUM71808541
0loJyuSFr6vVPBQSmLLrrQ,How Deep Is Your Love,PJ Morton,2017-04-21,59,197081,USUYG1135406
3HopXEwE96WWXPP4OK78wW,I Know a Place,Chevy,2021-03-31,50,129000,QZDA82114438
5lWntUF5qoxc0ngoF2o14m,A Day At A Time (feat. Clara Benin),Gentle Bones,2021-09-10,0,142002,SGB241500009
0SL50BWlNr0RThIgL5swJK,Let It Be,Imaginary Future,2018-11-23,0,148900,SE5VF1800727
7jTJDt7RWCslzygXM1C3Ja,you mean the whole wide world to me,Christina Perri,2018-12-14,46,108953,USAT21812737
5QKolgb84zxXPGfv6jNDMT,First Choice,Gabe Bondoc,2012-07-09,36,194653,QMNET1200001
2Csg5dyPP2YVcP1mGcvriR,Overnight,softy,2021-10-13,0,142941,GBLV62107588
1J4j8fqa3b5pMrMsGJTnrt,cool winds,kudo,2021-05-04,0,154960,GBKQU2148364
1LnknOjE6rhL57OBslzNaB,For The Roses,Hoogway,2021-06-07,0,154153,GBKQU2161397
2FXNCGuuBWr5O2X3TpWexD,Dreams Can Come True,BVG,2021-06-01,0,155868,GBKQU2162622
5JSBPPc92mR2OhjcDU1IZg,seaside park,hi jude,2021-10-11,0,127058,GBLV62106923
17YXPOK3Mhwl3OwGSw03do,Soft Breeze,Tibeauthetraveler,2021-09-13,0,144647,GBKQU2196732
3L0L7zlKD0YCmswUGHZ7LC,Bittersweet Sorrow,Tenno,2021-07-13,0,152238,GBKQU2174458
7p5ODYEa64znuH9a3HbyN4,Final moments,Nadav Cohen,2021-07-11,0,150000,GBKQU2173771
2DYrzQUk8qM0AufU5hTfEJ,Beyond,Laffey,2021-09-15,0,183521,GBKQU2197303
5ZTw6hkkkzNGj2dP8WXT7L,a bridge between,Towerz,2021-02-09,0,139932,GBKQU2111643
3cga8u6lDTrE22tuvhbtgo,Mind Over Matter,Project AER,2021-02-27,0,162857,GBKQU2119503
2TFUDZUqYNA8VGgNxyfUia,Lunar Rotations,Dimension 32,2021-09-27,0,150932,GBLV62100872
4lP1ze98wd7ka7aNlfY1Ch,Mindfulness,Dimension 32,2021-09-27,0,150477,GBLV62100866
2AZeToqOCg8l73WQfcJdLB,Cozy Cuddles,LESKY,2021-09-23,0,144705,GBKQU2199397
3qa7F8v5LCrBvgejuzh7oq,ocean rays,hi jude,2021-10-11,0,145945,GBLV62106922
6kITEmJ7B92fnYt5dZ9UwQ,Backwards,Mujo,2021-08-30,0,120774,GBKQU2191183
2ebJd7ziUVYkpekhybilvh,Seeing Beauty in Everything,Ky akasha,2021-10-01,0,141315,GBLV62102498
5yKVPNLeXs1zQt4X9kfdYr,Reverie,Krynoze,2021-10-05,0,164647,GBLV62103201
5DAkTcEdBHQ96didB0uMwV,Healing,Laffey,2021-03-31,0,146002,GBKQU2133458
3sGm0dbtegChhTWLzrpIJx,Cold Water,Nokiaa,2021-06-21,0,135000,GBKQU2166801
63X1VHhhXER7k1dXRfNsMp,Epok,Ky akasha,2021-10-01,0,162500,GBLV62102501
35lrGsuPTyUh8s6mYiztHe,Marine Layer,juniorodeo,2021-10-09,0,177534,GBLV62106367
4JUbCCvzCPdHYNcHd01dBP,notion,S N U G,2021-10-03,0,121884,GBLV62103173
586xVvpfgBsDFctmOfiYfj,Above Skies,Hevi,2021-09-29,0,148500,GBLV62101744
3XzTh2PPVE0tjxkBMfoREk,Aries,Casiio,2021-10-23,0,120588,GBLV62110166
1rP79McHD40lUXMtPzZdpT,Underbelly,Khutko,2021-05-14,0,137837,GBKQU2153216
4V8flaugrUnEMsIhBYOnsr,morning getaway,hi jude,2021-10-11,0,143283,GBLV62106921
2uv1gNThLENcJjbgDMSLYC,Raining In My Head,Dimension 32,2021-09-27,0,128623,GBLV62100868
3nXB5HBB08Rw1H6lo7XA6U,Slow Ride,softy,2021-04-02,0,156206,GBKQU2134042
09U1GRD9AwTpH7pFIPjV42,Camden to Chinatown,Loafy Building,2021-07-09,0,104220,GBKQU2173495
5Xr9xPaXiWjHg7uj7tIOh2,Bright Future,Living Room,2021-08-02,0,131470,GBKQU2181816
61QA34YHlIKvuouIQpXbKo,drifting into the sunset,S N U G,2021-10-03,0,150812,GBLV62103177
0cPQDoj4GLE4ppd7pTcn06,The Bad Party,WYS,2021-06-29,0,194583,GBKQU2170242
3EkvoHpcpFAEphg5qTS1tu,"Ann's Theme (From ""Harvest Moon, Back to Nature"")",Arcade Player,2020-08-28,17,34319,AUXN22071642
0N0zOey0QeUM007AzNf4uH,"Autumn (From ""Harvest Moon, Back to Nature"")",Arcade Player,2020-08-28,16,55739,AUXN22071643
213hXKqGuMVXuTTgrmfOQ4,"Intro (From ""Harvest Moon, Back to Nature"")",Arcade Player,2020-08-28,17,70855,AUXN22071647
1vZ6aOKUtKBvoFMAotE4lp,"Main Theme (From ""Harvest Moon, Back to Nature"")",Arcade Player,2020-08-28,27,51734,AUXN22071649
70LcF31zb1H0PyJoS1Sx1r,Creep,Radiohead,1993-02-22,86,238640,GBAYE9200070
4uqcES2h19TKAXQlciycrO,Vamo'alla flamenco,Nobuo Uematsu,2000,32,112666,JPA840500428
6f2OyxzjXMQsIVNOlvntTV,Mega Man Legends / Flutter vs. Gesellschaft,Makoto Tomozawa,2006,0,257413,JPE101217430
0cssCkfAkLCBe0D3nzowrU,OPENING STAGE X,Capcom Sound Team,2013,9,122493,JPE100302840
3dfsqqkyfjDmRzoNgLuT1r,FFVII REMAKE: プレリュード -再会- (The Prelude - Reunion),Nobuo Uematsu,2020-05-27,42,204826,JPA842002036
3Kgg6qCVCH7pKOqMYjrWgQ,JENOVA,Nobuo Uematsu,1997-02-10,38,152773,JPA840500300
18sDWMHFfgDOh1zMrFJt1C,Aerith's Theme,Nobuo Uematsu,1997-02-10,38,258226,JPA840500326
3MwX69usWqRSyroAFL3EEC,FINAL FANTASY XV - World of Wonder,Nobuo Uematsu,2016,20,177386,JPA841801230
1imcmfDpv4X4MO2tbYxMaY,Kimi ga Irukara - Long Version,Sayuri Sugawara,2010-01-27,26,382413,JPFL00901652
4rAlkpLQOA7rPKKKsqdSrN,「A Brief Respite」 from DISSIDIA FINAL FANTASY,石元 丈晴,2008-12-24,33,54120,JPA840801016
1Yveh8t1Eljd8V8fsyWCtL,Choosing Hope,Nobuo Uematsu,2018-03-21,19,378133,JPA841801186
7ko7gRGHntBuoK3kypwTnT,Home Sweet Home - Theme of EPISODE PROMPTO,Naoshi Mizuta,2018-03-21,32,194560,JPA841801170
5wx8XfI5Qq2OkDW5EHrZxm,Melodies Of Life ～Final Fantasy,Emiko Shiratori,2000,37,456304,JPA840500528
3IbnhGZ8S7SyNO8BoGBdY2,Main Theme from FINAL FANTASY,Yoko Shimomura,2016-12-21,31,127920,JPA841600765
6OVTAgBSJrevOKaiO9KXbn,Living Legacy,石元 丈晴,2007-10-10,32,527000,JPA840700606
5nw3EMLpH9CVjpuwOFs8aj,Rodeo de Chocobo,Yoko Shimomura,2016-12-21,29,158840,JPA841600728
3uutvnN0pmghY5jVffhb0X,A Flower Blooming in the Slums (from FFVII 'Aerith's Theme'),Nobuo Uematsu,2007-10-10,35,139733,JPA840700575
3H39xh0GOrFkp0cjwazaXx,SUTEKI DA NE (Isn't It Wonderful?),RIKKI,2001-08-01,39,334066,JPA840500601
28pcqfXUhxCuABrrH720HR,A Place with a Heart,Arcade Player,2019-02-24,17,82525,AUXN21905413
5TmHccVdkTjdMhGE6xpcLd,Bonded by the Soul,Arcade Player,2019-02-24,8,95932,AUXN21905414
7jK0nc22d2oHCuVSCs5huy,The Mana Tree,Arcade Player,2019-02-24,7,195186,AUXN21905438
40779aAUyPxfSdrqTp0p9v,Theme of Mana,Arcade Player,2019-02-24,4,141676,AUXN21905442
7FQwu9yL27zkMIeiHvxWr5,Overworld Theme,Arcade Player,2019-02-24,10,191135,AUXN21905433
3UcO3qwFbA6ldzHj7LhzMZ,Mysterious Song,Arcade Player,2019-02-24,1,39926,AUXN21905432
2VPeVscpKh23vG94F8oOVW,Monster Hunting,Arcade Player,2019-02-24,6,92844,AUXN21905430
46K8XCRnEkkuKlknAu8Y9m,Hometown Domina,Arcade Player,2019-02-24,13,172738,AUXN21905423
5YJNE8zrVDFcPM8szeDVF9,Diddle's Song,Arcade Player,2019-02-24,3,48065,AUXN21905420
2hAey7ofeV1I4d0h1OklMm,Cliff Town Gato,Arcade Player,2019-02-24,9,158511,AUXN21905419
0uo4PUXXnFW999YVy5nhQa,City of Flickering Destruction,Arcade Player,2019-02-24,8,182450,AUXN21905418
7yrsDOgcuEiup9l3xCiG7L,Cave Theme,Arcade Player,2019-02-24,3,124418,AUXN21905417
09H2AnKoO6hw4UgiCWXQAI,Calm Song,Arcade Player,2019-02-24,2,34000,AUXN21905415
6VijJ67zmxsqL24piF85tt,Lucemia Snake Fortress,Arcade Player,2019-02-24,2,111185,AUXN21905426
7Fgp3Tk8mRfJOi1PIMisxq,Pain of the Universe,Arcade Player,2019-02-24,3,173333,AUXN21905434
1BYGBjmpFFNnQiz1wEeOuh,Tense Situation,Arcade Player,2019-02-24,6,141174,AUXN21905436
5gJoR3GXizmtWi5rJkF7IH,Theme of Mana - Alternate Version,Arcade Player,2019-02-24,7,138820,AUXN21905441
1eVp0vNu7qfcMwYfBWyGmc,The One Who Waits for the Breath of Destiny,Arcade Player,2019-02-24,6,265740,AUXN21905439
56OneOdUkqdGdrvYwK4Zxu,Two Rivers,Video Game Piano Players,2015-10-01,4,201429,USE831511473
2ECudsNKiEW7ByOL3nDMdL,Theme from Suikoden 2,Video Games Theme,2015-03-25,5,154851,ITS781501340
6DUJ6VU1zFxhrShgpyys4v,Tactics,Video Game Piano Players,2015-10-01,2,202189,USE831511476
2zCXI5XFymcG4iuDPIF3SE,Mad Luka,Video Game Piano Players,2015-10-01,8,225900,USE831511487
0mOJSRclopeWDrlRmCsD9y,Freedom Again,Video Game Piano Players,2015-10-01,9,198951,USE831511465
6sfHcDLavzHPr9IxOPBCIt,A Bustling Town,Video Game Piano Players,2015-10-01,5,157574,USE831511466
64swubIsCMPkES0KRQKMFY,Dandy Richmond,Video Game Piano Players,2015-10-01,2,143416,USE831511484
5yynDjzhTLCP2uaYuTIlxx,We Are Number Wuff!,Video Game Piano Players,2015-10-01,8,82956,USE831511482
5N9ibdqCZROSJ2ULhe7qzM,Secret Village Of The Ninja,Video Game Piano Players,2015-10-01,3,259146,USE831511474
7s3AQiyDIPhQvGBd80rhQ4,If You Listen Carefully,Video Game Piano Players,2015-10-01,3,158674,USE831511475
3UYSelYmvz9oEbLcBNqwD1,Silent Room,Video Game Piano Players,2015-10-01,8,101953,USE831511485
3W3fvOON2Ijg1ntc63JaQY,Reminiscence: Suikoden 2,daigoro789,2015-01-16,23,145920,USE830958215
37WBsAUvnDAvQUPWBbJ0Cg,Main Theme (Genso Suikoden),GENTLE LOVE,2017-11-28,15,398071,USE830921892
250seUWYdDkvWD6umQtcSj,Suikoden II Mercenary Fort (Vocal Arrangement),Aaron Walz,2008-01-01,12,179960,uscgj0831812
3qTg7gdixMOWtUh5QKRcee,Children Playing in the Fields - Suikoden 2,Nielle dAGh,2015-02-06,11,128149,USE830962588
086zmc265JWZZij1KpxQOb,A Song In Praise Of Peace,Video Game Piano Players,2015-10-01,3,231373,USE831511463
4hbrapUUoS2EwROUFfqOqR,Theme from Suikoden (Main theme),Video Games Theme,2015-03-25,2,74042,ITS781501339
76c5vbGeeJQP5C3z94DIja,Even Farther,Video Game Piano Players,2015-10-01,3,142766,USE831511483
7F8ndKZlvibgNl2ttIUQT1,A Peaceful Mountain Village,Video Game Piano Players,2015-10-01,8,141262,USE831511464
69rL6COnFyOzF5DwlZAOAc,Gothic Neclord,Video Game Piano Players,2015-10-01,10,253220,USE831511462
2ega5twcEqXE03JPv2UhuW,Opening,Hitoshi Sakimoto,1997,28,69826,JPA840700177
0LmbmsBNz2rMyP0rpECbwD,Octopath Traveler -Main Theme-,Yasunori Nishiki,2018-07-13,39,154906,JPA841700982
1fzQDpG6JX5a6bQr6YPSnC,Final Fantasy 7 Main Theme,The Versions,2020-03-27,0,362935,SE5VF1900281
0M2OPKOlAfcDPXxdRh6NMt,A Place to Call Home,Nobuo Uematsu,2000,37,128600,JPA840500422
1VKeMuT9trmVnapTGKLv5g,Prelude,The Versions,2020-03-27,0,164004,SE5VF1801554
0Vl4A8SZrxO40zJk63NuZh,NOCTIS,Yoko Shimomura,2016-12-21,36,279440,JPA841600737
3ay4HNmCII9soFmSqcuDCu,Main Theme of Final Fantasy VII,Nobuo Uematsu,1997-02-10,36,389866,JPA840500287
0Cv5vO8DcLdbbmdrcOI4Yh,"Cloud Smiles (From ""Final Fantasy VII: Advent Children"") [For Piano Solo]",daigoro789,2019-06-28,14,208234,QZGWW1929293
36aPQqjNSs7DLlYX9jSQdP,One-Winged Angel(Orchestra Version),Nobuo Uematsu,2008-12-24,28,266360,JPA840500762
0rKap0HkMA9bZ3BqHUb5UT,Why (CCFFVII Mix),ayaka,2007-10-10,32,135186,JPA840700584
7hVVBkcd4mQOMVhIldkgcO,Imprisoned Town - Suikoden 2,Nielle dAGh,2014-03-28,5,157920,USE830918913
0aoQ74pz1wW1TjVdFZBMuv,Softening Bgm,Video Game Piano Players,2015-10-01,3,178999,USE831511478
5wpHyToJ5lHFboXiE8vLSp,Beautiful Morning,Video Game Piano Players,2015-10-01,12,80283,USE831511477
5KyW9Vz0XTixhGHQTBnnLl,Suspicion,Video Game Piano Players,2015-10-01,2,139223,USE831511467
7xdnvuOcLz5KDnCGE3502J,Carried On Rippling Waves,Video Game Piano Players,2015-10-01,4,172550,USE831511480
5nqBbkvrpfWFxQmYAT3ZlQ,Requiem Of Grief,Video Game Piano Players,2015-10-01,3,127226,USE831511479
23UT6FE9hSt2J4bJ6kr2XS,The Fugue: 'Praise Be To My Master',Video Game Piano Players,2015-10-01,8,161659,USE831511488
7KpxwK12QREwvya8BRFZwb,Children Playing In The Fields,Video Game Piano Players,2015-10-01,3,216231,USE831511486
4g2RWlxqcpqoBJCYy0D8LN,Imprisoned Town,Video Game Piano Players,2015-10-01,3,133453,USE831511481
1DhAHr1FeY1qzO7Sqbi6Oj,Imprisoned Town,Lauren the Flute,2016-01-22,7,142921,USE831532782
7C08anIBO5Nn0xyhXbh8Pb,Suikoden (Title Theme),8-Bit Arcade,2014-05-23,2,96877,AUXN21410070
0P7Y7AcgQ0I8Ey67511MPI,Crash Bandicoot 1 Theme,The Marcus Hedges Trend Orchestra,2014-01-29,17,94500,USE830914693
78jGUUteiQyYh5ZpfIUJNw,"Title Theme (From ""Spyro 2: Ripto's Rage"")",Stewart Copeland,2018-12-07,11,126053,QZ22B2037356
46VmA62PjNcQrYrPbVZxHM,Crash Bandicoot 2: Cortex Strikes Back Theme,The Marcus Hedges Trend Orchestra,2014-01-29,13,192000,USE830914694
1KptPJOgcG19wHzTfbIfFD,"Do Your Best! (From ""Harvest Moon, Back to Nature"")",Arcade Player,2020-08-28,17,59512,AUXN22071645
2PyUhrNeq4xamfouGflgog,Suikoden: Beautiful Goldencity,Banjo Guy Ollie,2015-11-16,14,169227,USE831519749
7lerqaaEpBrlzmP0p1jyXn,"Fuck The Pain Away (From ""Sex Education"")",Geek Music,2021-10-15,25,152898,GBWUL2138686
0NWWDumjD2TCrR6iV6ZFgR,Fuck the Pain Away,Peaches,2002-10-08,52,250693,GBBKS0000479
64FjaJJQGtYpMBefP2twBZ,Fuck the Pain Away (feat. Radiiio),ChampionsLeak,2017-12-15,0,203878,QMBZ91729670
66Yf1dtoKl9fPJAG0r381J,beauty in everything,idylla,2021-09-01,0,153663,GBKQU2191764
5rv8t9NF5TvnLelywjagC0,Spheres,Casiio,2021-10-23,0,140213,GBLV62110162
0TUq3e3SXC99pgLCNbyPRJ,milky way,Nadav Cohen,2021-11-08,0,139000,GBLV62117677
3JPI0KlviOjh9sRBh6A4sL,Lift Up,No Spirit,2021-11-12,0,113142,GBLV62118099
7KMILxJFhcSs2LH5JrrZMy,Running Out Of Time,No Spirit,2021-11-12,0,200281,GBLV62118096
5zH1GU1U99DLr5XvJ4tpvi,Gemini,Casiio,2021-10-23,0,115937,GBLV62110169
32xWzEoSgLrPocOqgdMH4O,Sleeping On A Chair,WYS,2021-06-29,0,164605,GBKQU2170248
4oWkMM5SAjTqCXydIr2N2Q,breezehome,Bert,2021-06-25,0,139148,GBKQU2168445
38VnVQwUBPdz5NyJzAszDh,The Silk Road,l'Outlander,2021-06-19,0,185774,GBKQU2166065
3YTOydgI27cslWgVrSK28A,ontario,Spencer Hunt,2021-11-02,0,147646,GBLV62114736
7ipfmsder4iuSkCeYfs9Bm,Butterfly Lullaby,Tenno,2021-07-13,0,176417,GBKQU2174459
3rBM9PdRWFlssxl8S9z8IK,Tree House,xander.,2021-10-17,0,188800,GBLV62109091
2RO3Nd6JbXR3fswqJ2sbmg,Birds Eye View,Blue Wednesday,2021-11-07,0,167906,GBLV62116230
2KqnncXiHuyTqFpQWztqDz,Thoughts,DaniSogen,2021-10-21,0,160000,GBLV62109820
0fHIJbLMbNYFN0I4LDXlmX,Nomads Of The Ocean,No Spirit,2021-11-12,0,159452,GBLV62118103
0KpHXEpQADwzWEAwupUsdK,Sinking Fatigue,Raimu,2021-10-25,0,198093,GBLV62112386
4nHnCzGCgT2tTWyPyKeJBi,Silhouette,DaniSogen,2021-10-21,0,136119,GBLV62109823
1sFrRWjGt0D2yuvSSb33Bw,Water Lily,TABAL,2021-11-06,0,174643,GBLV62116020
2O0wGM7Isy0xuv6F19S4Qa,While It Lasts,Blue Wednesday,2021-11-07,0,131785,GBLV62116236
2wbmx4OJhKVRxs5BH6xhQG,Bathroom Marble,LESKY,2021-09-23,0,129229,GBKQU2199399
5mWPm72rT5XuJDa1pqSLOY,bloom,S N U G,2021-10-03,0,157471,GBLV62103176
66PmhsWImqNnpkSedJmyqk,Shooting Stars,No Spirit,2021-11-12,0,176883,GBLV62118097
4Gp9ppjPxCGELKSQuzD0qU,Velvet,ENRA,2021-09-11,0,142272,GBKQU2196238
7uMDcKNGkj0xJdEO86OPEi,Driving North,M e a d o w,2021-04-24,0,164210,GBKQU2143673
1Z5I09rRsbAWOhOtNpqJDp,Aquamarine,Chau Sara,2021-11-04,0,115000,GBLV62115445
3y4OmcNfR1dO655el7d7l2,Picturesque,Peak Twilight,2021-05-02,0,125500,GBKQU2147438
6EUhwRyvF6PnaFwZOYRmOa,stargazing,Nadav Cohen,2021-11-08,0,168000,GBLV62117673
3Nn1bmswLLx2c7X4hDf8NY,Ripples,Krynoze,2021-10-05,0,150857,GBLV62103202
4uZ5Vn3J1E7qScx1yOc7CW,Suntai,Casiio,2021-05-20,0,158125,GBKQU2155046
2LAir1aMPCzc5ridF5Wkkw,Caimyar,Chau Sara,2021-11-04,0,122238,GBLV62115446
4kAErqRNz1tQJTsFX6Hbw3,Autumn Breeze,Ornithology,2021-10-15,0,127868,GBLV62108136
7KPhJ9iWtPtYautI0veUdj,Moonlight,Epona,2021-09-17,0,130813,GBKQU2197690
68C9xb3alqTdwQp7LCrnjN,Light Leaks,Blue Wednesday,2021-11-07,0,161373,GBLV62116235
5LEibbrq9VYdHPoA63avEb,Yume,Kalaido,2021-04-30,0,168224,GBKQU2146509
5aH52cBxMqvepCozTIF6pb,Anywhere Else,Project AER,2021-10-31,0,191219,GBLV62113813
2Ea6KS1bPhbDmaZ0dGPNVs,Things In Between,Blue Wednesday,2021-11-07,0,165925,GBLV62116232
2gsVds2t8aNGqKKykH8ENp,Come Around,softy,2021-07-17,0,150857,GBKQU2176086
3Dk8QClLX4fYRTu2716DVV,Across The Rainbow,TABAL,2021-11-06,0,171851,GBLV62116018
6GEuveYPJYeiRpYeGvKyMw,michigan avenue,Spencer Hunt,2021-11-02,0,120058,GBLV62114735
0KGCEpqZ6sif8a66OhbYqn,Treetops,Ornithology,2021-10-15,0,120000,GBLV62108143
6vnYGTJ6yZdtl184ggHp1b,Everything Went Quiet,cxlt.,2021-04-26,0,158000,GBKQU2144260
0HuaSSIVpPcFKry0p2wx5n,An Enchanting Forest,TABAL,2021-11-06,0,163764,GBLV62116019
21hHAyx7PVDa4IhWLgQ9zJ,Moving In,Osaki,2021-10-07,0,140830,GBLV62104857
3vOeViKS7KI7GqQAFTHMCY,Summer Love,xander.,2021-06-09,0,188444,GBKQU2161428
7I7GgJ5WN4yL7y6A79nfh1,Pathfinder,DaniSogen,2021-10-21,0,168000,GBLV62109822
0q35ThTi0zJyLuOwrD0om6,The Look,softy,2021-10-13,0,173331,GBLV62107587
7yuWy1VVjcOHvHQhPYOcr2,Exhale,No Spirit,2021-11-12,0,170704,GBLV62118106
2YL8ljZSI68gp5cXXM0Cej,After The Rain,cxlt.,2021-05-10,0,181935,GBKQU2150900
5RvxuiwoTWE9xWy0ptJcKr,Stardust,xander.,2021-10-17,0,232046,GBLV62109088
2TvShcjtnZeN6bc7DuhgHP,"June, 2018",Project AER,2021-10-31,0,163053,GBLV62113808
22ftbRSyrC5sZlMRzVL1eC,Moments To Keep,Hoogway,2021-09-25,0,151578,GBKQU2199714
62YUdF3m6k3PtHen731G6j,Letting Go,Laffey,2021-10-19,0,144947,GBLV62109054
5bR4IhQgWPCaSRxlnUNdhP,We'll Be Alright,softy,2021-10-13,0,157452,GBLV62107589
2G7IQ4HmqxuUj6zQHef8Fn,Leaves,xander.,2021-06-09,0,198193,GBKQU2161423
3IQwV2n32jyNRe7a4lxZ7c,S'mores,Purrple Cat,2021-06-23,0,194556,GBKQU2167651
0M5aKVg5eYAjQiDIRUquZ0,Catnap,Ornithology,2021-10-15,0,153230,GBLV62108141
1ejtUgXWLCAJmTd4h3YPTF,lakeside,hi jude,2021-06-27,0,132000,GBKQU2169275
4Ci44hMSGH7Xb85s6EZrBl,Amber,xander.,2021-10-17,0,164651,GBLV62109085
50NqPPtlmvvcHBRhBzsn8a,Old Photographs,Laffey,2021-10-19,0,170551,GBLV62109052
3cZd5U7RUGEN1UpMpFJCh9,Stars on the Roof,Chau Sara,2021-11-04,0,108263,GBLV62115444
6mdfrsGTLJdzMpyPmhCg9E,Nomads,Casiio,2021-10-23,0,134331,GBLV62110168
0Wd0QRwnNvpZkhawQhwalh,Safe Haven,Kupla,2020-07-31,0,168000,TCAFA2007452
2mVta7zrstRLs1KMQLjY4G,The Aftermath,Project AER,2021-10-31,0,168549,GBLV62113817
1pqrhSERnh3VlhZ0h7I1T8,Solemn Winds,BVG,2021-08-18,0,184639,GBKQU2187372
4mSQv50b7HXC8v8P5Kn1Lj,home,Jhove,2021-11-10,0,160000,GBLV62118090
45NkotPprCpjtAQwR49LFO,big city,Jhove,2021-11-10,0,153598,GBLV62118089
5TmKvbzD7zEbZLNfhAHTar,Where We Are,Project AER,2021-10-31,0,159389,GBLV62113814
2Lru6shQNQWD2KEv54VylK,Waterways,Project AER,2021-10-31,0,150687,GBLV62113812
0SgaSktvEzujFYXH5QANM8,Sprouting,Raimu,2021-10-25,0,156060,GBLV62112390
43se543zfBNfAkIOqcaRd1,Passing By,Casiio,2021-10-23,0,123886,GBLV62110165
0P6doWTqTQW1cdsvyulURV,Mramor,Chau Sara,2021-11-04,0,138287,GBLV62115449
0ZiGtVWzi31HhyDhMfNZ8m,Songbird,Project AER,2021-10-31,0,162137,GBLV62113819
6yuHPBukiV5fHrB1ZqKPFT,Songbirds,Ornithology,2021-10-15,0,125714,GBLV62108144
6oySBF70AJ8oQeC3DtDdob,Take Care,TABAL,2021-11-06,0,172100,GBLV62116025
15aLuH4TyVZ1IaSqhZrOhG,Happy Moments,No Spirit,2021-11-12,0,169473,GBLV62118095
6DHKsj1IwuUrfaTB0W4wvM,Distance,Kana Nishino,2011-06-22,36,227653,JPU901001901
2s2fORtcrwKwsmC4jNc8mJ,Seven Deadly Sins,MAN WITH A MISSION,2016-02-10,53,207000,JPU901500095
6S8yJ1otH9mlhVSXDMV9Bt,Through My Blood <AM>,Aimer,2016-05-11,40,244186,JPU901600639
0N63llGavaESfPRIZkDkvL,INNOCENCE,Eir Aoi,2013-01-30,52,277320,JPU901201421
2kknWp81jAzFNxu4zKoBqk,Blue Dawn,Raimu,2021-10-25,0,157115,GBLV62112393
3mCJ0PmUtt8L4jHDGU4R9t,Storm Clouds,Purrple Cat,2021-06-23,0,156312,GBKQU2167647
703YDdjvxGPtggfxpvSXk8,promises,steezy prime,2021-06-11,0,132000,GBKQU2163309
10Tw3CgyrqYRKwjmY8vwsL,Late Night Drive,Project AER,2021-10-31,0,155725,GBLV62113818
7de4s9w0XZTf00FsNTXVFM,Ballads,ENRA,2021-09-11,0,142542,GBKQU2196237
0vJexIx0DZHf0akKfHtBqK,Ekitai No Gainen,Raimu,2021-10-25,0,155126,GBLV62112389
2QZY2z2f8qqnsi6kLkxCSs,True Colours,Loafy Building,2021-07-09,0,167812,GBKQU2173497
1itJhJiweMHxJcqQLWsJXn,companion,hi jude,2021-06-27,0,138000,GBKQU2169269
4vLKrhRxYqaaSoOzrGcKAo,Drippin' Love,Krynoze,2021-10-05,0,144794,GBLV62103200
2KTRVk8K6jxBWP8rEmoHls,Drifter,Epona,2021-09-17,0,165384,GBKQU2197693
3NxCNtHceD5NLIzGd2HCJp,Disappear,Project AER,2021-10-31,0,171297,GBLV62113815
5BmITqp3VMt1RmpBw1LR2Q,A fresh breath,eugenio izzi,2021-06-13,0,142905,GBKQU2164133
0oMVelu4urDEUoLCghjnYw,Kaigan,Raimu,2021-08-26,0,125982,GBKQU2189456
7EvLB7u15UDDBwPPt55mIh,Hope,Laffey,2021-10-19,0,148298,GBLV62109050
0lvxnaMfA7HAwreGikGyOb,Quiet Whisper,DaniSogen,2021-07-15,0,120000,GBKQU2175196
0pwPcA4wfUSegkBXlfLLrI,Mirror Lake,DaniSogen,2021-10-21,0,170909,GBLV62109824
1Czu0Rbd1jb8oA54Omgil1,Time To Dream,TABAL,2021-11-06,0,163076,GBLV62116026
2B1yZ9EZWgzXtfZd7vyB9d,East Nostalgia,Raimu,2021-10-25,0,167806,GBLV62112391
6aU5LRTHiIMDWcG0QzCJpe,i saw birds flying,Jhove,2021-11-10,0,140571,GBLV62118087
0uu6n0WkIs57FDmucveb6e,Scarlet Feelings,Raimu,2021-10-25,0,154951,GBLV62112385
595azR8qp2Igyd8YashsEv,Teardrops,Laffey,2021-09-15,0,140579,GBKQU2197302
02JsGETjkrNCCo4gpzI3j7,Submarine Embrace,Krynoze,2021-10-05,0,169714,GBLV62103193
00Vsf8TJHRcEne8mFkfvb2,Introspection,Elijah Lee,2021-05-16,0,134088,GBKQU2153597
6S86lOz1enu3BFyxiWrvq3,Words You Say,Bessie Turner,2018-04-20,8,182403,UKJZ31700003
60t5lev16eczZXurTNf56k,パプリカ,Foorin,2018-08-13,49,208346,JPU901802326
3UK2OE0jMDvjT4jhWMUfMC,take it easy,Blurred Figures,2021-09-21,0,152298,GBKQU2198414
5IPMWqFuj31FeGZyUBd6qe,Adanel,DaniSogen,2021-10-21,0,160000,GBLV62109815
5jpwuTRCDkuwKwDtrKUpo1,Pied-de-vent,TABAL,2021-11-06,0,156724,GBLV62116021
78Tu2Cvar9ztSnhdOGXnyI,Sleepy Little One,Kupla,2020-02-29,0,153846,TCAEQ2084600
1rex8uXbbRQhOPGgcndJ2V,Clockwork,Project AER,2021-10-31,0,182290,GBLV62113816
6JHnjwNzDwHGnGU4AM1bjL,Today Was A Good Day,Project AER,2021-10-31,0,161221,GBLV62113810
6Yav8Tf0AQolBosMx1g89H,i hope this never ends,Jhove,2021-11-10,0,156000,GBLV62118086
2jWTvsk0rzt9ymxeyTUKsU,Healing,Hoogway,2021-06-07,0,148822,GBKQU2161394
5vozKoZihL7dAR6BG9HA23,Aura,DaniSogen,2021-10-21,0,172000,GBLV62109818
0s3M3Ghqyxn7pHVmVszOwI,Winterhome,Enluv,2021-04-22,0,149100,GBKQU2142822
0fKweJnI7UnEX9FFC2z4DU,hold my hand,Jhove,2021-11-10,0,137569,GBLV62118088
3pz0SAMT3GUAZ616CGKEEE,Bending The Rules,Chau Sara,2021-11-04,0,132649,GBLV62115451
5hH1uFTUoOnStnRGIo3Z9Z,Space Magnet,Rudy Raw,2021-07-07,0,125217,GBKQU2173036
2msqscwnO1Ra7pBRdXHmuu,Dreaming,DaniSogen,2021-10-21,0,150967,GBLV62109825
4rQFY0JOicxSujsVqL65se,Dawnstar,LESKY,2021-09-23,0,132972,GBKQU2199402
3joTaUyXcQa6skGx669JZW,twilight,Nadav Cohen,2021-11-08,0,151000,GBLV62117676
3rmo8F54jFF8OgYsqTxm5d,Bad Habits,Ed Sheeran,2021-10-25,79,230746,GBAHS2100318
3cGBQyGQpInEcUPh4zK6r6,Cascade,Kinissue,2021-07-05,0,136000,GBKQU2172113
2Gquw5HViFNPOqJ44G7yTw,Oasis,Casiio,2021-10-23,0,132345,GBLV62110170
0TgvmJ9XeU2lEPLtiQ0r2E,Winter Meadow,No Spirit,2021-11-12,0,175890,GBLV62118100
4WnqhZDF1JhirnoaWIoqAJ,Starry Sea,Charlee Nguyen,2021-11-16,0,133333,GBLV62119379
2QgWydCqmKW5EqIo52Qeq6,Weak Point,Chau Sara,2021-11-04,0,111666,GBLV62115450
4CyiT7ZzOrrvLS9g2Py2Bg,Belonging,Laffey,2021-09-15,0,165473,GBKQU2197300
1qqvZzoCYYS8cEDp7zzRyy,Lumiel,Chau Sara,2021-11-04,0,126838,GBLV62115447
618G8HO5UrOTHmQ0zRipCx,Dreamwalk,Kayba,2021-11-14,0,147692,GBLV62119352
2UsLLXl3JmlShVF9nyfslI,Lucid Dreamin',Sátyr,2021-05-30,0,121808,GBKQU2160337
2tboYTnxO7N0mxFnsjJjdM,Namida,DaniSogen,2021-10-21,0,170434,GBLV62109816
27G1NZHwIJjxVoVybSbwRc,from me to you,Towerz,2021-09-09,0,170125,GBKQU2194960
2qsY3XPpDUPJNLKmw8pogq,"Nagano, 5 Am",Raimu,2021-04-18,0,142500,GBKQU2141252
2wSNUZO5vLzy0eW5OmaPae,Roam,Kayba,2021-11-14,0,126315,GBLV62119350
61E82Jg49P7PsVJMjaJUiD,Endless,Nadav Cohen,2021-07-11,0,148000,GBKQU2173778
29GLxhUDuk8aIn6nPXcHr3,Stargazing,M e a d o w,2021-04-24,0,152727,GBKQU2143675
62KMuqKL6IdTv1Z4dGsfSJ,Together Again,xander.,2021-10-17,0,188800,GBLV62109086
15esNv10A7PEooSw3il32D,Another Era,S N U G,2021-06-15,0,137583,GBKQU2164944
12zlRPxVe46yzUTAfibQ4P,my person,kudo,2021-05-04,0,135867,GBKQU2148362
6djGFSf6exdzOgxjpIYdsp,nebula,Nadav Cohen,2021-11-08,0,165250,GBLV62117679
4Ebe9mKqCQs5OCR4UaSlWG,Sunrays,Kayba,2021-11-14,0,154838,GBLV62119351
3FRRbhplZXymYbgFN05iZh,riverwalk,Spencer Hunt,2021-11-02,0,186723,GBLV62114737
6a2Mg5MtugSB3cU1hF1Fa6,スピードと摩擦 acoustic Version,amazarashi,2015-08-19,12,202733,JPU901502311
0HFElo31eqFT0S7nGLaSFU,スピードと摩擦,amazarashi,2016-02-24,36,211600,JPU901502219
46YSff2Rq1ZtN1YVk5cwbZ,Brave Shine,Aimer,2015-07-29,59,233493,JPU901501303
3cCZXvAywRt6L0QSEjjY3Y,Best Friend,Kana Nishino,2010-06-23,56,319760,JPU900902261
0Pu71wxadDlB8fJXfjIjeJ,Shoop,Salt-N-Pepa,1993-10-12,71,248573,USWWW0126118
5dbIMsvtXBsof26OV09Pb2,Wishing Well,Kayba,2021-11-14,0,118153,GBLV62119348
6tcaUSPcKSnXEBLzpVZPxZ,willow hill,Spencer Hunt,2021-11-02,0,112065,GBLV62114738
4CeeEOM32jQcH3eN9Q2dGj,Smells Like Teen Spirit,Nirvana,1991-09-26,81,301920,USGF19942501
1tMExtuPRxg35lQl0g7LTF,心の友,Mayumi Itsuwa,1991,43,195680,JPSR08212570
434YBNY61Y9sqBSp7OINBa,君の知らない物語,supercell,2011-03-16,55,339573,JPSR00901782
2mpezzl8FlxttNlaUSDzuV,The Witching Hour – Intro,Birdy,2021-04-30,35,49506,GBAHS2001146
6VLEEyg7auxTMixCT8U3Gk,Voyager,Birdy,2021-04-30,37,266480,GBAHS2001147
0HtdR1K0cptJbOF3EKlAbT,Loneliness,Birdy,2021-04-30,37,202400,GBAHS2001085
3QorTmBB8lYdSO9bGglOrb,The Otherside,Birdy,2021-04-30,44,206840,GBAHS2001148
53vcgIyHUsxpeZjcEymEmh,Surrender,Birdy,2021-04-30,40,234240,GBAHS2001084
3Z3ATwewcNLWDxmk0wIOri,Kids,juniorodeo,2021-10-09,0,158873,GBLV62106363
1DXit2yWsXv95jE8rX4Cy6,Road Back Home,Blue Wednesday,2021-11-07,0,156407,GBLV62116234
57spBP07Yf8IFEkA1iGN3k,dimlight,Tatami Construct,2021-11-30,0,179085,GBLV62124731
4DDzyN1JE7pRPC0MzAqdbm,Sun Kissed,Chau Sara,2021-11-04,0,114084,GBLV62115443
6W2IANo7g9urRXe561jTcD,Midas,LESKY,2021-09-23,0,133333,GBKQU2199400
144bRneZGgjDRDxPOdKXa4,Bloom,softy,2021-07-17,0,155384,GBKQU2176093
22UWviJtchfFkGzgxW8UsJ,Something Between Us,xander.,2021-06-09,0,198400,GBKQU2161430
4sUgWT15SmgEy0vEx5hvmq,We Are Going To Be Ok,No Spirit,2021-11-12,0,171851,GBLV62118098
3opjW660oVKDcepGanAIoK,Reborn from Ashes,Raimu,2021-10-25,0,213428,GBLV62112379
6bp0DUXnsAdLbueBfFTPFn,The Descent,Blue Wednesday,2021-11-07,0,213038,GBLV62116229
6vBc1bG8snOXRHHbyCXvIB,Childlike Wonder,Tibeauthetraveler,2021-09-13,0,148495,GBKQU2196726
1Nf2HoYh9MyiCRwGPLbP2g,Fairies,Kupla,2021-04-20,0,166461,GBKQU2141779
2ft0MBLVCikLstvGeqIx1S,Your Light,cxlt.,2021-11-26,0,182000,GBLV62122720
62aHpOnNVHpujYo4r0ARXd,Nostalgic,Dimension 32,2021-09-27,0,151621,GBLV62100865
7IEPAXEdRXc6Ba0ejRUmXE,timeless gift,idylla,2021-09-01,0,149158,GBKQU2191762
6W5sd9UZQe8QcpNmo0VsyS,Walking Together,Mindeliq,2021-11-18,0,129013,GBLV62120444
20pOsQK4ojc8G4R63765fT,Patterns,Casiio,2021-10-23,0,134166,GBLV62110163
44Q5jCHH7i6bvLBhp1GbG7,Grounding,Epona,2021-09-17,0,136551,GBKQU2197692
6tZjpENRq1dW5TokcO2LXX,Kukui Leaves,Phlocalyst,2021-11-24,0,161095,GBLV62122216
6ujKRWYKTuemhIRC9LVlRE,Leicester Square,Loafy Building,2021-07-09,0,156724,GBKQU2173489
6bMyHp2LhPmp1XH9qBV3Xk,Last Resort,Ky akasha,2021-10-01,0,103783,GBLV62102500
2ssjMn6LLPJl3dzF7bHna0,Jungle,ticofaces,2021-11-20,0,116923,GBLV62120457
3z00SlrQhrZHwaqmKPcYAV,Longing,Tibeauthetraveler,2021-09-13,0,133165,GBKQU2196727
2NJeGIenO8MdngZRKKoRxn,Dreamways,Kainbeats,2021-11-22,0,113750,GBLV62121701
2w8onvzRfXn7BMHtHjKPHX,New Beginnings,S N U G,2021-06-15,0,147716,GBKQU2164942
5QA28KnbuMIOQUoQW3fd6p,asphodel,Tatami Construct,2021-11-30,0,159344,GBLV62124730
3jaAvebGmSOrTOzf5TQbiB,Glowing Spirit,cxlt.,2021-11-26,0,134000,GBLV62122723
3moUlc9XBcrab2Q4gwmpap,autumn warmth,S N U G,2021-10-03,0,110802,GBLV62103174
54bBiSeFchKURgM5Obilxy,hourglass,Tatami Construct,2021-11-30,0,163200,GBLV62124733
5ZTfOcZ5FrIbBzkhaPU4mG,Sanctuary,kyu,2021-12-02,0,141600,GBLV62124606
72Rri9X0Lk4kSRFC40hNFb,Don't Hurt Yourself,Hevi,2021-09-29,0,129134,GBLV62101745
4pENCE1D2P9clIxudQcw5f,Sea Legs,Charlee Nguyen,2021-11-16,0,128014,GBLV62119377
3ERMwnDP8nCPy06VcRZiKD,whisperer,Kanisan,2021-11-28,0,140765,GBLV62122970
0xtbVIWkbfu5G6TgCVmvVn,A New Beginning,Yasumu,2021-05-06,0,143378,GBKQU2148373
49reFaBmoc2InfWPrLze3S,Aquamarine Horizon,Kainbeats,2021-11-22,0,165500,GBLV62121698
11R5whlLhd99zoSCVTTpXT,Evergreen,Mujo,2021-08-30,0,123955,GBKQU2191184
1CShHzTsSDKz49ebhv9eVD,Yesterday,Kayba,2021-11-14,0,145716,GBLV62119349
0OJrNMEyp0UE3aSfwEa7CR,Whispers,Tibeauthetraveler,2021-09-13,0,181209,GBKQU2196731
3HB3fRJjVWiBrt3rnv0MB8,Sparkling Brooks,Phlocalyst,2021-11-24,0,164210,GBLV62122217
2Er5vlSunAtfZf89CIUrJf,Honesty,Laffey,2021-10-19,0,155241,GBLV62109051
79lnsDc5UppVDoDmYHtBt5,where have you been all day,Jhove,2021-11-10,0,171941,GBLV62118091
1BHjtQ2F711pRBU5LUzzlb,Days Like This,Hoogway,2021-06-07,0,124615,GBKQU2161389
4ZoqmZfp01y6wudX5gmMAY,Night Vision,Dimension 32,2021-09-27,0,150000,GBLV62100873
2FyFsPKhv0wNQ9nhTSM1Vs,soul searching,Tibeauthetraveler,2021-08-14,0,147928,GBKQU2185860
4WhYIvqANeIgf3qcwgGhim,4am,Kayba,2021-11-14,0,143551,GBLV62119345
7vVfV8GJ9vdzDnzWCWmIBp,トリセツ,Kana Nishino,2013,38,259013,JPU901502466
6wjF6PUwHlsOOUWpDrie8D,Explore,Kayba,2021-11-14,0,156000,GBLV62119346
1mZs16Lf2jqjJ4T6r3NZP2,Lessons in Nature,Phlocalyst,2021-11-24,0,125755,GBLV62122214
5YZZGp7I5HcYntc1ROuLKA,Falling Feathers,Ornithology,2021-10-15,0,114782,GBLV62108140
4THYcPGdm5MUoqMpET3NqO,Horizon,kyu,2021-12-02,0,169955,GBLV62124609
3msS7xaelR4Oa0n7IwHkgF,So Tied Up,Cold War Kids,2017-04-07,52,189506,USUG11700007
7wxDYbM4rrodjXd1xI9Mlm,I STILL LOVE YOU,Bishop Briggs,2019-11-08,32,83466,USUG11902342
2qoCsE4wqAD3ih26mKB1fC,November,H.1,2021-12-04,0,109793,GBLV62124621
0FV4hhcfvwOT8pm358Vkx4,Closer,Hevi,2021-09-29,0,149538,GBLV62101749
65celazsSOx0CnFOEZm2gj,Ascending,No Spirit,2021-11-12,0,208235,GBLV62118105
39a3oYG4XfkIakivQGaz0a,Felt,Sleepermane,2021-12-08,0,117508,GBLV62127503
63LsaHN2ZHmFF5wVbR1ytN,Escapade,Kinissue,2021-07-05,0,142010,GBKQU2172109
27rj28uUpCX43hcLdWnqE2,goodnight,Blurred Figures,2021-09-21,0,137142,GBKQU2198421
1FeBOvNxNNLhNyocWYmgf6,Wake Up,H.1,2021-12-04,0,102631,GBLV62124626
7euBAZw6syzXCXzqVETgsn,Crescent,ticofaces,2021-11-20,0,153846,GBLV62120460
7y0KNBgLvH6nEKeZpbDyvr,Old Friend,Charlee Nguyen,2021-11-16,0,133953,GBLV62119378
2xV9yak8TmlqSpmbPKpNZp,笑顔,Ikimonogakari,2006,30,297226,JPES01300481
3uwylgJfhpOECro4NmTKDT,Yosakoi Bushi,Group from Tosa,1961-01-01,2,210746,USSF16153425
5LcNVvOFWoz1L43E4WKqGO,No.1,Kana Nishino,2014,33,253746,JPU901503155
5ivhfpfnoHhD8rUI2t3aJG,IGNITE,Eir Aoi,2015-06-24,56,244173,JPU901400570
2HovXsvcdJur52BOcYGydz,カタオモイ,Aimer,2016-09-21,64,207360,JPU901602293
6Oqes9UmISvzxjUMBlySWV,スピカ,Aimer,2016-05-11,25,310573,JPU901600640
0zz23sDNfQ0onyVh80GwqF,Raise your flag,MAN WITH A MISSION,2016-02-10,52,247493,JPU901502798
164YLgHJYhqOEYUcAc93Xz,ninelie,Aimer,2016-09-21,50,261773,JPU901600638
6oPbtiso9fJpfJ3Z6hqnX9,眠りの森,Aimer,2014-06-25,26,273360,JPN101300761
7ComeQv7Lj3XbEpuY4TyHE,君じゃなきゃダメみたい,Masayoshi Oishi,2017-07-26,49,231493,JPJ901706330
7JPAO45DZOmN2bciVaBia5,世界は恋に落ちている,CHiCO with HoneyWorks,2015-11-18,54,312826,JPX401400045
2HLj3bbq6NIxKAK3GzStU5,Run the Jewels,Run The Jewels,2013-06-26,0,210626,QM8RL1400004
3a4OlrmpHoU72TFzcZAXH7,your way,MAN WITH A MISSION,2013-10-09,13,266000,JPSR01301306
2Or2xCQrCtsu5Pkg8DuAvz,drivers license,Us The Duo,2021-04-09,0,228693,GBKPL2141731
6s6M0GgWG9tPtwgTwJVBQl,Memories,Us The Duo,2021-01-11,0,174022,GBKPL2137644
37oaTduC2fLdvY0FnFUm2Z,Afterglow,Us The Duo,2021-04-09,0,182779,GBKPL2143082
5OXUiQcGXLFgplV8dnIeOy,Oceansplash,Living Room,2021-12-12,0,123428,GBLV62129245
1Q4GMU1aYoJal7ieE8O2uf,lightwave,Kanisan,2021-11-28,0,95985,GBLV62122977
24Y9RsWIr4DPbAXO7bJb9g,Waterfall,Epona,2021-09-17,0,150857,GBKQU2197682
0s6f1QJf86wAQ7sg2YSvi7,Gravity Well,Sleepermane,2021-12-08,0,116580,GBLV62127504
7kadC66rYVfqu15KmdQndd,Inspired By Ocean,Living Room,2021-12-12,0,124166,GBLV62129246
3cRCrB49AJSNZRUHaUqxDv,I'll Be There,Bcalm,2021-12-14,0,150857,GBLV62129258
2WSZf9R3VXeeR8fWCscIDg,Daydream,kyu,2021-12-02,0,168690,GBLV62124607
59l3fBi4LdnTafVZnvTknD,Calling from Above,Raimu,2021-10-25,0,184047,GBLV62112381
7mA89J5ABMlUM9ZKjeMVWj,Reflection,Sitting Duck,2021-04-08,0,176000,GBKQU2137125
3D3uA9k9j7Dcxn5jdWS1qG,In Between Cycles,Sleepermane,2021-12-08,0,115979,GBLV62127502
4vaUCv4m6XrqaQEkFi85uH,Hope,Sitting Duck,2021-04-08,0,150857,GBKQU2137123
0vgNtmIGvuMAt5GxBgGXad,good friends,Tatami Construct,2021-11-30,0,144000,GBLV62124732
1sbbYsBbHYjP9YPpqGlySE,Ending Theme,Kalaido,2021-04-30,0,188310,GBKQU2146510
1No1LojyWoGTMELXEENtjh,Exchange,Ky akasha,2021-10-01,0,123750,GBLV62102496
373PmakZE0FUKLRAFF0xJ1,After The Rainbow,Living Room,2021-12-12,0,159428,GBLV62129241
4f8JGPzepJcccraOFuxFvI,Countdown to Zero,Team Astro,2021-02-01,0,174464,GBKQU2108805
08j3UfIdHjXT0bAmBXB9Xy,Birds In The Sky,Mindeliq,2021-11-18,0,150892,GBLV62120446
55FeY6l3eoRDB4IfJVFFRo,hazelnut,S N U G,2021-10-03,0,139173,GBLV62103178
1G664FDdwyolkouHuRzuKV,After Dark,kokoro,2021-12-10,0,153009,GBLV62127811
4w37NwAYL1PiVuBv2sVVjE,東京 - From THE FIRST TAKE,SUPER BEAVER,2021-12-24,43,291157,JPU902105352
27uRc4YkkMxVMe1VsncQ5p,僕だけを,麗奈,2021-11-15,12,298275,JPU902104736
6ts1KCOudfDYXYfyWtq0k1,おもかげ (produced by Vaundy),milet,2021-12-17,61,188060,JPU902104741
4xk70Qur2QeRmWIzWPC63V,踊り子,Vaundy,2021-11-17,3,230109,JPR652100061
7LPL74iMxXZ4hEjCwmLMae,napori,Vaundy,2020-05-27,2,203787,JPR652000114
2PlbwoIVr25oita35jg9ht,花占い,Vaundy,2021-07-05,1,207555,JPR652100020
18gB0d6DaRPvrQBbl7WEuk,Tokimeki,Vaundy,2021-09-22,1,212000,JPR652100038
57MvUwzIzRJ0r21rnNU1s1,不可幸力,Vaundy,2020-05-27,1,200243,JPR651900353
6sIx7Cn37DGEhjy9hBP8Gx,猫,DISH//,2017-08-15,63,276040,JPU901702379
3JPZKiZKQOsCMJmysdVcAZ,もっと強く,EXILE,2016-09-27,35,433986,JPB601047001
7qmIOcx2lbr5ql8iDUWEHO,泡沫花火,KAMI WA SAIKORO WO FURANAI,2020-07-17,31,279573,JPPO02001849
1pi7yQeJdP1W7klUJ586BX,花瓶の花,Huwie Ishizaki,2016-05-18,28,322000,JPU901600991
1SbVJ4l5WjoCeRrI7ztbha,Reflection In The Water,cxlt.,2021-11-26,0,186000,GBLV62122725
5JPjvRbE36gqvpaTAJK98B,Angelic Particles,BluntOne,2022-01-17,0,138486,GBKQU2201067
0Xms02B4yBtKxUodh8xoTg,Desert Night,l'Outlander,2021-06-19,0,156006,GBKQU2166063
0hDiiqV0QxezoctnU1unDw,Here Tonight/Emma Watson (Lofi),AJ Rafael,2022-01-14,12,229500,TCAFZ2239894
2VvaeV5FqGI8SR6PggGcYE,Red Roses (Lofi),AJ Rafael,2022-01-14,8,223125,TCAFZ2239908
5ByarlFTxYdwrWgTUjqxzy,We Could Happen (Lofi),AJ Rafael,2022-01-14,13,203005,TCAFZ2239921
4pz8WYOfNs2nMv3eDwnJm5,Without You (Lofi),AJ Rafael,2022-01-14,10,226285,TCAFZ2239946
1QIxDS4cxLUxgDfSyR4Zhp,Starlit Nights (Lofi),AJ Rafael,2022-01-14,6,260000,TCAFZ2239954
3cBIDkY1vjW7E9MVQCbIgv,Back to Bed (Piano),AJ Rafael,2022-01-14,11,151162,TCAFZ2239967
2vxHeImM5GmIVz3XRYdSzS,Orange Sea,Hoogway,2022-01-05,0,144857,GBLV62137511
1CfdAWa8DTf1Tbg00h0jPO,Dash Bounce,HM Surf,2022-01-07,0,126370,GBLV62137826
4UcPFsY9ai2cfqO1dmOos8,Beauty In All Forms,Hoogway,2021-06-07,0,130285,GBKQU2161383
34xJSeJ8YEYTOwuu2GMEmu,"please, never let go",Jhove,2021-07-19,0,176147,GBKQU2176912
4THhCnXTMnWz7oXIgIuMJ2,Lunar Sight,ticofaces,2021-11-20,0,128000,GBLV62120458
3gsYKcPlN80myJuwlm3Wqn,Mystic Mountain,Purrple Cat,2021-08-26,0,146794,GBKQU2189459
2YGL67yMdbftbysa2TlvtJ,A Walk Through the Sky,Kainbeats,2021-11-22,0,141396,GBLV62121697
3NfInG6ilAoexAXkXlj5KN,Thoughtful,xander.,2021-10-17,0,177000,GBLV62109084
1CCg6gRdBE6HJ8MzwCV6HZ,i don't wanna grow old,Jhove,2021-07-19,0,163241,GBKQU2176906
7LwvM4tnVtTe61UoA5z620,Changes,Sitting Duck,2021-04-08,0,98102,GBKQU2137126
3imiQ6xLArj0D733xcAy2G,City Blue,Hoogway,2022-01-05,0,131641,GBLV62137515
4PIHYNRdvdIi4l9pYOpEiO,your way,MAN WITH A MISSION,2014-03-12,26,266000,JPSR01301306
2ycAu2FX7Smq52OZ9AKvsa,"Two Rivers (From ""Suikoden II"")",Nielle dAGh,2000,5,170371,QZ22B1843189
294ii3rwz6bTJ2XMn5BDu0,Sugar Baby Love,The Rubettes,1990-01-01,49,209893,GBAKW7400099
1A1lbNsagWNWxcJClLA8nn,White Cliffs,no one's perfect,2021-12-22,0,155061,GBLV62132633
7LJHiGtFoF8aJ9A9XfPowz,Feathers,Lawrence Walther,2021-12-16,0,156510,GBLV62130166
5825mcj6pXJNS63cTxyQQ0,Dream Surfers,eugenio izzi,2022-02-02,0,168648,GBKQU2208636
4IlgPhxHtLiz5ZLFQDIXKD,Time Zones,Nadav Cohen,2022-01-27,0,130000,GBKQU2205703
5CG2i5sr1BkZ4zlXHILJA5,Get Back Home,Nuver,2022-01-03,0,115642,GBLV62136431
6HeRmH8tq42LPqp84mxHiN,Gavarine Falls,no one's perfect,2021-12-22,0,139130,GBLV62132632
1uMg5uTZ4bpbB7hA19mnCw,Since That Night,softy,2022-01-23,0,132972,GBKQU2204505
3bb9VhcyiPtcCSsflhEf6r,Shorelines,Kainbeats,2022-02-04,0,128382,GBKQU2209461
0KR3K1QJqV4KWMTQsbXRSm,Goodnight,Tibeauthetraveler,2022-01-23,0,176187,GBKQU2204496
3g3uI67XxFu4FoPWVTXiFu,Old Hourglass,softy,2022-01-31,0,165428,GBKQU2208097
2birr04zyPZt9bsIbLheXh,Snowfield,softy,2022-01-31,0,145681,GBKQU2208107
47tQGPOx8DM76RI6RtdY7D,folding house,Towerz,2021-09-09,0,156804,GBKQU2194971
0ZMwkIz6G0Ty3hBH7XI8G9,Gentle Skies,Osaki,2022-01-11,0,128205,GBLV62130822
4gHbNkTeRn8vsAijHOpLFV,Clouds,Elijah Lee,2022-01-29,0,155000,GBKQU2206109
3BO2a2ZmyUZDmFtUwIKJMU,Nautilus,Kainbeats,2022-02-04,0,157058,GBKQU2209455
6OT9oMEvWc7pJBconP9HFa,Frontseat,Casiio,2022-01-25,0,104250,GBKQU2204529
3TXwqrE13R5dRDh4MYUO4n,Time Passing,Casiio,2022-01-25,0,108104,GBKQU2204527
5yN4r2PC8CCxwq5xWE9Gc1,Wavelength,softy,2021-07-17,0,146086,GBKQU2176091
7dUmupZATNlcRF4XcoKytf,Lost in Thought,Elijah Lee,2022-01-29,0,160129,GBKQU2206106
7MVYd5jFZBdd1T0VqTgk9m,Intersection,Lawrence Walther,2021-12-16,0,134260,GBLV62130164
2UCdzqx9khFS6JgFaT7bqZ,Beyond The Boundary,Osaki,2022-01-11,0,164580,GBLV62130821
10I5i8cOcWNzyngUElOAbz,Flooded With Light,Mujo,2021-08-30,0,135652,GBKQU2191182
4OAQMThXj7kEjtGAfAhLNY,Lost Tapes,softy,2022-01-31,0,156774,GBKQU2208098
1718OP6tEungb83wOs5Usl,Simple Dreams,WYS,2022-01-23,0,165255,GBKQU2204499
6TSVeVQ3CN91lt6zNNC960,Sediments,Krynoze,2021-10-05,0,160362,GBLV62103194
4o1624v1NyFWATNNWsww1k,Life Without You,Nadav Cohen,2022-01-27,0,90000,GBKQU2205700
1O0bYuXxr0Vn5zvPgzlGJK,Say When,Hoogway,2021-09-25,0,129310,GBKQU2199708
2mkkbCrXnugOTE5kT3nEDl,Rooftop Memories,Osaki,2022-01-11,0,137408,GBLV62130818
5X76wtT9kiHhwUdaloVaLD,Hazy Illuminations,Osaki,2022-01-11,0,158609,GBLV62130825
6u3MO6IwukYd4HaqSAj6fY,interstellar,Nadav Cohen,2021-11-08,0,159750,GBLV62117678
3YSFCUUC3hR8SiLaEUoTz1,Savior,Charlee Nguyen,2021-11-16,0,125466,GBLV62119380
1lUUWaXzfr2A8QS08x4mkh,Feelin Warm,Pandrezz,2021-09-05,0,157808,GBKQU2194074
5TX1kEYlT4CncgyitTEbvT,Until We Meet Again,Elijah Lee,2022-01-29,0,173324,GBKQU2206108
3w2e3FeKCg5sujB2RCVyf5,The Way Back,WYS,2021-08-24,0,163865,GBKQU2188276
58XtAA3xHRlo05Fe4EhHcN,Wondering,Nadav Cohen,2022-01-27,0,142000,GBKQU2205706
57FxY9hx6MdYNY0ZlQGC39,Cozy,Bcalm,2022-01-23,0,141176,GBKQU2204512
4iJPul4bNUOTjkCFbAI58t,Puffy Tail,HM Surf,2022-01-07,0,106137,GBLV62137822
4uac9cFIcy8ZnmZtdGCCZ3,Tender,Lawrence Walther,2022-01-23,0,128571,GBKQU2204498
696plHV2s0OtjeA1q05fZz,Rip Kompen,HM Surf,2022-01-07,0,123290,GBLV62137834
2lAHEbHnXwGPzaGCiiDjjJ,Lux,Sleepermane,2022-02-18,0,117576,GBKQU2213947
1SRkVHCZcO6lCYsOu9Sczw,Never be prey to the winds,eugenio izzi,2022-02-02,0,158630,GBKQU2208637
4E555eDHKkfD2LT0mjaZMG,Keep in touch,eugenio izzi,2022-02-02,0,153913,GBKQU2208642
3ZW03koYi38s7MLYQyeSdz,Lunar Tears,Osaki,2022-01-11,0,123985,GBLV62130824
1CrMXIlcytIrSiK4dUEaJB,Winds of Change,Nogymx,2022-02-08,0,160500,GBKQU2210850
60JBFAlvNd7ZrhmEWzRjdE,Voyage,Sleepermane,2022-02-18,0,110396,GBKQU2213944
6eoSl3jbzRxzKaccJvO10c,Quiescence,Nogymx,2022-02-08,0,155500,GBKQU2210851
5mo1SoTJk7SHyKv4T7fJuS,Backyard Shower,Leavv,2021-08-28,0,156144,GBKQU2190491
0GndrRspootOgtpvqcZDpp,lemonade,Chilli Beans.,2021-08-25,31,186620,JPB602102683
4KUmXlfk82j9eaPQddiomr,See C Love,Chilli Beans.,2021-08-25,38,191544,JPB602102684
5nAGJTBYlQkk8WPqnFaslF,アンドロン,Chilli Beans.,2021-11-24,24,194425,JPB602103820
7dqHjkxo6Y3K0BCeJjcFyt,シェキララ,Chilli Beans.,2021-08-25,24,189394,JPB602102685
23O1hrpAhAvw8zCmO6izy9,Digital Persona,Chilli Beans.,2021-08-25,29,201875,JPB602102686
3hJKKLO2MM0NIZ1E9TAPj9,Close By,ticofaces,2021-11-20,0,110000,GBLV62120459
17MWXYNejxl1sHJ93tAhTL,Time Alone,softy,2021-10-13,0,167516,GBLV62107594
5Mg3t5X4bYQnAreDd6vTon,City On A Hill,l'Outlander,2021-09-03,0,164312,GBKQU2192481
3kIFJsq83ecH3ingfUXVMZ,Tremolo,Chilli Beans.,2022-03-02,26,191637,JPB602201149
3BbP5ms25VMtHnJNZvTs2Y,アンドロン,Chilli Beans.,2022-03-02,10,194448,JPB602103820
7iJ6uMFRbY5kVssECwQ5Vo,シェキララ - Acoustic version,Chilli Beans.,2022-03-02,17,226286,JPB602201151
1vIL039rmvs4SqKsXNySxu,Vacance,Chilli Beans.,2022-03-02,18,199621,JPB602201150
0ZrHaA9ei55Km65yBodElf,High Water,Bishop Briggs,2022-04-08,36,189267,USAR12200152
7iKZd4d4JEPfAYdIKtRLYH,Art of Survival,Bishop Briggs,2022-04-08,32,181686,USAR12200153
3u5oNyjZGEP5Ntj0b29M8V,マイボーイ,Chilli Beans.,2022-04-13,21,247488,JPB602201970
4BOJlNZx6OFQhFEamL9XUN,Voices of the Ancestors,DaniSogen,2022-02-24,0,140000,GBKQU2218080
5IWOWy8xsq1VOKonFqwI1L,Canvas,cxlt.,2021-05-10,0,135483,GBKQU2150901
6bUPGoHDqWfVDIwBkAWU0u,Orchid,Lilac,2020-08-04,0,121995,TCAFA2032467
5WIZ5DxN2k3TWcQ2ffJXrd,Panacea,Mujo,2021-08-30,0,129034,GBKQU2191180
1tHcpOPvHGoPnm1HixFZnw,New Tradition,SAYSH,2020-01-26,36,157666,QZFYW2085003
2XVBMKnMHVo4nZPdFIU5bp,Dirty Mind,Boy Epic,2016-09-30,49,208661,USHR11637560
2zjMc0RhJKUh8aVVLL6p4u,Wildfire,Rayelle,2018-05-18,28,210537,TCADP1896654
4xDdlNoP0G21uhX7ANSx0y,Animal,AG,2020-12-26,34,157858,QM24S2011901
3QJ3gts5Qrh0TzoSoKd69G,Big Bad Wolf,Roses & Revolutions,2018-08-03,48,200268,CAN111800164
0Rm93LBjlkaGaeiVNxUOpk,Alpha,Little Destroyer,2019-09-13,37,163701,TCAEK1910487
2Wk8SmCTXjxnFMFz2LSOKa,Boss Lady,Wendy Child,2017-09-29,29,194855,ushm81778669
1IBjfOO56IST9SqCdZVVLE,Where We Come Alive,Ruelle,2018-12-14,47,212957,QZF921800013
4DssSHJbK82wlTwvKJLKvn,Thrills,Donna Missal,2018-09-07,22,199311,USUM71804346
135EP4qT9Eo0Uu0fMIln2c,Love On The Brain - Los Feliz Blvd,Cold War Kids,2017-04-21,37,266852,USUG11700598
06hpxKggHmCHMKbe2K4bKI,Hold On,Bishop Briggs,2018-04-20,39,168346,QMEU31717075
4DambPeZPE1blOKXUgAPkc,Lovesick,Peace,2013-07-05,42,133266,GBARL1300129
5DIGt883aHs3KqWSziy4gR,Sappho,Frankie Cosmos,2016-04-01,54,112879,QM6YT1601013
3adNtom9Dn2NXmgHf0OwZR,Knock Me Off My Feet,SOAK,2019-04-26,44,187185,GBCVZ1800111
5BCYtpbTyUQSMRwDVPb5wk,Dover Beach,Baby Queen,2021-09-03,53,218053,GBUM72101949
1l1o761oy3oZiwzU75QI5S,Angel,Lava La Rue,2020-11-11,0,236486,GBX722000473
2kDTgtrBqoEWNrdYte9hSo,Flirting with Her,Sir Babygirl,2019-02-15,39,230160,QMFD41800022
7I1kle4TNmkfednJDKo8GR,If You Want To,beabadoobee,2018-12-07,61,223638,GBK3W1800913
0aqRkWPAL9BGCvvdSiXaE9,I Belong in Your Arms,Chairlift,2012-01-24,3,207306,USSM11104429
7BoVAJ0HuKcBBRmUGlzX6o,LUCID,Rina Sawayama,2020-12-04,2,218706,GBK3W2001612
1RLCci3EUAH9t1spVptRWQ,Because I Love You,Montaigne,2016-08-05,42,217618,AUBM01600118
5WHgAhE3VlGpBiNKUWEyDY,fever dream,mxmtoon,2020-04-22,0,196480,GBKPL2082105
0brBOx8ejPXvBYnQkWquYK,Close To You,Dayglow,2021-05-21,0,194693,GBKPL2035998
3srgB1L9XfePDOIY4DrN2K,Moment In The Sun - Bonus Track,Sunflower Bean,2020-09-17,3,189634,USQE92000111
0ptjIq1XKNYBtfjzXQ3dXE,Clearest Blue,CHVRCHES,2015-09-25,44,233769,GBZN81500005
0o0BtyLhvu05czmflES2tH,My Own Person,Ezra Williams,2020-11-19,0,264873,GBKPL2029645
7hjPM7rlZo3netjXWOZqcT,Colours Of You,Baby Queen,2022-04-22,47,255346,GBUM72202301
6l9AVZVrvHw5u4nL3HL9N0,heart,flor,2018-02-02,45,222825,USAT21705460
6F5mZpEEjhsAW8UEqbIpz1,Tired,beabadoobee,2018-12-07,70,199514,GBK3W1800910
2O2A2kGaLJ3u2GQ4Gn4Lu3,Any Other Way,Tomberlin,2018-08-10,41,202616,US2U61827601
3gZyxP7keADPPc8lEJWehW,Want Me,Baby Queen,2020-11-05,48,258319,GBUM72003860
05rA1xpVFmKf8Tn6gKwn9e,Buzzkill,Baby Queen,2020-11-11,37,204256,GBUM72003199
0z29wv0x2IXrpWxNgICET7,Why Am I Like This?,Orla Gartland,2019-02-08,55,212713,QM4TW1923052
4VgdhAy0DBSF5hbbKzTEdS,Telephone,Waterparks,2019-10-11,52,153994,USHR21912808
4LK36kV9w3KBD2GYL26ZBq,I Want To Be With You,chloe moriondo,2021-05-07,56,179573,USAT22004111
0sDsJ3HMMzrelKD11WARqc,UrbanAngel1999,Thomas Headon,2020-09-04,0,190357,US23A1512186
6nStFBb5DgiShZMXdyxgeo,Smokey Eyes,Lincoln,2017-01-27,0,195060,USBAL1600002
62Tbkc4dhrraGN9tWrlssr,Bang Bang Bang,Lauran Hibberd,2020-01-17,36,142490,QMFME1988680
3Maqlu2aPlU8NluW19O8JD,Paper Mache World,Matilda Mann,2020-11-20,46,179083,QMFME2000719
08ZFO4ONTelCXs1Q5YRMcW,nothing else i could do,ella jane,2020-07-16,43,170000,QZ93L2033810
1kqc6U8hVYZhY0gFGQclCz,girls,girl in red,2018-06-08,0,198400,GBLFP1858237
1S4z3fHfqPuIlWbx3fJAlp,Alaska - Toby Green Remix,Maggie Rogers,2017-06-30,42,185613,USUG11700805
1VnBY1LP4TbIj3nMNwh3S6,Don’t Leave Me (Chapter 1: Despair),HMLTD,2021-04-28,0,212866,GBJET2100002
2sBKLT7bFa38yVAYxYltUX,Dance with Me,beabadoobee,2018-12-07,59,234282,GBK3W1800911
1LomCMl5wD3MPVlC6smUHe,Don’t Delete The Kisses,Wolf Alice,2017-09-29,62,275226,GBK3W1700561
47Bg6IrMed1GPbxRgwH2aC,Best Friend,Rex Orange County,2017-01-25,2,262231,US23A1500387
6bO7GeKYXEvOEDi9O3zMOC,Paramaniac,Abby Roberts,2022-01-13,24,180302,USA2P2161530
6vFsBXYczYsP0H3lgunZOm,Cloud 9,Beach Bunny,2020-02-14,54,147350,USQE91600054
5B6Kjha6RRIMWGN7zGsAaT,So Hot You're Hurting My Feelings,Caroline Polachek,2019-10-18,64,183861,USSM11902945
5TIyFlLF0EfYOUZH1TYxBq,More Than a Friend,girli,2021-05-28,60,175693,GB45A2002356
2mchaeoq35BUYXiOFLWD7i,Head In The Clouds,Adiescar Chase,2022-04-22,0,60293,QZ8BZ2200669
0MIiqne6YsbsDz4z9MGA2K,ur so pretty,Wasia Project,2022-05-10,0,132000,QZHN92213120
3BrWLBC4WYx393yRUOlTih,Meet Me At Our Spot - Live,THE ANXIETY,2021-10-22,58,147828,QMJMT2103947
2PIcAQiSOayFwJrfWc72Qc,Bros,Wolf Alice,2015-06-22,55,224720,GBK3W1000336
3pyyGVqWvRMq43qtJBzxe0,Kids,Current Joys,2015-03-08,74,269142,TCACS1677524
0rH1Y0mcALJgAq8EKF2Zwt,fall in love with a girl (feat. Beabadoobee),Cavetown,2022-02-25,51,190853,USWB12200067
45ROR8UMn60YEVQnDy0uVF,Juliet,Cavetown,2019-04-12,71,278991,USHM91882113
45S5WTQEGOB1VHr1Q4FuPl,Golden,Harry Styles,2019-12-13,73,208906,USSM11912586
0Hz2naBG1RX3ihb69nQFwX,She Likes Me,Will Joseph Cook,2020-10-29,0,158909,UKY6X2000004
0DRvClQbN9znQ295sx76VC,Dreams Tonite,Alvvays,2017-09-08,0,196026,US3R41733402
5QJuMhGWTUB4t9BqR7ndL3,Make Me Your Queen,Declan McKenna,2017-04-13,53,221360,GBARL1601811
29ptwsAFxPgzqMqyAu1OuK,paranoia party,Frances Forever,2021-06-02,34,185626,USQE92100063
5xA5MggKc3aQxuOzNzPUWB,Apple Cider,beabadoobee,2019-04-26,70,178918,GBK3W1901010
6PyZGb1rB7oLKCICWTmGYa,Say It,Maggie Rogers,2019-01-18,55,220960,USUG11801658
18UsAG7SfOQ5sxJEdjAMH0,Be My Mistake,The 1975,2018-11-30,65,256687,GBK3W1800833
2sHwSBNDZN2yjCtgwStYt1,Crush Culture,Conan Gray,2018-11-16,62,204120,USUM71816673
0NuWgxEp51CutD2pJoF4OM,blind,ROLE MODEL,2020-10-21,62,153293,USUM72010617
2N4I8oPqSNA5MgGrLIyU5A,Déjà Vu,Adiescar Chase,2022-04-22,0,57120,QZ8BZ2200667
64lsIF5pw0sJY0gV5kz0RN,Can I Call You Tonight?,Dayglow,2019-11-14,17,278769,TCADL1825079
4S6PolgPZ5OLph314ww8Fg,Eugene,Arlo Parks,2020-02-11,50,221804,GBKZV1900097
5FYDm4Ty6x0Ep2ttByYm6r,My Best Friend,Alfie Templeman,2020-07-17,0,157373,GBKPL2095611
5wv2XK6ms7KBBVDD1cOwlx,Cool with You,Her's,2017-05-12,57,375656,GBYEJ1100273
1zJjw0R6QzlhtqMNqhvObN,Kiss,Adiescar Chase,2022-04-22,0,125080,QZ8BZ2200679
3JNGCKfzmWvIeNiu8wfOOR,honey let's just drive,Philip Brooks,2018-05-11,30,211285,QZ22B1933124
3h3pOvw6hjOvZxRUseB7h9,i wanna be your girlfriend,girl in red,2018-03-02,1,204990,GBLFP1815318
0BnepvoveEw7fJIpuwdLT4,Happy New Year,Let's Eat Grandma,2022-04-29,38,279240,GBKZV2100100
1uL7ztGHir7vgUgjydISln,welcome to the sidelines,amy michelle,2022-03-25,38,177814,GBAKX2200017
2xCGBWfzTe8l2kvHpgvB6M,prom dress,mxmtoon,2019-09-17,2,197933,QM6MZ1961770
7B3z0ySL9Rr0XvZEAjWZzM,Sofia,Clairo,2019-08-02,78,188386,US4HB1900086
2tcnmgYdXZoTpCJGhWFTwf,Encore,Adiescar Chase,2022-04-22,0,57360,QZ8BZ2200690
45h4w81P5iJJTSeR0jJUQ8,She,dodie,2019-01-18,58,213611,QM6N21808971
6AGOKlMZWLCaEJGnaROtF9,Put Your Records On,Ritt Momney,2020-04-24,68,210463,USQX92004148
4KoYtFtG2itQDGBDWLkygK,What People Do,Liz Lawrence,2019-10-25,25,174802,GBGLW1900179
74KsTGXDYNCLXyIH6z3KBV,Girls Like Sex,L Devine,2021-05-26,35,165015,GBAHT2000423
5usQET86kxSpLdk7iCP1pw,A Loving Feeling,Mitski,2016-06-17,58,92089,USJ5G1612309
3KRdLDjxlAY7ku93tOG0b1,Kissing Lessons,Lucy Dacus,2022-02-02,47,114653,USMTD2100850
0LwJllN73QYBHEBdGUTyEp,She's My Religion,Pale Waves,2021-02-12,45,189586,GBK3W2001565
68OqgWoFxfEUSJshAe56cL,tv kween,Abbie Ozard,2021-02-12,18,219783,GB8MX2000571
1cPNHoDgXMXajqgogNiWxa,Girlfriends,The Academic,2018-01-12,39,211803,USUM71712543
0cH6s5bw1BS4hL06hmUO6F,I'll Call You Mine,girl in red,2021-04-30,0,201945,GBKPL2136772
0BLY78hYpsH9NqP6X0N8CX,Silk Chiffon,MUNA,2021-09-07,1,206586,USJ5G2100501
47u2NzBGiWm2ZgYimGOh2v,Romantic Garbage,Arlo Parks,2019-04-05,19,171384,GBLVL1800076
7FjIYiD53wxlQmzTT6Wdpf,space girl,Frances Forever,2020-03-27,63,231440,QZFZ72019335
3G6hD9B2ZHOsgf4WfNu7X1,Team,Lorde,2013-09-27,75,193058,NZUM71300124
2Om9dYuAMsw8jnCLpwVMhx,Be By Your Side,Pillow Queens,2022-04-01,27,294173,CAUM82100430
0peqlOKIORebTfsvbibblG,Misfit Biscuit,Wasia Project,2020-11-13,0,197484,QZNWS2070402
4X1heoe3QkaLpCCvx7mmmV,how can i pretend? - Demo,Wasia Project,2022-05-10,0,84624,QZHN92213122
0W9XiGVbu8NXSTXhTqVGzG,why dont u love me? - re-recorded,Wasia Project,2022-05-10,0,216612,QZHN92213119
1muiZAUjjzd3KShPWYspQM,U Deserve,Wasia Project,2020-10-04,0,218335,QZMEM2061596
4sympnfIMkBt51KwRYaNSF,impossible,Wasia Project,2022-05-10,0,269500,QZHN92213121
40xywqW4aDWTdh8OIY3ZfT,Burning Eyes R Calling,Wasia Project,2020-04-28,0,313491,QZES62072750
0w03oXakqLwdERsRzpMprA,Why Don't U Love Me,Wasia Project,2019-10-27,0,158962,QZHN91932569
2cKHnVTfjxDaDYnMUyhZwU,More Like You,Orla Gartland,2021-08-20,44,220208,QMFME2094850
3oDm8bWMqVw2Hn4R8nYwyZ,Fall In Love With A Girl (feat. Orla Gartland),Cavetown,2022-06-10,48,168974,USWB12201889
0GaVSVifeBSwnNTNordPGC,"You're Not Special, Babe",Orla Gartland,2021-08-20,39,203263,QM4TW2143727
0o2BJHj9wQTCb5UfY7R7jl,Codependency,Orla Gartland,2021-08-20,37,191881,QM4TW2143743
2Rj9HWaNkUsxdjM2khuqNd,I Go Crazy,Orla Gartland,2018-07-27,39,214574,GBLFP1840625
5VpgaWuqcWho0uJMniRNDs,Heavy,Orla Gartland,2020-01-15,35,244946,QMFME1965378
3GNnTQVqE4zUSECYzHXq0b,Madison,Orla Gartland,2021-08-20,34,224638,QM4TW2143739
6sDeF4lLQHWfGOqBzV3whw,Zombie!,Orla Gartland,2021-08-20,34,177090,QM4TW2143734
0bPB8TqrB1xBYzGEcpC7Q8,Did It To Myself,Orla Gartland,2019-09-06,39,196939,QM7281911122
1sq2qpQkkgM1swCDJwmbGr,Things That I've Learned,Orla Gartland,2021-08-20,27,154047,QM4TW2143726
66UBA2jX94XsiBplFbY97K,Over Your Head,Orla Gartland,2021-08-20,30,192883,QM4TW2143729
1A1W9rKYRbZSgKNAUOBOs0,Do You Mind?,Orla Gartland,2021-08-20,28,217326,QM4TW2143742
1XFxLlYuWdebo6hgczaVDu,Pretending,Orla Gartland,2021-08-20,32,215694,QMBZ92019574
3XwpRfAKRkYGFu5SqvdNK5,Left Behind,Orla Gartland,2021-08-20,26,255321,QM4TW2143745
4cktbXiXOapiLBMprHFErI,Memories,Maroon 5,2021-06-11,82,189486,USUM71913350
1XGmzt0PVuFgQYYnV2It7A,Payphone,Maroon 5,2012-01-01,82,231173,USUM71203347
5zFglKYiknIxks8geR8rcL,Beautiful Mistakes (feat. Megan Thee Stallion),Maroon 5,2021-06-11,75,227395,USUM72103449
7oUHzZKNKUTrlU7DYxhQ7v,Maps,Maroon 5,2015-05-18,72,189960,USUM71407116
5d6Mjuu2uCGRPYpFjGpCX5,Sugar,Maroon 5,2015-05-18,68,235493,USUM71410340
6tHQAadcluhVV4oD2IvHSk,Lost,Maroon 5,2021-06-11,50,172597,USUM72106314
6YgV0EF8xJMZz0Zm6BTaT4,This Love,Maroon 5,2002-06-25,60,206200,USJAY0300080
33Erxwd8RV55M6ZX6KigNt,New Friends,Orla Gartland,2020-02-21,22,179439,QM4TW2019642
4c0WkzJbzDU750TXWarrk1,Why Am I Like This?,Orla Gartland,2019-05-24,22,212713,QM4TW1923052
15yipQ0oYQhrsqiqHLdYT2,Shapeshifting,Great Good Fine Ok,2016-06-20,24,235700,TCACP1626964
6xgTRrS1aeZxnm1bYBarjU,Inevitable,Orla Gartland,2019-05-24,23,211178,QM6MZ1911218
2DU7C5YgXqxDjL4FtCdiMU,In Cold Blood,alt-J,2017-06-02,0,206026,GB5KW1700459
2cAzMVckSsc6vFdyLwaw9S,"We Belong (From the Original Netflix Series ""Trinkets"")",Brianna Hildebrand,2020-08-28,0,224444,QZ8BZ2000434
443V1DhZYet1PH9TjQdzfM,Wicked Ways,Killabyte,2018-02-07,34,254896,GB2LD1800433
6MnWfOgKRkQtY1pRgoTwB1,Reach,S Club,2000-06-12,53,243265,GBCVL9900031
64dZzOERFpgQBIqBkOpvQr,More Like You - Piano Version,Orla Gartland,2021-03-25,17,200224,QM4TX2199867
5yHIxu1hj6rxfH70tE0H48,Figure It Out - Acoustic,Orla Gartland,2020-06-26,15,235275,QM6N22083079
78x4xRisFJS0eniXD3rIhk,oh GOD,Orla Gartland,2020-02-21,31,167939,QM4TW2019641
04ITn1QsfKxIC16eoqMz0B,Figure It Out,Orla Gartland,2019-11-01,24,200803,QMBZ91920056
7zWYskRENVPyJUh8FLzuoT,Flatline,Orla Gartland,2019-04-05,30,201203,QM4TX1954939
7qoFhSKDXCgWeSiwOxOnS6,Between My Teeth,Orla Gartland,2018-11-02,30,196093,QM6N21859423
3pIEqgK9hHXpj35bd9cH2J,Overthinking (Demo),Orla Gartland,2019-05-24,22,201106,QM6MZ1911227
6fmNznIaU7dhIGXVtou157,I Go Crazy - Acoustic,Orla Gartland,2018-07-27,26,203553,QM6MZ1816573
1m3gqvFmyoUAXPuKJxq7IP,Lonely People,Orla Gartland,2015-01-18,0,189500,GBKPL1416559
3iXcCNRr8ubFnd5o0vbT6k,Souvenirs,Orla Gartland,2015-01-18,0,237002,GBKPL1416560
72mikGONO6eZ9zObXP9lI7,Whispers,Orla Gartland,2015-01-18,0,223257,GBKPL1416561
5H4GjjQta6rgKNr2vxRvEl,Bloodline / Difficult Things,Orla Gartland,2021-08-20,29,262344,QM4TW2143746
3tbZqLgKwrXhugXGAfO8uD,Get Back,Orla Gartland,2015-01-18,0,188108,GBKPL1416562
62zWJ7aba8R1ZdjnAj48cv,It’s ME,Chilli Beans.,2022-07-13,35,161742,JPB602202534
0EyViwXzoKDRKUtLczjJwL,lemonade,Chilli Beans.,2022-07-13,45,186861,JPB602102683
6ie2Bw3xLj2JcGowOlcMhb,Green Light,Lorde,2017-06-16,70,234652,NZUM71700063
0C0OKMDnOvUyccUmwZO8AW,Run The Jewels,Run The Jewels,2013-06-26,51,210626,QM8RL1400004
73ldtXyp1E5sHdSlSuV3Pq,Madison (orla & friends version),Orla Gartland,2021-12-01,21,228618,QMDA72141514
3ZiuxcBeRanTjfHzVBuuQe,Would You Be So Kind,dodie,2017-08-11,54,180952,GBLFP1744741
2FhTvTUcbTRIxvNmdpjtbw,Burned Out,dodie,2019-01-18,43,211940,QM6N21808966
4hjbxjZpJ8H6qRCzDOGI0M,Sick of Losing Soulmates,dodie,2016-10-14,48,267377,GBLFP1637782
35NX4IIsuOOm6isMzTdqtQ,I Kissed Someone (It Wasn't You),dodie,2021-05-07,40,150937,QMBZ92061364
2MKIadkPrRqaivpyn6cnI0,Monster,dodie,2019-01-18,50,245847,QM6N21808969
53Mq10qpih00CLPph20MVp,Bloom,Matilda Mann,2021-06-30,40,166053,USQX92101712
1rIgoyxAw5qAKyNd7vERKw,Nobody Really Cares,Baby Queen,2022-07-04,40,174799,GBUM72203809
1V0aBBaYY5oSsatLMtre9y,I'm A Mess,Baby Queen,2021-09-03,21,181933,GBUM72101943
3C1BJMHwYRUBrg78duMaOE,never been in love,Gatlin,2020-08-21,0,186314,TCAET2077392
0rheE0QDxFPMAunStuVkQo,Julia,Hollie Col,2022-04-15,24,186538,AUJPV2100013
4c4jW8pyMAgTvJqxMBxJvL,Unholy,Hollie Col,2019-07-05,28,181081,AUJPV1900007
53jbdPQBaH6WaQvW0zmGBs,Talia,King Princess,2018-04-13,54,207720,USSM11801302
0bPSRn4crnh5f1JhELPlyL,I Know A Place,MUNA,2017-02-03,52,272813,USRC11602620
7CSaSIkS87whTKKuJ5BWIr,Lost in Translation,Daniela Andrade,2019-10-25,25,188000,TCAEL1990709
6BSDpXlm2gtorEzoH4RNHw,Words Ain't Enough,Tessa Violet,2019-10-25,34,124365,USANG1906363
6XYjXBkWMgGOCPbnySA3gs,Ambitions,Erato,2014-06-02,22,192465,SEVJH1402301
7puldW6ecGUcM3Vau6U0SD,Say It Again - Acoustic,Frances,2016-07-15,35,181408,GBUM71603685
3Z1FTfTLaxpRIFkrnYXzUC,Buzzkill,Baby Queen,2020-07-08,33,204256,GBUM72003199
41K8qlXVHE5cDv7eifdk4G,Bad Ideas,Tessa Violet,2019-10-25,45,179173,US3DF1813108
3ZCYlXgi100xmLfpGng9C9,Let It Out,Frances,2017-03-17,29,232133,GBUM71505529
3ZoUHWKD8piei0TAkDEcnU,We Can Never Go Back - Acoustic,Joy Williams,2015-08-28,24,249893,USQX91502192
5jxjLdZXCqZlAOCC1OHOmc,Doomsday,Matilda Mann,2021-04-16,42,189506,USQX92100834
6lZKJkfn0eVCXvbh1jsO8a,Buka Semangat Baru,Marcello Tahitoe,2011-02-21,44,232746,IDAC50900194
2MS6RRdBVpYQtmWaDC8UyR,Fake Believe,Baby Queen,2021-09-03,22,224706,GBUM72101948
4yiGLfzCc2jdByeQ2PIHXA,Gas Gas Gas (Initial D),Tsuko G.,2017-08-26,0,272404,QZ8LD1787980
3O3lPNMM2rCeog7dacQNbT,Deja Vu (Initial D),Tsuko G.,2017-05-20,0,250941,QM2PV1715853
1rWp9c9Po0i4lAfCJYOoBh,夜空,音田 雅則,2022-03-15,50,249317,JPU902200641
5CZ40GBx1sQ9agT82CLQCT,traitor,Olivia Rodrigo,2021-05-21,84,229226,USUG12101243
2tGvwE8GcFKwNdAXMnlbfl,happier,Olivia Rodrigo,2021-05-21,82,175933,USUG12101247
4cOdK2wGLETKBW3PvgPWqT,Never Gonna Give You Up,Rick Astley,1987-11-12,10,213573,GBARL9300135
2sf18cEv463VgqmdjDsFpw,ベテルギウス,Yuuri,2021-11-04,59,230393,JPU902104201
6NvcOlh7gtas2XCW2KACYo,life was a beach,Lena,2019-12-06,48,174221,DEUM71711183
7uwJwSKpmzZH7p7imm4f1P,No Reason,Ryan.B,2018-04-10,65,215497,FR2X41834087
1UZOjK1BwmwWU14Erba9CZ,Malibu,Miley Cyrus,2017-09-29,71,231906,USRC11700814
0COqiPhxzoWICwFCS4eZcp,Bring Me To Life,Evanescence,2003-03-04,83,235893,USWU30200093
30eaJSKH0UiTyH6d9JRHS6,さよならメモリーズ,supercell,2011-03-16,38,368373,JPSR00904165
3VbpuVvobZbMJ86p1w3GKK,うたかた花火,supercell,2010-08-25,45,361506,JPSR01001881
4ZArDD9FZ3I4thJeQkoOPv,The Bravery,supercell,2013-03-06,40,366786,JPSR01204423
7HVqLjzEkCFBLQnOnY3hSu,Kyoran Hey Kids!!,THE ORAL CIGARETTES,2019-08-28,29,251472,JPJ221500801
6bfjEGSR7DyC8MK8cp3ZCp,シュガーソングとビターステップ,UNISON SQUARE GARDEN,2016-07-06,54,253226,JPTF01504201
31RE015TXQz4vTCOcu7t6A,センパイ。,HoneyWorks,2016,25,312746,JPE301600982
5z1KeOpL9n1b3iFAJk91iu,Got Weird,dodie,2022-07-29,42,202435,QM6N22282249
0yqGaBZ0r4av8o40knrpjz,Moment In The Sun - Bonus Track,Sunflower Bean,2022-05-06,48,189634,USQE92000111
4zXuYQNDmw3dlauyc8q3Kd,We'll Never Have Sex,Leith Ross,2022-03-25,63,99620,USUM72203822
4ztHtdy8TQh5J0UmE8igIK,mom i think im gay,Boyish,2020-02-14,0,167926,QZ93L2004127
0FFhu56TWWFPHbZxsuMSh7,あとひとつ,Nicholas Edwards,2018-04-25,26,341720,JPU801800008
13YE1VSvQ4t7wWCPlpK1Uw,ヘビーローテーション,AKB48,2011-06-08,49,283386,JPKI01013809
2JCqnwfnB0040WbmN3VL5z,あとひとつ feat.こぴ,kobasolo,2019-02-20,0,339440,JPVP01900210
45UI1yzA7vjkWHoAUZ8nGp,だってアタシのヒーロー。,LiSA,2017-08-02,54,234093,JPU901701951
0dDMGZ8oN7JTpSZk46ipc5,オトノナルホウヘ→,Goose house,2015-02-25,43,216173,JPSR01301492
2pIUpMhHL6L9Z5lnKxJJr9,Attention,NewJeans,2022-08-01,75,180066,USA2P2230221
0a4MMyCrzT0En247IhqZbD,Hype Boy,NewJeans,2022-08-01,78,179026,USA2P2230222
2DwUdMJ5uxv20EhAildreg,Cookie,NewJeans,2022-08-01,71,235562,USA2P2230223
5expoVGQPvXuwBBFuNGqBd,Hurt,NewJeans,2022-08-01,72,177946,USA2P2230224
0Q5VnK2DYzRyfqQRJuUtvi,LOVE DIVE,IVE,2022-04-05,72,177186,KRA382204375
7n2FZQsaLb7ZRfRPfEeIvr,ELEVEN,IVE,2021-12-01,69,178453,KRA382163861
0xmWQKzc5m9rLv2ucDWxwD,Sign,FLOW,2010-06-16,64,236426,JPKS00902021
7p30D2KjK2XW7YUvI6nH3o,オレンジ,7!!,2011,0,350200,JPU901402557
4A3G4Chh8DTJftwJEf5tOp,Butter-Fly (デジモンアドベンチャー全話OP),Sho Oosawa,2015-05-15,49,257950,JPP751100880
30WNOfFRiqgebO4eRkCii8,GO!!!,FLOW,2004,61,236160,JPKS00400426
0w3rgvi520T6gLn4PQKFrD,"Reflection - From ""Mulan""",LEE SUHYUN,2020-08-31,30,219147,USWD12096208
2V4Fx72svQRxrFvNT1eq5f,THE BADDEST,K/DA,2020-08-27,63,162600,QZH6S1900262
7xm0KJMfeaJQmQdDxAipiY,チキチキバンバン,QUEENDOM,2022-05-20,50,202500,JPB602202365
0CnpSTdL9l5vQM4YnzXtyo,Panorama,IZ*ONE,2020-12-07,64,222853,KRA492001345
1di1C0QI6Y92yZPYn6XYAZ,シルエット,KANA-BOON,2015-01-21,71,240133,JPU901401691
0CZ8lquoTX2Dkg7Ak2inwA,1950,King Princess,2018-02-23,64,225133,USSM11801303
4qu63nuBpdn0qHUHuObEj1,Leave Before You Love Me (with Jonas Brothers),Marshmello,2021-05-21,78,154983,USUG12102313
3Yyj76BeYt3QIffwKpRuKL,Arcade,Duncan Laurence,2020-11-27,56,185146,NL1TK1900001
1SOClUWhOi8vHZYMz3GluK,Infinity,Jaymes Young,2017-06-23,78,237720,USAT21700859
3jjujdWJ72nww5eGnfs2E7,Adore You,Harry Styles,2019-12-13,79,207133,USSM11912588
3Z8FwOEN59mRMxDCtb8N0A,Be Kind (with Halsey),Marshmello,2020-05-01,71,172761,USUG12001567
5PYQUBXc7NYeI1obMKSJK0,Never Really Over,Katy Perry,2019-05-31,65,223523,USUM71901873
44ADyYoY5liaRa3EOAl4uf,Slide Away,Miley Cyrus,2019-08-16,2,233654,USRC11902256
1ZMiCix7XSAbfAJlEZWMCp,Falling,Harry Styles,2019-12-13,79,240133,USSM11912590
2W4yABdLc4Jnds67Poi5Nl,Yellow Hearts,Ant Saunders,2019-06-18,58,223257,QZFYY1901760
4ZtFanR9U6ndgddUvNcjcG,good 4 u,Olivia Rodrigo,2021-05-21,82,178146,USUG12101245
4R2kfaDFhslZEMJqAFNpdd,cardigan,Taylor Swift,2020-07-24,84,239560,USUG12002836
7yBbV2k2S2uhaQc24NF2xt,Stupid Love,Lady Gaga,2020-05-29,66,193533,USUM71917357
2cOUlop2ZakjOKe4WinesN,Slow Hands,Niall Horan,2017-10-20,74,188174,USUG11700631
04TshWXkhV1qkqHzf31Hn6,Lemon,Kenshi Yonezu,2020-08-05,69,255826,JPU901800227
3sFdaHo9D3hfiFt2wVi6a5,M八七,Kenshi Yonezu,2022-05-13,51,263120,JPU902201227
0VbrDDOdxa0GFGeJIBELXY,キセキ,GReeeeN,2020-05-01,0,271160,JPPO00817740
7xbXQeepclfQNqI3mLPb3c,Better Place,Rachel Platten,2016-01-01,54,176386,USSM11507347
5yFSF6qQA1rcLsQRnBsZgb,All Falls Down (feat. Juliander),Alan Walker,2017-10-27,60,199111,NOG841715010
63F1nZaCDBrsph0RbvIbjf,TT feat.佐々木萌 (エドガー・サリヴァン),kobasolo,2019-02-20,0,223560,JPVP01900203
6T7oK4eP3Tezw4Ogy7q6KO,愛你,Cyndi Wang,2004-03-01,55,219626,TWEP10400001
131yybV7A3TmC34a0qE8u8,Tunak Tunak Tun,Daler Mehndi,1998-02-28,56,303133,INM129800401
0mtuqz4rcMYCKjF1cjmlu6,Heartstrings,Jung Yong Hwa,2011-06-29,48,191007,KRA381600541
68HocO7fx9z0MgDU0ZPHro,Every Summertime,NIKI,2021-08-10,74,215686,USUM72114018
3wClfr5M3l64ZldVXcig4g,FIRE BIRD,Roselia,2020-07-15,0,324566,JPR561900005
2ZTCl6wQMDSMfY4s8GHZdj,Butterfly Fly Away,Miley Cyrus,2009-01-01,61,189240,USWD10935875
5A32buYzWvtkJizBkX8OCQ,GAS GAS GAS - EXTENDED MIX,Manuel,2019-06-12,59,261040,ITA870700318
5VDaJPJ2AeqPImMYpsgFvp,R,Roselia,2018-07-25,0,284833,JPR561700324
4USGABOAM5b8pAZ0hpu0UE,Maware! Setsugetsuka,Plazma,2015-08-01,14,247500,JPC231400312
1oJ98m6pEIF50ALDT6e1fk,プライド革命 feat.未来,kobasolo,2019-02-20,0,223573,JPVP01900205
4ILSVVWZH60jy7JjUipmu9,サムライハート(Some Like It Hot ! ! ) feat.未来,kobasolo,2019-02-20,0,192600,JPVP01900206
6CYeJF5E3X4onmaysfms0l,I LOVE YOU feat.有華,kobasolo,2019-02-20,0,314066,JPVP01900207
7oZT940QUKCaK4LRAkvFns,Nippon Manjyuu,LADYBABY,2015-07-29,28,268571,TCJPC1588265
1FSc3Bkvys5sXuB6XHps6U,DAYS of DASH,Konomi Suzuki,2017-12-20,36,250720,JPD731201264
6k0X05danQOXSBTVek5DU1,The Rumbling,SiM,2022-02-07,67,220799,JPPC02210213
03VYHPFa7dQLLcYl6E7RpA,BABY I LOVE U feat.竹内美宥,kobasolo,2019-02-20,0,309146,JPVP01900213
0vSWHKa6tBNP3GgmLPN0Lv,たしかなこと feat.菅野樹梨,kobasolo,2019-02-20,0,298466,JPVP01900214
3d5YjouBb1NxZQySoaVmRx,Blue,kobasolo,2019-07-05,25,281054,TCJPJ1926269
6bpZMLiRQDm2XcjZudu3xV,doomsday,Lizzy McAlpine,2022-04-08,0,268432,GBKPL2168486
0M5magat8i2u407cnflNkV,Games,Tessa Violet,2019-10-25,34,221051,US3DF1996237
4ZueXGvd5X3dwVsw0oimQp,Kill the Switch,Addison Grace,2022-05-06,0,169669,GBKPL2294006
1RMA1Dqo4IbkwBy6iIBFDF,bored&blind,ella jane,2021-09-10,37,221657,US4HB2100275
43QF1Mfip9K5yztw7uvjd8,My Own Person - Acoustic,Ezra Williams,2022-06-08,0,252891,GBKPL2201691
1kKHlRNEXpIkYARjFXGmnm,Blue Hippo,Maya Hawke,2021-12-07,36,199711,USQE92100315
5wH6o90uoZMmTBBVfw68aw,K.L.F.G.,Daniela Andrade,2020-09-17,30,114866,TCAFC2024836
0H2aPW6EdKHfOZ9AzVnod4,Bored,Tessa Violet,2019-10-25,36,183380,USANG1906364
67X4zatMaD9FSLrRXhLm1s,Persephone,Daisy the Great,2021-02-11,37,261680,QMFME2099840
2xceZ7kptr9NC8cRpievSk,Bawa a Sat Sat,Eaint Chit,2017-02-24,0,262906,TCACX1783014
1RvaZJU49z38keGypGGe9J,Kyal Tway Sone Tae Nya,Htoo Eain Thin,2005-01-01,37,255503,MMA031903341
01cuVZlQ0fjxgxy7MwHRru,Everyone I've Never Met,Leith Ross,2020-10-16,42,191353,CANXJ2000001
6nEQeVxSS1nPm0AUlfBYU4,Kitchen Song,Tessa Violet,2022-08-09,24,155080,QMFMF2123640
5vF9iV455PZCytruVJ8qO8,Seasick,Hollie Col,2022-04-15,22,174217,AUJPV2100012
3FMJQgm2EIIaUiQXR3r36y,Hills Of Fire,Sarah Kinsley,2022-04-07,0,233885,GBKPL2288498
4xxW8emZRFfg28Crb3A9Ym,CHASING DAYLIGHT,NOAHFINNCE,2022-06-03,34,163102,USHR22214104
1KcNFFdZFWkh43UpP4CODa,Senandung Pertemanan,The Changcuters,2009-03-23,42,287093,IDAC50900029
46KDhb0puoTbMNui2qNBmj,To Love a Boy,Maya Hawke,2019-08-16,51,137946,QM6P41950219
1ndUYRPchJVNQCM7XwN7Hq,堕天,Creepy Nuts,2022-07-08,56,172948,JPU902202057
10zz9RZt9DnqcxNWksRNrx,怪獣の花唄,Vaundy,2020-05-27,4,224806,JPR652000112
3scQcXcg9nOfWVQDQTeDXF,シャル・ウィ・ダンス?,ReoNa,2022-07-09,40,266906,JPU902202056
364JzOajs76bJymjHm3sVY,ピースサイン - Peace Sign,Kenshi Yonezu,2017-11-01,70,238533,JPU901701672
6E0VYqfPw5SpgNJZ6AglA0,On The Way To Meet You,Able,2022-02-17,19,224007,KRMIM2205213
2j1fFjWHCI9KJSwcuYAOyF,Spring Day,BTS,2017-02-13,72,274097,KRA381700253
0y5iPq7pRaJV8iCGybWebp,Sticker picture,21univ.,2022-07-12,31,188240,KRMIM2239778
4h9wh7iOZ0GGn8QVp4RAOB,I Ain't Worried,OneRepublic,2022-05-13,81,148485,USUM72206227
3TSLqZssCoCdDlMhCJ08XW,Still Life,BIGBANG,2022-04-05,58,188369,KRA402100165
0mBP9X2gPCuapvpZ7TGDk3,Left and Right (Feat. Jung Kook of BTS),Charlie Puth,2022-06-24,71,154486,USAT22205563
7GNRUsU3M4XNDDB9xle5Dz,That That (prod.&feat. SUGA of BTS),PSY,2022-04-29,70,174646,QZEKE2084402
2oBMZYteeO8DyXV9gDx6Za,Feel My Rhythm,Red Velvet,2022-03-21,67,210253,KRA302200057
05STjz8kmPBUebu3uu5sO0,Nest,Lim Young Woong,2022-05-02,50,172280,KSA012157398
7F7s8Hh6h1PgGUyVzpRfDs,Baby I Need You,Joosiq,2022-03-30,45,215400,KRA252200616
7rXcCpIAoOUCydkVDMcoPV,INVU,TAEYEON,2022-02-14,62,204973,KRA302200026
6cqH1q7g5GeRVQVMK1Vc7f,Weekend,TAEYEON,2021-07-06,51,233413,KRA302100230
0QxCpNGS8ZgDAx5aZldkgi,일과 이분의 일,황혜영,2016-06-01,27,237029,KRA341627244
0M4EDkH7RpbKlWwrZ9o17N,Haeyo (2022),#Annyeong,2022-06-07,10,238071,KRB472200975
1E14FuM0BRaHAJSJ9YxMVu,A Psalm of Life,Lim Young Woong,2022-05-02,52,233360,KSA012157402
5quFr5s5PXYfUX5jV2EBZ1,GANADARA (Feat. IU),Jay Park,2022-03-11,57,203727,KRMIM2207303
0U5HgFCn3EJN2zZqI0KGfJ,Tell me you love me,Tophyun,2022-08-07,42,199266,KRA382206572
1oen3GpTcA486fTHaT7neg,FOREVER 1,Girls' Generation,2022-08-05,59,202533,KRA302200135
0tgxvf4rqBBeEB54h0nnRD,If you lovingly call my name,GyeongseoYeji,2021-05-19,47,231338,KRA382103901
0HnOuV8mqOxAhxT6Z2BVco,Fanfare,DAVICHI,2022-05-16,29,209306,KRA492200420
2g0LdZQce9xlcHb1mBJyuz,strawberry moon,IU,2021-10-19,57,205333,KRA382163256
0yfQBmmOIVqiwhV5u10EhN,Love Letter,Lim Young Woong,2022-05-02,51,215040,KSA012157400
10SRMwb9EuVS1K9rYsBfHQ,Yet To Come,BTS,2022-06-10,67,193593,USA2P2226300
6q5qD963d6AuwUF7NAcVhl,dawn call from you,Han Dong Geun,2022-07-31,36,237653,KRA382206519
41HriGdYdajxCJIOMiIBWs,My pleasure Is That You Ride The Bentley,Kim Seungmin,2021-10-19,0,181800,KRMIM2140976
0UnOf7i44YK0ULpkEGHe4R,Dear my X,KyoungSeo,2022-04-24,47,187733,KRA382204714
3FeVmId7tL5YN8B7R3imoM,My Universe,Coldplay,2021-09-24,75,228000,GBAYE2100952
1LklAGxyeK07JYRzw3Vzx9,Thérèse,Maya Hawke,2022-06-29,59,207389,USQE92100340
5HhYHpxwdGTCO5YK7dycoT,My Dearest,supercell,2011-11-23,55,338520,JPSR01102861
1CAhaSy2odeJoPIkFndCIB,星屑ビーナス,Aimer,2012-10-03,52,252226,JPN101200582
2FtpQR45XLE59GgVzRKrEy,Headlights (Acoustic Version),Katja Petri,2015-04-22,25,204406,USE830998500
7DGAPrX9IbVxeReH8d5RiT,Reruns,Hollie Col,2022-04-15,17,214426,AUJPV2100011
1zHmxDTalWGHuQfhabEYhM,What Was Mine,Sarah Kinsley,2022-05-12,0,194639,GBKPL2293979
1MWiZrb1UkZ49GXOtWuku5,Strawberry Blonde,chloe moriondo,2021-05-07,40,227866,USAT22101020
2Tg1cTAuc8TxLm4L4PO0tA,The Cause,Tommy Lefroy,2021-11-17,0,185781,GBKPL2148572
4HffeEF97c6UxNePgbuECW,Pancakes for Dinner,Lizzy McAlpine,2020-08-13,0,235035,GBKPL2001719
50OyIpJglmLyXYzB2KAJ0H,Dips,Daisy the Great,2019-01-18,27,242584,QZ4JJ1983919
3aeifCQm5DWOknKRtkGt8n,Dover Beach Pt. 2,Baby Queen,2021-09-03,21,122480,GBUM72101947
4ECcVxvtmcKyemj7GLu8V0,Smitten,Leanna Firestone,2022-01-13,2,149269,UK6KW2100830
6dOLMdN8ko2euEF6aHsVHP,Panic Attack,Liza Anne,2018-03-09,34,224640,QM7PU1550485
51ZW0OUvhcO0uyXR3E68bh,Cool Girl,dodie,2021-05-07,40,199384,QMBZ92045175
6qtoHId8ZoJ3J5JG6eOqJB,nothing else i could do,ella jane,2021-09-10,51,170000,QZ93L2033810
7sazmTwxeXwxR48U15BopG,5'1,Greta Isaac,2021-09-29,23,178133,NORYA2106010
488BT4GxCDKGqnK77wQWeG,IDKW,Daisy the Great,2019-01-18,25,105897,QZ4JJ1983917
50lUr1G0TYol01m2RlqPzZ,I'd Have to Think About It,Leith Ross,2021-10-08,0,150141,QMFME2134680
4oicjE1qZcs6NpAAQ3QNhC,Internet Religion,Baby Queen,2020-05-29,27,233364,GBUM72002031
5Ga9HA1RoegXoq4TGolIi9,I Wish I Never Met You,Babygirl,2018-08-10,0,211744,USUYG1211997
5UXJzLFdBn6u9FJTCnoHrH,Memories,Conan Gray,2022-06-24,77,248818,USUM72204111
5SWkedKGlTLmjMRvhu0xXX,Google Translate / poppies,Leanna Firestone,2022-02-24,1,263541,UK6KW2200012
3bQFa2vK0P38iUrwYGc3Ul,Getting Used To,Addison Grace,2022-04-27,0,171317,GBKPL2292759
4NC08dzaMf0IgoQ8AjwGHe,Polly Pocket,Daniela Andrade,2019-07-31,21,193733,TCAEH1967974
6hwlAQ9DSZlXOWqdIEtevQ,Time On,ella jane,2022-04-28,16,228823,US4HB2200457
2gKFOjYqtJpSsIXdRxZQfH,Interlude III,Tessa Violet,2019-10-25,28,169723,USANG1906367
6fgjMZJlIACwYqC1b0yyiP,Wish You Were Gay,Claud,2019-06-14,0,191304,QM6N21933243
7iFmqWr2KDvNJt9ZCm7V21,Presumably Dead Arm (617 Sessions),Sidney Gish,2017-10-20,46,214100,QZ9Y21759133
2I8VEot3oo5qaVmCW16qOx,Four Leaf Dream,Matilda Mann,2022-02-25,38,141475,USAR12100272
5xo8RrjJ9CVNrtRg2S3B1R,Motion Sickness,Phoebe Bridgers,2017-09-22,75,229760,USJ5G1714202
1rm9z2o1PgcJHIYL6nx0VG,Great One,Jessie Reyez,2017-04-21,51,169826,CAAHP1600010
1RujvyGPMWFGKAASzXmCpU,Cheap Queen,King Princess,2019-10-25,42,161946,USSM11903351
3wHX2s10YcSPt6ftT9qKwv,stupid games,Mad Tsai,2022-03-10,35,192124,QZDA52249080
26kVXR9aQXzDiKggPGnUQR,What If I Love You,Gatlin,2021-04-08,0,158360,TCAFL2107923
4paRZHI6TDdNVUx3jV2rri,Friday Night Big Screen,girli,2019-04-05,38,209360,GBUM71807930
7GPBA8xjMJyN6SjoKd4O9E,Jackie Onassis,Sammy Rae & The Friends,2020-06-05,49,293142,CAN112000190
49K5DbnLuQ20IzlFe1uEhz,Gambling Addiction,Leanna Firestone,2022-02-10,0,167138,UK6KW2100832
7FQCZ5i5bmQ76LoGHyVcX0,Talk It Up,Sammy Rae & The Friends,2018-07-10,55,238480,TCADR1880703
1xZyqMoN55Rd5WD8cHSva8,You Signed Up For This,Maisie Peters,2021-08-27,45,195133,GBAHS2100353
2tEfW1QMddoTWIIgHtHiPV,all my ghosts,Lizzy McAlpine,2022-04-08,0,197032,GBKPL2278084
53P1pAGKQNXZCb6RaQncFZ,Talking to Myself,Gatlin,2020-08-21,0,231269,QZ93L1970318
3FLJNWLmA54aWQj6FAtFXg,Narcissist,Baby Queen,2021-09-03,25,187746,GBUM72101946
6sOK9LnvTTj4E2ZGzhKTQo,Good Life,Sammy Rae & The Friends,2018-07-10,52,236000,TCADR1880700
17hevWGKvlDV3RMZwoSKmc,Be Your Own Muse,Haley Blais,2020-08-25,34,241653,CANLK2000007
0IkBQt9vSLLwoX0knkusSl,Pessimist,Greta Isaac,2021-01-15,15,192026,NORYA2014020
354WgOJnFIibRLOVwZZaxK,Calling Card,ella jane,2021-10-26,34,192413,US4HB2100370
2OZVUfl8K0Ijw32bUf1fG4,What Do You Want from Me Tonight?,Sidney Gish,2016-12-29,35,133743,QZ4JJ1718039
6dN2mBJ32A7Ron7OJiKbQW,Until the End,Chloe Ament,2022-03-25,37,344448,QZDA42207102
7v8wKvNQQIxkugCFFjrkaO,残響散歌,Aimer,2021-12-06,67,184893,JPU902104729
15ZQD1iYC6kZ0Z07D2aTcT,A Shitty Gay Song About You,Ezra Williams,2018-04-02,0,115657,QM4DW1848918
01K4zKU104LyJ8gMb7227B,Nothing New (feat. Phoebe Bridgers) (Taylor’s Version) (From The Vault),Taylor Swift,2021-11-12,71,258812,USUG12103683
44CPKi7TXPyCJjb2uewt3m,Last Request,Kit Connor,2022-01-01,0,113197,BXVR02216163
7kwTbAGU3Xe3zKPmPth4HP,Living Room Floor,Sammy Rae & The Friends,2020-08-28,38,222865,CAN112000363
0RQoxryvRJZD9CShaRLASb,I'll Call You Mine,girl in red,2021-04-30,0,201945,GBKPL2136772
6akffeWlG2JB4u8AOJ4WRo,.,girl in red,2021-04-30,0,166240,GBKPL2136771
0buA8H0Z5Vj1PupvbsQpev,Over Your Head - SASAMI remix,Orla Gartland,2022-09-07,11,167665,QMBZ92255624
3OKVZxc0bnYfKUEX8Y6uTC,Afterlife - demo,Orla Gartland,2022-09-07,22,83129,QMBZ92255413
1nDl6FtfwUI5LcMCglGiC0,"You're Not Special, Babe - live at Middle Farm studios",Orla Gartland,2022-09-07,14,219736,QMBZ92255434
5XMDQIMAOlvnEm4Db2eecW,Bloodline / Difficult Things - live in Dublin,Orla Gartland,2022-09-07,13,369671,QMBZ92255617
4WWlAdCman93m7W3OVBA7X,More Like You - acoustic,Orla Gartland,2022-09-07,16,237698,QMBZ92255427
4R7m6ZnA6GpuVikRKj2DGY,Thérèse,Maya Hawke,2022-09-23,58,207389,USQE92100340
2pUsVdWX8cCwznDqTKil2G,LAZY,Baby Queen,2022-09-28,28,203341,GBUM72203031
6sZbLJvO0acPJ3Ch48mz08,Hills Of Fire,Sarah Kinsley,2022-06-10,0,233885,GBKPL2288498
2N5dbfSTknkgCplG17LaFm,Fin,Daniela Andrade,2019-10-25,26,159720,TCAEL1990034
6y3vemZ4p8iZQoZ0VRzdws,Waiting for You,The Aces,2018-04-06,42,257015,USP6L1700246
5Q03AJdtfazFoenDKCzVlt,Persephone,Sidney Gish,2017-12-31,35,204480,QZAPG1807822
1PW0MH1EwqC09G0OnnjnT4,Deadwater,Wet,2016-01-29,35,217000,USSM11502289
5D5ohCMxLfZ8Z8VYmoZuMW,Want My Love (Acoustic),Cathedrals,2014-09-03,18,259230,TCABZ1452256
029QbkH9BezM0OumOqjOaQ,February,Matilda Mann,2021-07-30,37,149626,USQX92102358
06QhpFzr6dxaAb8pzjSBtV,I Don’t Wanna Fall in Love,Addison Grace,2022-05-06,0,196457,GBKPL2294005
1S3ZeV4CEdqbzBYwu0pxE7,touch tank,quinnie,2022-08-26,57,179133,USSM12208609
5o9iQVktO08gIlRAHqqxtj,at least i'm pretty,Harriette,2021-04-19,0,106800,FRIDO2110335
6klFWv2xDGeTDoiKTtx4hg,Everyone Adores You (at least I do),Matt Maltese,2021-10-08,71,203133,CAN112100381
0HAqq2GcQKyi3s87GuN7jU,Amoeba,Clairo,2021-07-16,71,228922,USUG12101891
62jc4VA6WPoANaL9Duu8db,Flesh without Blood,Grimes,2015-11-06,54,264523,GBAFL1500147
2Y5AkPcCKN01ck6xDtOnoJ,24 Hours,Sky Ferreira,2013-01-01,41,244133,USUM71306187
0O4sIQ728ugLlwBVaxF8UM,"Kokomo, IN",Japanese Breakfast,2021-06-04,54,218744,USJ5G2022503
5OGPTs1IY8XiBaAhlD67U9,Keep Lying,Donna Missal,2018-09-07,37,216339,USUM71805346
5262v3mX57LyvumGCyuT9w,Face Like Thunder,The Japanese House,2016-11-11,32,237428,GBK3W1600501
0WVOBPRjZ4AAYjZDAw36mE,More,The Greeting Committee,2018-10-26,45,220733,USUM71810680
4CGA5ET2hXeCfzWsMe0I5l,Hills Of Fire,Sarah Kinsley,2022-04-07,33,233885,GBKPL2288498
7nMlhFSw9VphHNEgUec9uy,My Own Person,Ezra Williams,2020-11-19,46,264873,GBKPL2029645
4UCSbPweLRQNfkr5MCRooZ,fever dream,mxmtoon,2020-04-22,50,196480,GBKPL2082105
0dMIDyuC4EjrXxMTGArX4A,Nice,Matilda Mann,2022-04-12,23,195991,USAR12200105
5VDUZPWstPQAyJitGzJRfr,What Was Mine,Sarah Kinsley,2022-05-12,31,194639,GBKPL2293979
3GF4L5PFsYGn880yaS169z,Sweet Tooth,Maya Hawke,2022-09-23,38,221082,USQE92100336
3rPtS4nfpy7PsARctAWpzd,Best Friend,Rex Orange County,2017-01-25,74,262231,US23A1500387
04OSnqlwlBJMvidYccraVz,girls,girl in red,2018-06-08,70,198400,GBLFP1858237
2u7FeM2zw7BZx6htlSCVNH,The Cause,Tommy Lefroy,2021-11-17,39,185781,GBKPL2148572
7cA93NpGWT5pgyxNtsszSR,A Shitty Gay Song About You,Ezra Williams,2018-04-02,44,115657,QM4DW1848918
46BHP7nFOrGQPLW8mCxzZr,all my ghosts,Lizzy McAlpine,2022-04-08,54,197032,GBKPL2278084
12l2XM75QCGVCXM37Ktxzs,I Wish I Never Met You,Babygirl,2018-08-10,51,211744,USUYG1211997
6rYgEHuyhO064Lgj48qlIe,I'll Call You Mine,girl in red,2021-04-30,63,201945,GBKPL2136772
1WThEmIxSyaqG6fVsyCmcL,Pancakes for Dinner,Lizzy McAlpine,2020-08-13,60,235035,GBKPL2001719
5jgSrGvhtJ2aaLoYXGmwOC,I Don’t Wanna Fall in Love,Addison Grace,2022-05-06,21,196457,GBKPL2294005
2nUwIqNF0R5v1lurmP1Irj,Tremolo,Chilli Beans.,2022-07-13,43,187947,JPB602201149
3Rq0tTn84Pf3iHuJVhzyeR,Kill the Switch,Addison Grace,2022-05-06,23,169669,GBKPL2294006
0i5y7zmiTw2pUGLsYibND1,Paramaniac,Abby Roberts,2022-06-10,23,180563,USA2P2161530
3nBTnvd4ixKFKtawWCVwSS,マイボーイ,Chilli Beans.,2022-07-13,26,246294,JPB602201970
5HFzAeZkaTDBhlaqwcRmeL,Lonely Bones,dodie,2022-09-30,38,184532,GBARL2201767
71kcVvSxf0QVp2uto4EsHn,No Big Deal (I Love You),dodie,2022-09-30,36,195081,GBCEN2200125
0Whu2R5Zja643cLaFBfnEZ,Hot Mess,dodie,2022-09-30,32,174558,GBCEN2200124
3sTZqO3R6OT1SSScoaL1U6,Got Weird,dodie,2022-09-30,32,202435,QM6N22282249
31KdcBVHKmbHLbyb0EhqFC,in the bed (demo),dodie,2021-05-07,29,144074,QMBZ92061360
7o8vTKpUe6GvlssjGhZk7d,Human,dodie,2019-01-18,44,202721,QM6N21808967
71SidvkT6LCBHRZI858TsQ,Absolutely Smitten,dodie,2016-11-18,44,181000,GBLFP1637781
73yR3kAdE531RRYUdFLWad,Boys Like You,dodie,2019-09-27,36,180825,QM7281952064
6eBdMbdHaDZnhSdaspgS8D,.,dodie,2021-05-07,30,83264,QMBZ92061350
5IWbVSHXMJzuHE7PoZdu7f,bite back (demo),dodie,2021-05-07,29,180366,QMBZ92061355
1U0nWcWMR1gyHEHBvx5YpW,You,dodie,2017-08-11,38,170975,GBLFP1744739
51z8j9rLSj0p5mikST2BCA,Life Lesson,dodie,2016-11-18,1,22000,GBLFP1637786
7ilxwPIQLBWPIQa1gxYow6,Four Tequilas Down,dodie,2021-05-07,34,142150,QMBZ92061361
3MOcjyHSgktK1iOILE0UJD,Guiltless (Bonus),dodie,2021-05-07,33,209647,QM6MZ1963635
1xzIv4LPe57Lgz3ELDOdBE,Ready Now,dodie,2019-04-19,51,181969,GBARL1900176
72nforC2yiPwMXSsExSNnK,all my daughters (demo),dodie,2021-05-07,29,190824,QMBZ92061352
5op5f1pZvU7Vj0KDSYSYdK,Hate Myself (Voice Memo),dodie,2021-02-26,19,208657,QM4TW2184252
3qFp7WxvzHbJV6q03GBHYJ,bored like me (demo),dodie,2021-05-07,30,122057,QMBZ92061356
3BEbE3VLuHWyq7lspx35GF,"one last time, please (demo)",dodie,2021-05-07,30,163539,QMBZ92061366
1UBe9K7MECJJOYd20nwhpl,Guiltless,dodie,2019-05-27,34,208033,QM6MZ1963635
1Cxx2ec6iADMThJFeKSOzl,All I Do Is Dream of You,Faultline,2018-07-01,30,162046,GBKPL1813867
025UUQA6NowbZynZU3Hv0u,I Have A Hole In My Tooth (And My Dentist is Shut),dodie,2016-11-18,25,40000,GBLFP1637785
1shFuXMd9yPSIDrpeb660U,don't quite belong (demo),dodie,2021-05-07,29,205873,QMBZ92061359
0C1J9WEWIskxtqN9nTpl44,let go (demo),dodie,2021-05-07,30,161288,QMBZ92061365
6CT9rlhE55gX3MaDznjWt7,Boys Like You (Bonus),dodie,2021-05-07,33,180863,QM7281952064
0nVv9l68N2NtQSyxtTxHvy,Sorry,dodie,2021-05-07,33,165619,QMBZ92061368
7a9udNo0GU97xnMAkjLdmE,Sick of Losing Soulmates,dodie,2016-11-18,39,267300,GBLFP1637782
0Z56w8TQFrbakG2EYNGFk2,Before the Line,dodie,2021-05-07,32,216601,QMBZ92061354
3AlbodF0tKd4Pzhm2wbZdU,Shotgun,Pomplamoose,2019-02-22,37,175932,QZ22B2071622
7oIGWbgAbukbtTIdxnlIwd,Breakup Mashup,Pomplamoose,2020-05-05,34,174352,QZ22B2061453
0AjcdGri5vhJsmZnduCEqd,October Passed Me By,girl in red,2022-10-14,65,165746,USSM12209546
5JJPfHpByZ66XsEyCNVi2p,Krystal,Matt Maltese,2020-11-20,63,220244,QMBZ91908391
161iaO13CvAJ3IZC2EtAEQ,When,dodie,2021-05-07,42,223108,QMBZ92061370
0zLnAV1lYEhVnKk3ITmCym,Apple Pie,Lizzy McAlpine,2020-08-13,58,259165,GBKPL1972264
5Uro6tis4oexrT4Po1q71H,Love Flew Away,Laufey,2021-10-07,60,147346,TCAFU2116539
6adAK9A3HRPGTKAYs6zbIQ,Slide,Frankie Cosmos,2021-10-13,0,60905,QZAZS2107813
7uo2L5FAja3pWIBa3HJVeC,could you love me while i hate myself,Zeph,2021-10-15,60,60333,QM24S2106218
4UGvqm3e7UElrrriPtnhwz,Habits,Genevieve Stokes,2022-08-12,0,136733,USAT22210856
4KLZOU5V5XuEkvytSgyW6u,Slow Down,Laufey,2022-10-14,62,145093,GBKPL2215406
1hUXDEqjNIIbfjTcaz3jzb,Like the Movies,Laufey,2021-04-30,69,162758,TCAFJ2195573
47IAJLkYhZag79yvXmT6Lt,Not What I Meant (feat. Lewis Watson),dodie,2019-01-18,37,143290,QM6N21808970
3uYxmgnOA9lJYAsHyEbbWA,Intertwined,dodie,2016-11-18,40,191100,GBLFP1637783
5CqXrqDRXfF5jNVwT0nmPF,When - Live,dodie,2016-11-18,33,195000,GBLFP1637784
4ILUKveMdxak81RIB0iyhH,Hate Myself,dodie,2021-05-07,39,208092,QMBZ92061363
49TDjRAG3v2MViatvPqDBZ,Souvenirs,Orla Gartland,2015-01-18,22,237002,GBKPL1416560
4gMWrJ20uEwMHGu1OReCBj,Whispers,Orla Gartland,2015-01-18,20,223257,GBKPL1416561
7N2PRq96UsOxI3ItwnrJDx,Get Back,Orla Gartland,2015-01-18,21,188108,GBKPL1416562
5JbboJ0g2y6hOcszKoLTMC,Lonely People,Orla Gartland,2015-01-18,28,189500,GBKPL1416559
5K2cBicu96Pf4mrBv3Jojk,If I'm Being Honest,dodie,2019-01-18,41,279324,QM6N21808968
7b87wnvA8DAdHae3UK38Az,6/10,dodie,2017-08-11,34,185487,GBLFP1744548
5bbDtmnf1oOe5MSRFoL4e8,anything (demo),dodie,2021-05-07,29,151910,QMBZ92061353
6BBfG9FiwJhRVMCd9IYl6c,In The Middle,dodie,2017-08-11,43,181632,GBLFP1744737
2Uk0aFqYCtecHL5MCq2we0,Secret For The Mad,dodie,2017-08-11,43,197278,GBLFP1744740
2YIsnl3xxvV34QgnT9HLCY,Special Girl,dodie,2021-05-07,35,193423,QMBZ92061369
5zHLswJplBXyPstFSSMIOH,I Wish You Love,Laufey,2021-04-30,71,155138,TCAFJ2195578
608wYP5XWenLz8cOSYjX7X,Fragile,Laufey,2022-08-26,68,241080,GBKPL2298384
3pDABAV7jMu9bFC2HHv2RT,Hate Myself - Georgia Remix,dodie,2021-03-12,18,240869,QM4TX2107917
60CueJX9vAclyPm2229I2d,Air So Sweet,dodie,2021-05-07,43,65300,QMBZ92061351
4CUS2wpysR01dYz7uiRD5d,Rainbow,dodie,2021-05-07,35,166876,QMBZ92061367
5hC3I8u2OyE8AR0Y6pRBpa,?,dodie,2021-05-07,36,72035,QMBZ92061349
3UCOHhnYLVw2ODokTTtaka,Party Tattoos,dodie,2018-01-01,37,217700,GBLFP1797931
7KHT9zexpmqYyxQVLJ5uts,Instrumental,dodie,2017-08-11,34,50340,GBLFP1744738
6AURpqbH7V45OwiyQBkgpW,Arms Unfolding,dodie,2019-01-18,38,95764,QM6N21808965
2KQlkzT8Gg1lFDU0y5TYeK,Here Comes The Sun (feat. dodie),Jacob Collier,2019-04-26,32,238360,GBUM71901393
1QASQkmXvZaFCTVaRVQVqq,Encore,Adiescar Chase,2022-04-22,30,57360,QZ8BZ2200690
1PGWpuVwieQi17naDqXGmj,Afterglow,Us The Duo,2021-04-09,0,182779,GBKPL2143082
7b7erRIo4wh1wd2ua0jO7O,Kiss,Adiescar Chase,2022-04-22,34,125080,QZ8BZ2200679
5vaQ0fdW1o39wGP43osjJO,Déjà Vu,Adiescar Chase,2022-04-22,28,57120,QZ8BZ2200667
2EU3BEzi3EM4tW0wMKR0og,Doors,Us The Duo,2021-04-09,0,233283,GBKPL2145473
6TcxxINfeaBEQ35sHMldTD,Dreams Tonite,Alvvays,2017-09-08,59,196026,US3R41733402
4GtkO065k7XSNJ9OQcnBHW,drivers license,Us The Duo,2021-04-09,11,228693,GBKPL2141731
1tnENCXJOJHAJCbWoOqDT0,FFVII REMAKE: ジェシーのテーマ (Jessie's Theme),Masashi Hamauzu,2020-05-27,37,147906,JPA842002069
03ZCgH5euW38w9zAfxJdxk,FFVII REMAKE: エアリスとマリン -いいにおい- (Aerith and Marlene - A Familiar Flower),Nobuo Uematsu,2020-05-27,27,120453,JPA842002150
1iHajyLGW5ZWx286dy9Lqx,FFVII REMAKE: 片翼の天使 -再生- (One-Winged Angel - Rebirth),Nobuo Uematsu,2020-05-27,43,619066,JPA842002188
0tz8z6oWQwJLmeTYHgwDH6,FFVII REMAKE: ウォール・マーケット -欲望の街- (Wall Market - The Town That Never Sleeps),鈴木 光人,2020-05-27,25,125466,JPA842002107
34w7VjeAIbFIqH7HpSdjMx,FFVII REMAKE: ウォール・マーケット -マダム・マム- (Wall Market - Madam M),鈴木 光人,2020-05-27,20,127200,JPA842002109
6AANKZW6q5hHy1Hm6U0aYr,FFVII REMAKE: 虐げられた民衆 -ベグ盗賊団- (The Oppressed - Beck's Badasses),Nobuo Uematsu,2020-05-27,24,196093,JPA842002105
7IIla7luNVBvMyb7vNLDri,FFVII REMAKE: クラッシュボックス (Whack-a-Box),石川 大樹,2020-05-27,25,112160,JPA842002101
4I4FvUjIimxJOUS7mJHQ4b,FFVII REMAKE: エアリスのテーマ -ただいま- (Aerith's Theme - Home Again),Nobuo Uematsu,2020-05-27,41,255826,JPA842002098
2oYjAeSVigwvAvARdDUhQX,FFVII REMAKE: 約束の地 -巡る命- (The Promised Land - Cycle of Souls),Nobuo Uematsu,2020-05-27,30,171840,JPA842002046
5CRWQVCOyrRhqVnewCpHNz,FFVII REMAKE: 月夜の大泥棒 (Moonlight Thievery),Masashi Hamauzu,2020-05-27,27,266733,JPA842002070
3KiJKit532X9iNwdUvAWSB,"FFVII REMAKE: 給水塔の約束 (A Tower, a Promise)",Nobuo Uematsu,2020-05-27,30,159840,JPA842002071
4emMYOnNkxIKekiGmmcOuT,FFVII REMAKE: 七六分室陽動作戦 (S7-6 Annex Diversion),中村佳紀,2020-05-27,28,400640,JPA842002072
50mZVJXbZWoJzlzaHvt9Bi,FFVII REMAKE: タークスのテーマ (The Turks' Theme),Nobuo Uematsu,2020-05-27,24,145346,JPA842002093
5qijmwAZOkz18fJ1Wu5mY1,My Vine,Wasia Project,2022-12-09,42,188081,QMDA72270848
41P6Tnd8KIHqON0QIydx6a,the perfect pair,beabadoobee,2022-07-15,79,177533,GBK3W2202093
429NtPmr12aypzFH3FkN9l,Coffee,beabadoobee,2017-11-04,69,126824,GBK3W1800819
1NaDK3atogQEn9glK5fYuy,Cologne,beabadoobee,2021-06-23,66,164690,GBK3W2101743
4yc69QtlnLzjcYSMPOtrEo,Last Day On Earth,beabadoobee,2021-03-24,51,222357,GBK3W2101665
12UQIJePnGeLmpVReYpG2w,Sunny day,beabadoobee,2022-07-15,65,160493,GBK3W2202090
3s9eWdn8IymCPvVLcKpjww,The Moon Song,beabadoobee,2017-11-06,60,141040,GBK3W1900970
4tf04WrZTy60CawyvueIdK,Talk,beabadoobee,2022-07-15,61,158293,GBK3W2202095
75OhTv1RJMPexLg53wAfXj,fall in love with a girl (feat. Beabadoobee),Cavetown,2022-06-10,24,190853,USWB12200067
0Roz3ERK1OvRrqSxpt201d,Never Been Better (feat. Orla Gartland),half•alive,2022-12-02,42,188320,USRC12203599
3bq7dXN7arTdaq8mmKXxob,Love to Keep Me Warm,Laufey,2021-12-03,54,158133,GBKPL2174394
7yoNS78wCq61PqbfBggqzo,Burning Eyes R Calling,Wasia Project,2020-04-28,40,313539,QZES62072750
4sgCWOg4wxhkyutaTXMOmr,Why Don't U Love Me,Wasia Project,2019-10-27,36,159010,QZHN91932569
2K2EtjQhdYijLLBNsFyFRO,Time To Rest Your Weary Head,Jacob Collier,2019-07-19,35,369426,GBUM71903195
1PdjkRRHCrq2oHIkUvqboG,Beautiful People,Pomplamoose,2019-08-09,20,196182,QZGWW1949587
4fUzp2GOfl5Cxfa4iB5H3o,Fair,The Amazing Devil,2020-03-27,44,377719,UK6822000806
0zHgtaaO1T7AQh4TA9AK1b,Ramblings of a Lunatic,Bears In Trees,2020-06-05,46,212013,SE6A91907245
3ehrCQoouv7NW8LRgcMvRF,is your bedroom ceiling bored? (feat. Cavetown),Sody,2020-07-29,47,207509,GBARL2000792
2FM1hihChwfxBkHYHXZJfT,Mothers and Fathers,Dom Fera,2019-05-31,36,224026,TCAEG1922828
7lMzNAybmy1UNPsgflbVcE,Words Ain't Enough,Tessa Violet,2020-10-16,30,124415,QM7282039902
3pkAcYDl0MQPCuC89mmmZn,Least Favorite Only Child,Leanna Firestone,2021-03-05,2,249333,UK6KW2100083
7KVA9XflawdJaRBd1XYkJu,Hug All Ur Friends,Cavetown,2019-04-12,53,335101,USCGJ1922691
6Jv1SvpKQvhLQJv57TlOr3,creature - w/ Orchestra,half•alive,2020-05-01,32,339653,USRC12001164
19SCfxb72yHgB5wS21Bvdl,The Truth,36 Questions,2021-09-05,30,265608,TCADF1709413
72Q3BQhu0w6A81ouAUp7UL,Raining in June,Olive Klug,2021-08-28,48,166138,QZK6G2168092
0c0vb1jBQTxvtGRt9RKZnE,Rainbow Connection,Pomplamoose,2019-10-29,27,200571,QZGWW1987291
64JUnQuiwGZZCs1LSkOevr,Partners in Crime,FINNEAS,2019-10-04,4,223283,GBKPL1967674
6BzQnbYMiASXdwTerVH3zy,The Sun Is In Your Eyes - Voice Memo,Jacob Collier,2021-01-01,47,111875,GBUM72006837
0cBOKT2kY63pwEou1uYNSn,can i sleep in ur bed,Elliot Lee,2021-02-26,16,135693,QZ47A2000107
1eT1XL1oIeRzGlFdcjQjUG,Backup Plan,Maya Hawke,2022-09-23,37,197469,USQE92100333
64n8uu5XwpRSmkjebQxr4i,Not Forever After,Olive Klug,2021-03-18,26,219142,QZDA62155414
19csz9Q9c4X2AGSJ1Bg5Wl,Forever Endeavor,The Altogether,2018-12-18,25,282981,QZES91843896
6huaXgODnR4m9rfVhGqsGf,Allie,NoSo,2018-01-24,29,205500,uscgh1816326
6WrV6G0sfh86sZVwSLGUh3,U Deserve,Wasia Project,2020-10-04,41,218383,QZMEM2061596
37hblhCnC5YzhDQH58Rgpi,Boy Who Has Everything,Annika Bennett,2018-09-28,33,186290,TCADU1889198
7ovQIyGcfqymJ0OjcyA03O,Welcome to Eden,Samia,2017-12-08,27,216919,SEYOK1711220
5adzIabCPaftJKPRUD5Buo,Midnights in October (Shannon's Song),Dom Fera,2020-11-17,31,213574,TCAFF2067390
1UOgQpv8Ofd3OtlmpCjmTM,Wish You Were Gay,Claud,2019-10-25,44,191306,QM6N21933243
0B3ap3ozTb7EwkuB8QmaRD,Let Yourself Go,Haley Blais,2018-04-07,20,123636,uscgh1871114
0R5vO904RzxDJ30yZaspQD,Magnolia,Laufey,2021-04-30,67,180301,TCAFJ2195567
3ZTKaXo6FFS3IteHAe9KFC,Good Lie,Sammy Copley,2019-10-13,24,182149,QZHN71998900
1yYlpGuBiRRf33e1gY61bN,Night Shift,Lucy Dacus,2018-03-02,66,391829,USMTD1810669
0lmD1BL8DCjwdX8ALat1A9,Monster (feat. King Princess),Adventure Time,2020-12-04,38,170918,USNLR2001643
2UzNrlJnzS5N0PDz2n2kwu,You're So Fucking Pretty,The Regrettes,2022-04-08,38,229960,USWB12105142
6IGejZNdxjCsWQumaHD6LE,Bookstore Girl,Charlie Burg,2018-07-20,0,203076,QM4DW1850623
0b37r8i1Mkcu3ICfjCvfpQ,In Blue,Declan McKenna,2019-04-19,37,294021,GBARL1900088
07c66SO9kYqa5GSmvLsQZy,Smoke Signals (feat. Tessa Violet),Cavetown,2020-07-10,47,208966,USWB12001899
3v64IAj0C9myTAtDsUAqR3,The Things We Used to Share,Thomas Sanders,2017-07-27,38,203582,UST8K1799857
4EbCtk4hCp05JHpltj21se,Icarus,Emma Blackery,2018-08-31,29,215560,QM4TX1811987
6YfjCMHQ0GWCcMtelpKVQB,Self Help,Olive Klug,2022-02-04,30,222264,QZFZ22211539
4kpiX6mbvMCyxWNLjvD1ds,Knievel,Tommy Lefroy,2021-11-17,29,182408,GBKPL2160207
3erMpGAv6cGCEcYcaE19p1,Pumpkin,The Regrettes,2019-08-09,50,207774,USWB11900393
35z474FlwP73zQkK4KtsYv,Sophie,The Altogether,2018-01-22,35,247420,TCADL1805371
4gyCAjlJc23N510msOtq3U,Drinking Song for the Socially Anxious,The Amazing Devil,2021-11-10,43,336733,UK6822000812
1EO9dn7V0ufwPHJngZThO5,Strawberry Blond,Mitski,2013-08-01,68,114277,USHM81309668
6owLSHQ9u2jU9CRidHyA9B,All of Them Dreams,Tom Rosenthal,2018-10-26,33,176981,GBVHN1800016
6wpUNL6pvnzjehb8Az0jmt,Thinking About,Lauren Aquilina,2016-08-26,21,237338,GBUM71603397
56Zg8JGBxCl3dvnsFLE0W7,Company,Daisy the Great,2019-01-18,21,224051,QZB4J1843509
2IpGJch14myWAYb96GBwP3,Vampires,Tommy Lefroy,2021-11-17,37,195222,GBKPL2167892
54HMQ6LzInyFQaxv6sK2TG,Games,Tessa Violet,2021-04-08,36,209748,QMFMF2028513
161STYXzOpKwC0lA1IWE3V,Sappho,delian,2021-07-22,28,229288,CAGOO2101105
0gaUOgWe68la9RduWqKfp5,Honeysuckle,Addison Grace,2021-01-29,32,223962,QZNWP2150002
4dGnpJ5yBcVL81YqMPi0ml,Traveling Song,Ryn Weaver,2015-08-28,27,194133,USUM71502421
4p6IFaIofYYRHrJlLq8MyY,Tobacco In My Sheets,Lauren Aquilina,2020-11-13,22,201653,GBKPL1940362
3zu5d92NtH00nhxqa5DrFJ,Suneater,Leanna Firestone,2021-01-29,2,239203,UK6KW2100064
2777kkjeNyES80p6lWHCtO,Novels,Rusty Clanton,2016-10-28,0,352079,USE831597652
0AwmMHWOVftwCi5hkcNQ5z,Everything I Know About Love,Laufey,2022-08-26,56,209706,GBKPL2290699
7oiXB78dXQN3gQ3wFXFNdy,Growing Pains,Sammy Copley,2021-01-29,23,255076,QZPLR2024518
6I3utvvEczPuCthYCHtoUn,Envy Green,The Arcadian Wild,2017-02-24,37,264062,TCACX1733685
6wKeiw7N5DVCX4QvlVZ33j,Northern Towns,Tommy Lefroy,2021-02-18,31,176328,TCAFK2101474
5ooBw9y6oYf1a3iiaHycnr,It Gets Better,Bears In Trees,2020-12-11,29,205373,SE5752035985
1oMXwwZDsuGyWniSRc9lI3,Misfit Biscuit,Wasia Project,2020-11-13,42,197532,QZNWS2070402
1B75hgRqe7A4fwee3g3Wmu,U Can't Touch This,MC Hammer,1990-02-20,72,257359,USCA29000294
3u5N55tHf7hXATSQrjBh2q,"Freed From Desire - prod. Molella, Phil Jay",Gala,1997-11-17,77,213394,ITA179700143
21qnJAMtzC6S5SESuqQLEK,Pump Up The Jam,Technotronic,1989-11-28,69,320306,BED018901375
1IWzfq3sLedGQ3fb2hAMBA,Rhythm Is A Dancer,SNAP!,1992-01-01,4,332229,DET189200600
1G88BbuMts7HC0nHGoHmhv,Here Comes the Hotstepper,iNi Kamoze,2007-12-28,55,247466,USSM19802296
4E7gBwAIuKqyd16eHwY1gF,why don't u love me? - re-recorded,Wasia Project,2022-05-10,44,216612,QZHN92213119
1Jt24MPLz6fGXSCTlXTjzF,ur so pretty,Wasia Project,2022-05-10,68,132000,QZHN92213120
6FDzlEOK29XWew1qfnGhaU,impossible,Wasia Project,2022-05-10,50,269500,QZHN92213121
0UAEHlFR79k9CJvknSGUNf,Pump Up The Jam - Edit,Technotronic,2011-01-01,67,215040,BEUM70800466
4TKxkBv9vy8MgvHUUFVbH0,how can i pretend? - Demo,Wasia Project,2022-05-10,45,84624,QZHN92213122
1LwwYjfoClXVx4lJAngPpp,i'll never fall in love with myself (demo),Zeph,2020-11-13,0,107344,NLRD52017172
4WjxtORnwPavm5PDsAWJEc,doomsday,Lizzy McAlpine,2022-04-08,68,268432,GBKPL2168486
3YyASDEwePUZaPcgCjGOoV,Give Me A Minute,Lizzy McAlpine,2020-08-13,53,157493,GBKPL2015627
1IbgYIuVwJsibCcT5GFYHy,"Wasteland, Baby!",Hozier,2019-03-01,54,266466,IEACJ1800136
3sWgoaftdzDcdwfHT6404A,Manta Rays,chloe moriondo,2021-05-07,46,211826,USAT22003184
6jJm5ar849nIzCIcM403ok,Grilled Cheese,Peach Face,2018-12-23,33,271666,TCAEA1817895
30bqNfOgcJOw2EWJJl1w5J,Soft Spot,Claud,2021-02-12,47,188097,USJ5G2000103
1LIaXS82jVxkZQdXbfM5QH,Astronaut Kids,Hotel Fiction,2021-08-27,25,280322,USHM81967429
3RHjuwj0i2414K3ksHCR7Z,His Hands,Blegh,2019-07-11,33,337108,QZFYZ1996773
6HGDxEtcoUsztb2xeVOXTP,arrow,half•alive,2019-08-09,49,222706,USRC11803910
5hw0hFgKOgjJGey78ur2q2,Precooked Rice (blurry illusions),Olive Klug,2021-06-18,30,248513,QZHNC2102755
3BmaFHt6q91CmMrA7fLLRC,Petals on the Moon,Wasia Project,2023-02-10,56,256945,QM4TW2321979
3HSIgdZZJGHBV3F3kradtG,Nobody (feat. dodie),half•alive,2023-02-23,43,206640,USRC12300273
2t50E33ufUVsSBDTxycsVZ,If I Were You,Claud,2019-04-11,37,171000,TCAEE1911135
790UWBpwxpclvfN5ARgVRq,Closure,Leanna Firestone,2021-04-02,0,191051,UK6KW2100129
2tcdLQcDX7J0ae9j80LmHT,The Sky,Maddy Estelle,2018-05-19,28,204708,TCADQ1860896
2F37All4Cmeteqm0aTc1gC,FU,Greta Isaac,2021-04-09,22,173866,NORYA2014060
5UxLi0jjQEVQBiikudM6SI,Lines,Eloise,2021-06-18,31,195626,GBKPL2147586
6hXtw6QVSVEWbMb15YrUHI,messy,emily the band,2019-09-13,21,254119,SE6HN1995968
7g3MdW9vvunaniaNq4C8Fe,Constellations,The Oh Hellos,2017-12-08,55,227910,TCADI1729496
76wBbFWkMlz8V5MmDFqcUL,The Box,Sammy Rae & The Friends,2019-06-14,32,261095,TCAEG1976447
0eYSzApMKixJLlYPnk3gBW,Christine,Lucy Dacus,2021-06-25,46,153504,USMTD2100003
1yNylaCqr4SbSUcgvStBGJ,Just Like Chet,Laufey,2022-08-26,53,216453,GBKPL2298395
5GYltgYEZu2dKnBjSTrCA3,escalate,Aimer,2023-01-08,45,242341,JPU902204961
1n1y2kFPISpF9WGD3JaFo5,Suzume,RADWIMPS,2022-11-10,66,238560,JPV972200075
2zA8ieFjvQNetHoSnXCYyb,祈,Masatoshi Ono,2023-01-26,27,280104,JPWP02300008
5DGgATX8r6d53OU6eT0Dzt,Don't Lose Sight (Acoustic),Lawrence,2022-05-05,36,406186,QM24S2201758
5PEIORAOmwjDV7OYzxHsvd,Don't Lose Sight,Lawrence,2021-07-23,50,208066,QM24S2102618
3ySHBNJhfETHFE1OAYFCbR,Stray Italian Greyhound,Vienna Teng,2009-01-01,31,246413,USZO10912507
2PfkfkaO9okAk0OxC4ggy5,Green,Cavetown,2018-01-01,51,270429,USCGH1805101
0p7LqvPd3sMXbgHLcvFXbw,Birds (feat. Terrence Williams Jr),Thomas Sanders,2016-11-18,0,209068,TCACS1650454
0bhSjtBXV9P9eMfYwxuaEG,Never-Ending Summer,Wes Reeve,2019-08-30,40,219277,GBKPL1963227
1EGcSmc5XMKfbiHV6MruqA,You Are Not My Friend,Tessa Violet,2023-03-21,24,200031,QM4TW2391318
1B4XVCWbQcMQ1wFMLrjjOz,almost home,mxmtoon,2020-04-22,41,208813,GBKPL2095659
1pu4luiWwVAcJRoCuqJfWg,God in Jeans,Ryan Beatty,2018-07-20,38,172210,USUG11800923
1rY7zvbYYWaj1OVa3YlwLv,Poetry by Dead Men,Sara Bareilles,2019-05-10,36,228349,USSM11809227
1LhCEGscbx07mgfOUZVsZm,Dying Is a Beautiful Thing to Do,EASHA,2020-12-19,35,185250,TCAFH2017708
0dmCos7GHCr5PRKp5LNGH7,The Feeling,Sammy Rae & The Friends,2018-07-10,50,236213,TCADR1880698
799NMsaFBhEbMBqcKNiGJF,a boy named pluto,Hailey Knox,2020-10-16,0,201470,QMRSZ2002326
4bQaYjJTtUC1tNlZGDwENU,Above The Chinese Restaurant,Laufey,2022-08-26,54,223173,GBKPL2298391
47a7Hn4fFE4mHgVJF19CO1,No Choir,Florence + The Machine,2018-06-29,47,149120,GBUM71800815
1GvVJhnGkvXUFm5HxOFL61,Pink Lemonade,YVA,2019-01-11,29,230000,GBKPL1830391
5ENxp5q4EMJz8y4WzKToIB,Chai Tea,audrey,2019-11-23,38,263155,usl4q1954848
3n1pmUGThzVOiLy59x5oDU,California,Chappell Roan,2020-05-29,46,198089,USAT22002977
1Qa3PkJ1nUAM1C0ndrfPe8,Everybody Gets a Kitten,jeremy messersmith,2017-04-14,25,119546,USYAH1700040
6rikEM69mB0exCyb5JRbNE,Signal,tinyumbrellas,2021-02-05,18,221325,QZFYZ2169144
2MtAUH5s7oPwlSXPfFga8N,In My Apartment,Philip Labes,2022-07-22,28,214357,QZHN82151001
0dBen9t5Y6kidTdm1NHp8P,Last Kisses,Daisy the Great,2019-01-18,17,143194,QZ4JJ1983918
0KcPHHuxBuzkqGMbHrOM4Q,Marbles,The Amazing Devil,2020-03-27,39,375907,UK6822000808
5ld2XV6cdQDmcvJ7m5TtvY,Just Fucking Let Me Love You,Lowen,2020-02-14,37,218461,TCAEQ2011729
2mLlXlE25GVm9i74gbOR8Q,Drive Slow,ADDIE,2018-10-03,27,370802,UST8K1862692
6TpdOnXKzbzalL98a4MmXx,Coffee Baby,Nataly Dawn,2019-08-06,29,187046,QZ22B2071713
7pgONibC0NDQ5AQLcR29eS,A Very Musical Meltdown,Reb Day,2018-04-28,20,194750,QZCE61870072
1dSb1EzHs0PMkTBmaXoYNZ,That's Mr. Bitch To You ft. Melanie Faye,Claud,2021-02-12,20,142151,USJ5G2000110
5sPihZcWpkBzPjC6wW77xP,I Was an Island,John-Allison Weiss,2013-04-16,37,167026,USZZ81310032
3zBCnR97ZgU7oIwCjICOb1,Songbirds,Ben Thornewill,2021-06-18,33,230104,USHM91935786
53KWkwzQq47p13swqiLAMI,Love Me Anyway,Chappell Roan,2020-05-01,73,233325,USAT22002203
07HLUUCUUqcbEhw5pcacy7,Stuck in Your Head,Calista Garcia,2019-04-05,27,179407,usdy41905543
6zjzo6BRdYdOmALwt6TauD,See the Day,The Altogether,2020-07-31,34,187867,QZHNB2092078
4hrVpGTKbIs4HewdsyETda,I Knew You Once,Hollie Allen,2018-10-20,27,70138,QZES51884836
1esP5omqKDAlIaUxu4hMm5,Toys,Sophia Anne Caruso,2020-05-22,17,193740,usdy42070474
6Fvte9n3r2EZLG9uoSpjdl,Novels,Rusty Clanton,2016-10-28,37,352079,USE831597652
7gQzjoqnNUZ6NQXJXthzsa,365 Days,Melanie Baker,2016-11-25,0,204000,GBMJG1613881
6eJaTm3sfYirbFpibBhnRO,No Hard Feelings,Wolf Alice,2021-06-04,50,155007,GBK3W2001637
1trLEhC9nDvvj36MfnlwcJ,Someone New,Laufey,2020-05-25,59,198000,QZES82025385
1j800qQ0uge8cVdw9BQ3dp,Desert Song,säje,2020-05-29,34,235474,QZHN32076104
3XlMpNZyNcqH7GxJw0NWH9,the sky looked nice today,Lexie Carroll,2022-04-29,30,199800,GX5J22100005
0zYP35FfMItfaP6c9gcQZB,Way Back Into Love,Hugh Grant,2006-02-13,58,277853,USAT20700317
193Dm5SqYy3hTSbuzxbwKc,Writer In The Dark,Lorde,2017-06-16,61,216610,NZUM71700070
3EL5qpV96RVFOOd6D54d8u,Earl Grey Tea,Griff,2021-06-18,43,167365,GBAHT2100128
6GHoddehRDGxilfWRzksix,Chosen Family,Rina Sawayama,2020-04-17,39,248952,GBK3W1901233
0htdbSx3Z3dRU6GcaQrNBD,A TV Show Called Earth,Philip Labes,2021-05-21,40,202958,QZHN32166954
3o9ZhwPb3TrlgVBcMXffzj,Level Up,Sigrid,2019-03-08,29,137885,GBUM71803978
4RwPiRagjKD5YvBXT3lBJH,Glitter,Daisy the Great,2022-10-27,41,181957,USHR12142774
0bgP0aKOxvdFxB2EfDrulY,Sunlight,Hozier,2019-03-01,53,257346,IEACJ1800133
09Ga3pIX6wjITqlrDJBqvs,Little Sister Song,Kid Sistr,2020-05-15,27,152706,QZDA62020996
5UgHKkLbV59CphgcHxXZDr,ok ok?,half•alive,2019-08-09,38,228533,USRC11901780
0AQN6qybQY0nqPARIPg9f9,High Life,Sophie May,2022-05-17,36,157211,QZLBC2200264
6wXQF1i2fGvESKwG48MpQ8,Woods,Daisy the Great,2019-01-18,19,176505,QZ4JJ1983920
7mNYSfyjhIy3kts502NUmD,For You,Delaney Bailey,2021-09-03,53,140485,UK6KW2100716
4O7UPnI2rePU0JndPCI09d,I Wanna Be a Boy,Addison Grace,2022-01-21,39,199733,GBKPL2177462
3LvJ7Dj8WsWu7RufNvbOYe,Lucky,Zeph,2020-04-18,0,192026,QZDA72031335
58DAAHR0eUpxs8w98cZEHn,Bechdel Test,Isabel Pless,2021-09-17,28,132586,QZ93L2127848
7kle3wveNJelYdI1khvHDb,Questions For The Universe,Laufey,2022-10-14,53,203693,GBKPL2215408
6w5KKFh6vWtQBQf3PefsDA,Freckles,Kevin Atwater,2020-08-14,36,233264,TCAEZ2079800
6RIvdAJWpr4gAO9yJ11pYX,ashes,Kevin Atwater,2022-01-21,35,185625,QZTAS2145561
76dZ7YgQgTvVHnUAxOs2wT,Grown,Gatlin,2020-08-21,28,210856,TCAFA2045756
73BpWEFfUfgQINo81JJCDo,American Dream,Baby Queen,2021-09-03,33,259066,GBUM72101944
5xeUo7hCIiSubAcnQApPpC,Wild Blue Yonder,The Amazing Devil,2020-03-27,42,256307,UK6822000803
3BehfRcWSWPFZNIZfwMu7I,Second Single Bed,Katie Gregson-MacLeod,2022-07-22,30,220743,GBMJG2213711
2i1nijyOpdgdPHqaWNegMX,Sugar Rush,Addison Grace,2020-08-25,42,246341,QZ93L2040592
0uORqw0i7S97SG4dwb4Ett,i think i wanna be alone,mazie,2021-08-25,47,102954,QZ93L2033257
47lnA8O543DKCd0BGmCrp7,Homesick,Cavetown,2020-04-10,41,146836,FIBAR2000035
1Uxz95GYiQucrfTZnDK1Cq,Los Angeles,Olivia Olson,2018-06-22,29,238733,QZDA51812679
3iVZMbu0EW12Gen9NHaRHB,My Point of You,Matilda Mann,2021-05-06,22,130946,USQX92101608
7w76n5UvwlGrjZsgFm8ZYl,Tommy,Claud,2021-11-09,28,213478,USJ5G2101001
3sqi0O2l4WgKCrb5x4GDUb,I'd Rather Be Alone,Brye,2022-06-17,22,205466,USA2P2111723
2Fdfcagbg62BTJSmP5RxUN,Wander. Wonder.,The Arcadian Wild,2018-06-22,38,361088,QZ8R71700081
4Ih9oMwkJlPfHQsJVnpn0Y,The Graduate,The Arcadian Wild,2019-05-03,37,288561,QZ8GX1700498
1PoCVIIcdk5UKhdCHR5V35,You Spent All Your Love,Mega Mango,2018-11-09,0,294157,SE5BU1897486
2lz9pdjqQy6mVT2OekH9fT,I Used To Hate My Body But Now I Just Hate You,Fenne Lily,2020-09-18,39,269053,USJ5G2020909
3tOiJC5J7IjYkPcedfE0At,I'll Be Fine,Clairy Browne & The Bangin' Rackettes,2013-01-01,35,189693,AU3C21100010
168lXfnMo7NZtAr8fUoy78,Cup of Tea,Wes Reeve,2020-10-09,27,203613,GBKPL2022563
6IPwKM3fUUzlElbvKw2sKl,we fell in love in october,girl in red,2018-11-21,85,184153,GBKPL1828677
5nPhTB9Bi1r4KowBwtVns2,Bulletproof,Pomplamoose,2021-01-22,40,188389,QZ22B1941657
0yAuMnPTRBkLEJk4cGKYYi,Can't Stop Feeling Billie Jean's Face,Pomplamoose,2021-01-22,40,160601,QZ22B1984300
6dJBj3nKeV8wlscfd9lBYe,Be Better At Listening,Pomplamoose,2021-01-22,30,205101,QZ22B2005126
6b5dNrqtGAGUNaxs9dxsMv,Pumped Up Kid A Mashup: Pumped Up Kicks / Everything in Its Right Place,Pomplamoose,2021-01-22,36,206718,QZ22B1933262
1s2LrYFnrFdG2LCtyvwBmv,"Harder, Better, Faster, Stronger",Pomplamoose,2020-05-05,32,248498,QZGWW1980916
2nEDSDblQJtRcAKeyOmJyn,Old Town Road Pony Mashup,Pomplamoose,2020-05-05,25,195217,QZGWW1926059
1DYNw2iUNJC8jE56gu3FRu,Mr. Blue Sky,Pomplamoose,2020-05-05,35,279137,QZGWW1983765
2TF4PgOMbINYKMdQpCO1bm,Sweet Dreams Seven Nation Army Mashup,Pomplamoose,2020-05-05,38,153000,QZGWW1968320
0LzwLyzKsViB56qZOJ7xKg,I Will Survive,Scary Pockets,2019-08-08,44,184288,QZFZ61967502
1qxjyEmiKqgcukhqEawmqK,Creep,Scary Pockets,2017-06-01,40,206500,QM2PV1745851
1SveOKrBFiyneSj3Pd5Sup,Stayin' Alive,Scary Pockets,2023-01-13,46,189845,QZPJ32206798
2pIVtQtYOsSptesL6eTMms,If I Ain’t Got You,Scary Pockets,2017-11-13,44,174000,QZANL1743806
0NLg7EUCPL0IhgWwmBP7I4,I Will Survive + This Love Mashup,Pomplamoose,2020-05-05,36,183823,QZGWW2015374
1OytgrjpKNnFaQu1Te54nO,Just the Way You Are,Scary Pockets,2018-03-02,35,167500,QZBRF1807587
0qEfiBPPu4bnAVJGcRiPtU,Sweet Child O' Mine,Scary Pockets,2018-07-02,37,169343,QZDA51882969
0WBToX2AZkPF6Z82D1gsU7,Viva la Vida,Scary Pockets,2018-12-07,34,244618,QZES81891923
4FS903jCn9gnop6tlTA2aq,"Harder, Better, Faster, Stronger",Scary Pockets,2021-05-20,27,161408,QZGWX2167182
54EXj4PlQKJD5Xx2503jgu,I Want It That Way,Scary Pockets,2017-11-13,33,167276,QZANL1743814
3w56oeiM8fqEarF83R50wX,Kiss Me,Scary Pockets,2022-12-19,15,182750,QZPJ32220880
2A61uFpWaimqHBd4qhboPo,Chandelier,Scary Pockets,2019-05-13,31,177054,QZES91955542
4WkcqpMX3f697pJqwRYbAQ,Colours Of You - Nick And Charlie Version,Baby Queen,2022-05-20,30,163360,GBUM72202988
1mM9J9ejFNZ8xk2lbu63oL,I'm Still Standing,Pomplamoose,2020-05-05,25,203204,QZGWW1936395
1lcOlGIVfGB36aeheTC3GN,Wild World,Scary Pockets,2018-11-19,40,184273,UST8K1893982
6ePPSuMmGmcA89JIvYaYs0,Happy Together,Pomplamoose,2020-05-07,18,166000,QZGWW2094961
1iUJ5wJOO7mX0CbEfbwPGn,Crazy,Scary Pockets,2018-11-19,44,163503,QZES61888563
1ND2xWdfurvzMn4867a3Wj,Firework,Scary Pockets,2018-11-19,16,221924,QZES71857761
03qlNqEjdq7RpYyHFVlujn,Stand By Me,Scary Pockets,2018-11-19,26,228234,UST8K1860877
3vhP7JXfeVduTm1ASbxMEU,Always Something There to Remind Me,Scary Pockets,2018-11-19,18,186177,UST8K1842991
3TvwJDgo0zZgXLhLmgr8bD,Don't Worry Be Happy,Scary Pockets,2018-11-19,22,201026,QZES61831864
5QSLuHuqN9ByRZbORY1lWh,drivers license,Pomplamoose,2021-03-19,12,230064,QZGWX2150764
0RyQTFH6hABT79RpSsVJU4,Say So,Pomplamoose,2021-01-28,23,178220,QZGWX2104056
4sW92fjvu3GxkwDucZKWzG,"Oh, Pretty Woman",Pomplamoose,2020-06-03,48,188863,QZGWW2112245
7K4jqbcjN9yJWGlPgXtyAQ,Jamirobeegees Mashup: Stayin' Alive / Virtual Insanity,Pomplamoose,2021-01-22,48,172975,QZ22B1952125
5ZN5JSMpOGT5K1mxjmgOA6,Everybody Wants to Rule the World,Pomplamoose,2019,26,198267,QZGWW1974939
42lBeCHwd3fzXTPGX7HcOf,Flowers / When I Was Your Man Mashup,Magaziine,2023-08-02,31,202643,QZPJ32240849
2qB78As03e51dgXrmmq4m3,Don't Start Now,Pomplamoose,2020-01-17,36,166718,QZGWW2026013
0ndFxZtzMOKnfub4w6Ehzd,Maps,Kurt Hugo Schneider,2017-11-23,0,198500,GBDMT1400491
4oYfMQ6NDGHq0GcbICqsDw,Everybody's Gotta Learn Sometime,Beck,2004-03-16,55,354066,TCAGN2235671
6QX4RyfXKybe2j7MQAv92Y,If This Is What Love Is,Lights Follow,2017-02-14,13,189397,QM4TW1779757
5ahstBPUDe1yol0HYT2WRQ,La La La,Us The Duo,2020-08-12,0,192248,GBKPL2014675
0wfaxt9dqAc7mUF36U11dw,I Will Spend My Whole Life Loving You,Imaginary Future,2018-04-06,53,227619,TCADC1770955
275HnQtDj6tt4fCiKAsP2Q,Release,JayKode,2015-07-06,7,246006,QM4DW1540920
4hps0PPTjr0C8gSGUq1Has,RE:I AM,Aimer,2014-06-25,49,345133,JPN101300001
7aCdXnpn7oPN1sz3i78t7x,RAIN,SEKAI NO OWARI,2019-02-27,54,310293,JPTF01706801
47M43J3F3lCCI26YHUyOx8,No Matter Where You Are - Wedding Version,Us The Duo,2020-08-12,5,251164,GBKPL2082422
4BvuZVf9KyBN3QiPfeI9hw,crossing field,LiSA,2013-10-30,67,248946,JPE301201741
2uxIsWUeOnHY5KmuE4zOyY,BUBBLE TEA,dark cat,2016-10-18,4,243377,UST8K1675758
0znJ7404OJT9KXP0ob7vdu,WALK YOU HOME,Bishop Briggs,2020-10-30,34,171606,NLRD52017174
2aEbTvhi94gfe75qmVL1dj,"Passenger Seat (From the Original Netflix Series ""Trinkets"")",Brianna Hildebrand,2020-08-28,23,138473,QZ8BZ2000433
2M7UdnD0fEaryh8TnCvqFX,Do You Wanna Do Nothing with Me?,Lawrence,2017-02-24,52,251853,US7VG1610093
4NHkeZPnEJaxuXLTiVKnWQ,Island in the Sun,Magaziine,2023-08-02,24,154495,QZPJ32254600
1KcECJIr0lCMA30DO8VTlv,Beacon,Matt Duncan,2010-05-01,4,214360,USQY51336643
1oRACEX7ci9IrxsbxfvAsw,It's Not All About You,Lawrence,2021-07-23,42,151320,QM24S1926816
6og0RD1Xq1Ya7BOt0TxHz6,Chips & Dip,Sam Greenfield,2022-02-25,6,60942,QZFYZ2239061
6vDH7DeS588qqrbxDuj6MU,State Line,The Dip,2015-04-14,59,172400,TCACF1522240
0zdduWQJoVkNK4jyMtRVoK,Rich Girl,Pomplamoose,2018-07-05,31,140227,QZ22B1971663
5fYmHWiNs9SICzRmTtHYWC,Red Line,Izo FitzRoy,2020-03-13,44,214666,GBFBC1901827
62XsUDISgorMOl0wEyTmjF,I Like (the idea of) You,Tessa Violet,2019-10-25,41,168480,US3DF1939970
3NfT4L2Tg4h7e9XVRAGRzX,(I Don't Want to Be A) Billionaire,Theo Katzman,2020-01-10,34,197431,TCAEN1938516
6aZyrHfuvuvV3ot1QRIsHh,Ain’t No Mountain My Girl Mashup,Pomplamoose,2021-01-22,40,157869,QZ22B1994448
6NtYHp2nBfPL0BFcJdXa5r,golden hour,Magaziine,2023-08-02,29,178021,QZPJ32243861
39rHfrVqCX6A55GF7uOZSC,1612,Vulfpeck,2014-08-26,54,199639,TCABZ1466842
6CE99mKvwc9JRXU5l63wzJ,"Harder, Better, Faster, Stronger",Scary Pockets,2023-03-13,24,161408,QZGWX2167182
6hNU91GEPZJybdgq19BnjQ,Bluebird,Pokey LaFarge,2020-04-10,0,184310,US27Q1947804
4fSGvGCI5PsDdSGuMGzewG,Feel It Still,Pomplamoose,2021-01-22,29,168711,QZ22B2002609
3JoHecJznUEt8MUsrJ03UV,Positive Agenda Theme Reprisal,Swatkins,2019-05-24,30,62133,QM6MZ1950339
04VtzZ6KCEZLoEomgVR4ln,So Damn Fast,Lawrence,2013-01-05,40,284773,TCABL1336210
1BNDOOshnJoEBT7e8nkvIK,Li Lo,DCS Lefty,2020-06-19,33,167790,QZHN42057012
2DsVjuJ4fn6eqzXAUMtO90,It's Like You're Always On My Mind,Pomplamoose,2020-05-05,25,142300,QZGWW1900577
5wLGfiunY1hPV6acUzJVYk,Out Of Control,Gloria Tells,2018-10-12,42,184463,SE5Q51800969
4H9jGVkfJkjc6pWFfn2KSN,Whatever We Feel,Sammy Rae & The Friends,2020-04-03,48,208965,CAN112000104
5Sr4gBfXtSs0XdMCWgDgsQ,Vacation,The Dip,2022-03-04,5,174533,USDMG2137905
0aLx2oyqTSgqeLGEoTIFP9,In Heaven,Joey Dosik,2018-08-24,39,219200,US38W1836411
64iXPlkVfgkSYRvE0CXij0,Highroad,Sir Woman,2019-06-11,29,230656,QM88K1900009
1SHA4IJyiyNobDOrQzFFXy,Animal Spirits,Vulfpeck,2016-10-17,51,190801,TCACS1623890
0ysAPJc8ipXpoCPBcIKYwR,Funky Times 1.0,Funky Times,2021-06-25,49,72688,QZHN92116334
4U16nu86W5RTw9bxgi0s7J,Up to Us,Charles Pasi,2011-02-01,50,230106,FR6V80766236
48wH8bAxvBJO2l14GmNLz7,Wait for the Moment,Vulfpeck,2013-12-06,60,230676,TCACA1490363
13HalBseZHAT19C6jWs1Ma,Probably Up,Lawrence,2018-09-14,40,254653,QM24S1832373
3XGP58sVUp4ivm3X2Ym1Vn,Slim Pickings,Izo FitzRoy,2020-03-13,42,230426,GBFBC1901769
0Fi0yp52XmFnLwT1KdXjmI,Can't Buy Me Love,Scary Pockets,2018-03-02,23,129000,QZBRF1807594
25ThByn5IcA33YJODtE9xC,Loving Is Easy,Pomplamoose,2019-07-09,27,166838,QZGWW1932467
6lTZctflz7IxPbWKXGJVVS,Black Heart,Stealth,2021-04-09,0,174688,USUS11900016
5kuABYhjUZDGilU3H5hQJv,The Heartburn Song,Lawrence,2018-09-14,38,251293,QM24S1832371
4hVQv93Zv7psI72H2BtgOy,"We Belong (From the Original Netflix Series ""Trinkets"")",Brianna Hildebrand,2020-08-28,22,224444,QZ8BZ2000434
5RO6iyIl4y6s5yfy7oKGZT,Cold Sun,Aimer,2014-06-25,25,309093,JPN101400051
3DH7WEURyZjiAHnDbDD7s9,A Proper Story,Darren Korb,2011-08-05,35,69244,TCABA1109320
3s5dXFe9vDNVhLg332B0Yy,Staying Alive,Electro Deluxe,2007,43,239600,FRYGO0600430
17hSLQssl4Mo6htOKxSpN1,The Girl from Ipanema,Elise Trouw,2017-06-09,33,107704,usdy41770834
0YMeOermYNkQRit6AvxZhX,Denim Jacket,Sammy Rae & The Friends,2019-07-13,45,247518,TCAEH1986758
205ReiW26kS1pcoqUNpEzi,How to Get What You Want,Elise Trouw,2019-12-06,35,165818,usl4q1977124
1x05ZRPr2FprwUP7MjWefh,Hypotheticals - Edit,Lake Street Dive,2021-03-12,40,190647,USNO12100039
0wPsxtjqWKJhSvrnyAjpHy,Where We Wanna Be,Daði Freyr,2020-05-21,36,153600,GBKPL2001581
04IFKvwCnGVIsvV7FGYysk,Mmmbop,Scary Pockets,2019-05-13,39,211039,QZES91955546
6CymvIvL8XVmXnGRREmWBX,Five in the Morning,Ripe,2020-01-10,42,190026,USL4R1933582
6ditxim8H91c4d9WfGruK4,Easy to Love,Couch,2019-11-27,52,186841,QZHNA1926184
2g69aAKhp4pqF3lvFl2LAd,3 Winds,Otis Junior,2017-03-17,32,168000,DESY21400501
5l1deuLMR3ZqRAdq5SpVeE,What Lana Says,Proleter,2018-04-24,7,279200,TCADP1804016
38D3KaURlyRBOslldyeifA,Supersonics,Caravan Palace,2019-08-30,37,201331,FR9W11912318
3Dd8d32CN2XQ5BMceRqMRK,What is Love,Magaziine,2023-06-08,15,204953,QZPJ32207272
0zZpzc263KbEn2F87rXzET,Magic,Magaziine,2022-12-22,19,225662,QZPJ32225870
6UFdyfsfQn9Z1kuj2Uiq3D,Junkie,David Ryan Harris,2022-05-16,23,236733,QZPJ32170467
5lE2EFXt4muvLFMGQg4hZN,Hypotheticals,Lake Street Dive,2021-03-12,61,230178,USNO12000091
6pro0cjgB0tU0V1tifYA2i,Baby Don't Leave Me Alone With My Thoughts,Lake Street Dive,2018-05-04,44,213933,USNO11800107
1AgKm1bLfkByxpONHlaLLk,Up Top,Busty and the Bass,2017-09-08,46,277550,CAI251715801
4VgIyuiXQPMTqWmtsSGUgJ,Faith,Lake Street Dive,2012,46,217053,TCABF1243949
2pa7iQc5B1qMo8bEeuljTr,Down in the Valley,The Head And The Heart,2011-01-11,43,303653,GBUM71101811
6MYJv37Mpj5njLLbxKWNun,Crush,Tessa Violet,2019-10-25,58,216266,US3DF1813109
2ZgFgrxaenAAcsbdO7hE5M,Prelude,Tessa Violet,2019-10-25,25,63965,USANG1906357
6VJo03UtC1uXfdk93NvfMb,Honest,Tessa Violet,2019-10-25,26,252146,USANG1906366
0Pq9K4yZlPwjjRMeIkBCpg,Wishful Drinking,Tessa Violet,2019-10-25,43,195110,USANG1906365
3xUjq31mZugtR9gkZuzdJt,Feelin,Tessa Violet,2019-10-25,27,184488,USANG1906362
0aGyeWUDKBTxVtPfMPoSxR,Careless Whisper,Scary Pockets,2023-04-10,32,209232,QZPJ32254514
0nYxYFebsI0i591nZBTD0x,Losing Sleep,Elise Trouw,2022-11-18,12,160800,usl4q2227246
6QZbDUZEgkwaVWROtWzjQ0,Kick It to Me,Sammy Rae & The Friends,2018-07-10,54,387600,TCADR1880708
3WJ9kGj30zXsIEEo1fdKfv,The Death of Us,Theo Katzman,2020-01-10,38,226986,TCAEO1914946
4GUVnRnXP4DDGRPoperoAV,Asymptotic,Louie Zong,2018-02-23,34,111792,QZARB1893644
0fu5r69xQg8OQCGsK2S5Il,Here Comes The Sun (feat. dodie),Jacob Collier,2019-07-19,38,238360,GBUM71901393
6SdQrJEPcNhj6Gr1sG6CFV,God Only Knows,Scary Pockets,2021-07-12,15,195934,QZGWX2220763
2vcJAWazBGDeUIbzdU0zV8,i'm confident that i'm insecure,Lawrence,2023-08-11,42,162200,QM24S2305273
5gRCBF8BbbQA4M7wRFjqxg,Sour Candy,Melt,2017-05-13,17,295706,QMPKX1797623
6LHB9TcNKuFCcBySyA41My,Blue Sky,Quail,2021-11-26,27,398346,usl4q2181770
1OSvGB7zbOCQYV4hLZxF6L,Dean Martin,Tess Henley,2019-08-02,30,223512,QM6MZ1991619
0kozU66UWODvhLC8dkeS6g,Creo Lo Sientes (feat. C-BASS),Sammy Rae & The Friends,2021-01-22,41,210557,CAN112000693
35Rv7Vpnnpve5LV22qLiGk,I Need You,Scary Pockets,2023-01-13,33,186288,QZPJ32194917
7nECboGB4x2fYyf7lPyg7C,The Weather (Acoustic),Lawrence,2020-04-10,44,190500,QM24S2003556
4HUSrQ968wko6RmktgLdWo,You Gotta Be,Magaziine,2023-06-08,27,182332,QZPJ32208848
1NrxxZlIkKKY87jJxw1BzQ,Stand Up,Couch,2021-02-26,45,148944,QZFZ42123219
1EENvpwFfkPLAFtgY5UvHc,Things Change,Busty and the Bass,2017-09-08,36,273772,CAI251715804
6hIkkaA1zcrY6qK9dTOnbS,Love It or Leave It,Tess Henley,2019-08-02,23,182572,QM6MZ1991620
3geMf9Ada0dHExUvSZKi5S,Line of Sight,Elise Trouw,2018-03-25,20,211480,uscgj1859652
2kby1XWPnTc0fFMrViKbE4,The Lemonade Song,Pink Martini,2020-08-21,42,154871,USHNZ2000223
5dX3oFSMiiA7YLgzjPiKol,You Gotta Be,Huntertones,2020-01-10,28,262480,usl4r1911342
69klmXiY3N1xUwVFzZArzJ,Make A Move,Lawrence,2018-09-14,35,259786,QM24S1832368
4RVT0yFwQyRLiQs1Tt967l,Kids,Busty and the Bass,2020-08-14,34,264386,CAAA12060101
4TEkGbvVtvvObrJvPadhai,The Weather (Gospel Reprise),Lawrence,2020-04-10,26,141500,QM24S2003557
0six1LYkEh8vBorQvMF8hQ,I'm Just Stupid,Maya Delilah,2020-05-15,34,166791,QZES72089564
6nwxT0W6u4JYDGK5iyBOYt,Casualty,Lawrence,2021-07-23,44,143893,SE5VF1906526
4tLx9jusig9rUZ5N5f0HZk,Alibi,Lawrence,2017-02-24,39,216266,US7VG1610094
64OcVQq3FBoGm2twUd3044,Homesick,Lawrence,2013-01-05,40,198026,TCABL1336208
6zIGr19hOaHhruwq9hdbIE,Freckles,Lawrence,2021-07-23,39,189413,QM24S2010509
2vjdRVYrR2w8Ux4UsjA5I8,Wash Away,Lawrence,2017-02-24,36,199986,US7VG1610101
2Y6FEOBXOQ0NTVzl0DGDJk,Oranges,Lawrence,2013-01-05,36,145893,TCABL1336211
2sVxymal8uQ64UDn5aAoOZ,Hotel TV,Lawrence,2021-07-23,37,217160,QM24S2103871
2nFDM7uMOdPGPz37FluIob,Superficial,Lawrence,2017-02-24,36,248026,US7VG1610103
0T2gMobMtByoq6J5aZ04IK,Limbo,Lawrence,2018-09-14,32,209226,QM24S1832375
5jpbdcRzYkMKQIYNYzXP8g,Wake Up,Lawrence,2013-01-05,37,242133,TCABL1336207
39FZoIr42dWO0kg4eTYMa0,Hold Ya (feat. Lawrence),Brasstracks,2020-08-21,32,223200,USUM72010237
3lpnEuEJeoYiRdmcM2yFwi,Whoever You Are,Lawrence,2018-09-14,31,237586,QM24S1832367
1Vxx2qqZ34cL2MPBVJIUAd,Hall-Crossed Lovers,Lawrence,2013-01-05,33,220266,TCABL1336212
5Lna4dflkOynOGTzav2trC,Get Busy (Live in LA),Lawrence,2021-01-22,32,323817,QM24S2009625
3Qeq4pMfjYwXOgJN6meOpG,Do You Want to Do Nothing with Me? (Audiotree Live Version),Lawrence,2016-08-29,0,228650,QM99V1608501
7mE5nyoRdlZq7hKW2Uzxkl,Santa Claus Is Comin' to Town,Lawrence,2019-11-12,38,172738,USWD11995077
5wzdaXVadPAGwkgtcR1dLB,Columbus Avenue,Lawrence,2013-01-05,31,174133,TCABL1336209
6mkcORDIpDXielphUeZGO5,Me and Julio Down by the Schoolyard,Pomplamoose,2022-02-01,26,162189,QZPJ32129397
4fRJtE88EFYw3HvRmDknPV,Tempted (Live) - Acoustic,Lawrence,2018-04-27,29,240480,QZ5AB1906354
2JGznhusV8NtGUKgMfgVtH,Stacy's Mom,stories,2022-01-14,29,196889,QZPJ32137396
4fhzDV6JUZN1llif9UHAFd,And Many More / More (Live in NYC),Lawrence,2021-01-22,20,327527,QM24S2009629
6H9PO6ppNkU13bAlECIFtE,That Thing You Do,stories,2021-11-10,16,189134,QZPJ32121287
6ZxWtJqM3r2imGqHFxZSDr,Quarantined With You,Lawrence,2020-08-28,20,202560,QM24S2008170
6LqZFfv4fUP7va14Y6VW9a,Misty Morning,Lawrence,2017-02-24,41,252026,US7VG1610102
4hG1MCciEGpxL4mOZaxRqt,False Alarms (with Jon Bellion),Lawrence,2021-07-23,45,240133,QM24S2103876
1v6bHfpBDaWD6tq8EE8AYG,Me & You,Lawrence,2017-02-24,42,204480,US7VG1610096
5fkAuH8tIC537wT67dwrDn,More,Lawrence,2018-09-14,37,196733,QM24S1832365
2bEXOHFrtExHDsoZP3onfs,deja vu,Scary Pockets,2021-11-08,36,235498,QZPJ32120962
2GufL9dQ9no8vFCqq9WRqZ,i'm confident that i'm insecure (acoustic-ish),Lawrence,2023-09-15,36,313133,QM24S2306442
7aKEKEyC00307wqmwmvRh3,Fall Into Place,Couch,2020-04-17,47,267426,QZDA62016580
4ziqjT3E0fbwEnfkAJ7sbf,Glad I'm Not Alone,Victor Franco,2023-06-09,30,207194,QZLBC2309612
2XxZIwXWl6eFmOBm4heq2N,Shy,Melt,2020-03-20,7,220775,QZFZ62043742
57gzVdCA75olmjHXISIs1B,Still Feeling You,Couch,2021-02-26,49,191959,QZFZ42123218
1U1OeyPu6frcUUrSZ14PjH,What Did You Mean (When You Said Love),Theo Katzman,2020-01-10,36,275986,TCAEO1915081
0GWuCn4oBrLflTfyb3wmuV,Redwood Tree,Jamie Drake,2019-09-20,34,170894,QZ8GX1700566
10RtTP5oG5coNZK0sxrbUP,Ceria,J-Rocks,2005-05-16,57,233640,
7wjmwD5nIYWVnHiR3X3PTO,Golden,Cory Wong,2020-01-10,48,212933,QZK6P1959843
1McTTDP7FFhg9snb8v4Lzb,Rabid Animal,Lake Street Dive,2014-02-18,54,133786,USFMT1406104
3WrKeWN1xWh4bue79b9BHA,Shot,Lawrence,2017-02-24,30,214280,US7VG1610099
61NEkLGgLQGCZFtGDIvBQL,Use Me Up,Lake Street Dive,2014-02-18,50,237573,USFMT1406106
0RKKLIOnAPImtlLlYEjbYF,Rich Girl,Lake Street Dive,2012,62,217920,TCABF1243952
4MUUeP1sB9aPT4IG45lLIg,Some Kind of Happy,Dylan Chambers,2021-03-11,26,202666,QZFYZ2107833
50lSpRL1slxzBxPSVIcueK,Pretty Girl,David Ryan Harris,2022-04-25,22,248922,QZPJ32164581
23375X0SDPn584EseVu41H,I'm Leavin' (The Na-Na Song),Couch,2019-03-11,31,255140,QZDA71908707
0U1ulMkLUrTSA4juoznQQ3,Sunny,Giacomo Turra,2021-07-09,32,171800,QZK6P2164443
7MN6mFC7I6X64HVd7xXYfI,Unraveling,Elise Trouw,2017-03-24,23,203517,uscgh1741018
1hI9ZhG2wlCbQKJnw3krPU,Walking on Broken Glass - Recorded at Spotify Studios NYC,Lake Street Dive,2018-06-27,40,268566,USNO11800511
3hMWQlLn0MOoPBgc2SMxqn,Lost & Alive,Swatkins,2022-10-28,33,181330,AUMGB2101062
7rYyYKW8QxGzkRnqa165JC,More Than a Woman,The Shadowboxers,2020-12-17,32,224666,TCAFH2019964
3EEiCf8qXklctn4OoG11Mb,Conjunction Junction,Couch,2019-09-13,32,276893,QZFZ71970312
31FiUjsiwlMPdNqaLvStVZ,Do You Want to Do Nothing with Me? - Audiotree Live Version,Lawrence,2016-08-29,30,228650,QM99V1608501
0ozLMntlOvHd0Ft21VkdRu,Merry Christmas Baby,Lawrence,2019-11-12,26,162276,USWD11995076
6UAmzHUw9ZW7jPxQtcWs7G,Have Yourself a Merry Little Christmas,Lawrence,2019-11-12,20,200155,USWD11995075
0Y6DKikmdIIpDBUhUuxa8R,My Lover Is Sleeping,Wasia Project,2023-05-18,47,226505,QM6N22327666
5PrOgvXZU7RzhJQknS6hEu,Miss You,Carla Bruni,2017-10-06,55,211346,FR35O1780001
5cwCW4r6ybpSiHWMpMKHoJ,Just The Two of Us,Kauai45,2020-11-20,59,117037,QZNWT2020861
1kr0XkYcWe2HTuCFN3BuGA,House Song,Searows,2023-02-03,58,294189,QZFZ62347776
6nyltn9zx3VG8Inb3oVREy,Monogamy,Leith Ross,2021-10-08,0,199600,QMFME2142120
5ctdVr5OyY7dZZhcsFeK9W,23,Lawrence,2023-10-20,38,189266,QM24S2307261
0TtuQC6hcnBHK1Z9CR9shk,Until I Get Back,Swatkins,2022-10-28,28,273106,AUMGB2200400
1HRWbxFQ4IiAlUl2FJsiLL,Gotta Give It Away (If You're Gonna Keep It),Swatkins,2022-10-28,26,278244,QZHNC1932077
2P2nr0yCc4URi6v2pnpUaD,I'm Not A Mountain,Sarah Kinsley,2021-06-04,46,231440,GBKPL2151553
38TpUKiHQZyBKiD9LMMy6X,Beautiful Stranger,Laufey,2022-08-26,65,201266,GBKPL2298390
1ZlnsAT3J7vmf0xuOMHD9V,tlit21c,Lyn Lapid,2023-06-23,45,66666,USUM72308548
33AqMQTISnP1daTHunLVKO,strawberries for two,tinyumbrellas,2022-08-03,31,161500,QM6N22298412
7o6004WEpQsptuigMjYvyb,cross ur mind,Lyn Lapid,2023-06-23,42,193626,USUM72308554
77PlrIDSmmWwCj7vgNQiR4,Wherever I Go (feat. Lawrence & Michael McDonald),Jacob Collier,2023-10-27,39,166133,GBUM72309264
63AX6wMGKgnNpbpcPdPJjs,I Wanna Take You for a Ride (Inspired by Marvel vs Capcom 2),The 8-Bit Big Band,2023-11-10,37,281209,USL4Q2378862
0Ucrp61Fl9QmZU2Mm9m5Bj,we fell in love in october - sped up,girl in red,2018-11-28,47,146007,QMFME2367203
7eJMfftS33KTjuF7lTsMCx,death bed (coffee for your head),Powfu,2020-02-08,79,173333,USSM12000925
180AbZduI6bYQIzwCHRwu9,A Night To Remember,beabadoobee,2023-10-20,74,233388,GBK3W2302799
5sA3i6SGkILMiZW6Fhx4wv,the way things go,beabadoobee,2023-07-18,73,187800,GBK3W2302683
1Y4TOUS7R9DShEApDbb8Xm,Fear Of Flying (feat. Aminé & beabadoobee),Mac Wetha,2023-11-06,37,131215,GBK3W2302801
0tMMPZEt6Gyrl9FI8zSicm,Glue Song (feat. Clairo),beabadoobee,2023-04-17,74,135066,GBK3W2302605
2qkb3hhx8iCBvYzX9SvVxj,Lovesong,beabadoobee,2022-07-15,61,245426,GBK3W2202096
4n1NIAuJSSsDIpeUGFW8TE,10:36 (Live in London),beabadoobee,2023-09-29,28,266202,GBK3W2302763
1XDbw86O0pHftL0HzQTIDb,Apple Cider (Live in London),beabadoobee,2023-09-29,29,172343,GBK3W2302764
5d2lVyqO9o1kXIzbmy9HWS,Care (Live in London),beabadoobee,2023-09-29,26,219997,GBK3W2302765
5tmz7NJOJwsj5vr8lPwZjQ,Fairy Song (Live in London),beabadoobee,2023-09-29,26,169159,GBK3W2302766
51HFNROAqd0LSzWXVuNAfj,Worth It (Live in London),beabadoobee,2023-09-29,26,202383,GBK3W2302767
2efcpIyoXu9OvBhmWanf9R,Together (Live in London),beabadoobee,2023-09-29,26,201369,GBK3W2302768
1xKMjcXrurshW8N16S5jE6,Charlie Brown (Live in London),beabadoobee,2023-09-29,25,204501,GBK3W2302769
4pPKUuXYKQfkd6MzCXDxS3,the perfect pair (Live in London),beabadoobee,2023-09-29,28,181386,GBK3W2302770
38Pwu2wXGJb5Wa5OSdf83I,Sunny day (Live in London),beabadoobee,2023-09-29,26,180682,GBK3W2302771
6IkNTYi9aonnLhIX1iH5h2,He Gets Me So High (Live in London),beabadoobee,2023-09-29,26,188117,GBK3W2302772
3cZmWqk6nuL4H7L5V0NzZy,"Yoshimi, Forest, Magdalene (Live in London)",beabadoobee,2023-09-29,26,220188,GBK3W2302773
6IYHTEHaNYZtZ4naHGwViG,See you Soon (Live in London),beabadoobee,2023-09-29,25,216910,GBK3W2302774
3ZWbjsfIdEXjfGqWRkLf9h,Don't get the deal (Live in London),beabadoobee,2023-09-29,25,239733,GBK3W2302775
16QccQYJJqYnLQccJ0IWdq,Sorry (Live in London),beabadoobee,2023-09-29,25,222778,GBK3W2302776
1oDlqzjZiJaZuAoJ75z0EX,She Plays Bass (Live in London),beabadoobee,2023-09-29,26,258885,GBK3W2302777
5ah0CkQOHuZZeiXSxDf0jM,Back To Mars (Live in London),beabadoobee,2023-09-29,27,120405,GBK3W2302778
1TCnqZyKtvbm2txxu2b3Tb,Last Day On Earth (Live in London),beabadoobee,2023-09-29,25,233663,GBK3W2302779
6TtnGNwmPgqc9CJhCQwzYc,Dye It Red (Live in London),beabadoobee,2023-09-29,25,232202,GBK3W2302780
2Tm85aJ8SrdHXRE1lf3g2E,Talk (Live in London),beabadoobee,2023-09-29,26,281151,GBK3W2302781
1bmRAbf103jkG8O31kARzp,Coffee (Live in London),beabadoobee,2023-09-29,25,207629,GBK3W2302782
3Y2XFfEQ3raErN86tsYYi7,Ripples (Live in London),beabadoobee,2023-09-29,27,163350,GBK3W2302783
3XixCDMWGGZ5aOxeW2UHt3,Cologne (Live in London),beabadoobee,2023-09-29,27,256151,GBK3W2302784
68SSN8C0cJmUEXJkGyNYqe,You’re here that’s the thing,beabadoobee,2022-07-15,64,198600,GBK3W2202101
0P4OHmZ7t092na79ElH7F5,10:36,beabadoobee,2022-07-15,59,195066,GBK3W2202089
53vFEC7MHFKctetVsD19S4,She Plays Bass,beabadoobee,2019-10-14,40,207106,GBK3W1901098
0SIrEgMzTSWzFoT272mk2X,Ripples,beabadoobee,2022-07-15,58,187813,GBK3W2202092
4Gy8ZglxsvsIX04R5PWY7U,See you Soon,beabadoobee,2022-07-15,55,206600,GBK3W2202091
6PvxbkegGnVGxd1NDYS6fZ,He Gets Me So High,beabadoobee,2021-06-23,52,165682,GBK3W2101745
2VL573wd9nlqXYHaQoFXfV,Pictures of Us,beabadoobee,2022-07-15,52,279306,GBK3W2202097
3iBgrkexCzVuPy4O9vx7Mf,Glue Song,beabadoobee,2023-02-14,79,135066,GBK3W2302568
1aTf6n7MSd9z1LQYJEcmqF,Care,beabadoobee,2020-10-16,53,194994,GBK3W2001414
3KENEwjmiRoWoW3HTE9JNb,Animal Noises,beabadoobee,2021-06-23,49,214128,GBK3W2101744
02EKM4d0J6AftgttumTzzB,Dye It Red,beabadoobee,2020-10-16,46,189932,GBK3W2001447
77cuLtsUljaHBNpG89GpqE,broken cd,beabadoobee,2022-07-15,54,170280,GBK3W2202094
0DuGEqN0pRJ5QAVFvnLe6P,Space Cadet,beabadoobee,2019-10-14,43,264013,GBK3W1901163
2pm4A5nkkA8Cf4NcFEUzVE,tinkerbell is overrated feat. PinkPantheress,beabadoobee,2022-07-15,52,228466,GBK3W2202100
4Bg0jUvMb30sfvAeqcSnaz,fairy song,beabadoobee,2022-07-15,50,164066,GBK3W2202098
1FnaRNR5YLddYYd6xwJ3DX,How Was Your Day?,beabadoobee,2020-10-16,50,260024,GBK3W2001454
12GFkeuAGEMNk6q6iul7qF,You Lie All The Time,beabadoobee,2019-04-26,45,251290,GBK3W1901013
6kp9czhrGZrP0hr9Y6opEr,Soren,beabadoobee,2019-04-26,55,241944,GBK3W1901014
6jvx06FhiZWCjBeZdXF91P,Last Day On Earth,beabadoobee,2021-06-23,41,223087,GBK3W2101665
3r1qdSsvJEwiMKHeCWapMM,Worth It,beabadoobee,2020-10-16,49,194173,GBK3W2001446
0oS6978exXanyIZJD4cdgV,1999,beabadoobee,2019-04-26,54,191129,GBK3W1901009
4NuAQGfKJhrJnTtBSMNrtz,The Way I Spoke,beabadoobee,2018-12-07,46,255021,GBK3W1800915
2HnZ0YqhP2BxYQUhCd9Zov,Beatopia Cultsong,beabadoobee,2022-07-15,48,151893,GBK3W2202088
6mZPt7IcgSaqk5H4NX9a6f,Angel,beabadoobee,2019-04-26,47,193253,GBK3W1901012
60aYO1uRqTkGltYtaMFPxy,Don’t get the deal,beabadoobee,2022-07-15,52,220693,GBK3W2202099
5hQjB552fc7TQAtdzJTzLo,Emo Song,beabadoobee,2020-10-16,42,218684,GBK3W2001450
3fEuuMS11d11h2eVxMSl2e,I Wish I Was Stephen Malkmus,beabadoobee,2019-10-14,37,231860,GBK3W1901137
6tSXLuWhy6Bjn4BswKyJ24,Further Away,beabadoobee,2020-10-16,42,187653,GBK3W2001452
69kRf3P6QDiK0ZAFw70KUR,Soren - Bedroom Session,beabadoobee,2019-07-08,42,193810,GBK3W1901059
1KyLAl3R61UiXK9o14SUJm,Remember When,Wasia Project,2023-11-14,46,192079,QMFME2382882
0ftCbviWA5aWopBjsBK6Pv,I Don't Get to Say I Love You Anymore,Tessa Violet,2016-10-14,25,210013,ushm21662312
6dOtVTDdiauQNBQEDOtlAB,BIRDS OF A FEATHER,Billie Eilish,2024-05-17,99,210373,USUM72401994
6cBbx14y271qwBX2CQttwQ,Hi,Laufey,2022-10-14,51,193573,GBKPL2298397
1OYA4DbZ6IOtSVuKb0VFVQ,Kitchen Song,Tessa Violet,2023-07-14,33,155080,QMFMF2123640
4IqrPu63viykyz34gUYKAx,I've Never Been In Love Before,Laufey,2022-08-26,54,222146,GBKPL2298394
5VBjyOQzqlPNgdRPMM6prF,seasons,wave to earth,2020-08-04,82,255998,KRMIM2021578
5X9ZLed3uTNmlv5CxSc1XK,Time After Time,Pomplamoose,2018,23,191250,QZ22B1905237
5Rx6U54oaGNEZ8eVy3VLK7,Happening Again,Katherine Li,2022-06-06,0,173951,SGB502248490
2RE8lrdEopwUuCfphJKnf8,an ego thing,Lizzy McAlpine,2022-04-08,48,170618,GBKPL2280159
1KMEDSIl2j1NwYa9mgvMyg,Memory Lane,Haley Joelle,2022-01-13,58,154000,QZTAT2160539
7hhRZJkO3jBxwxzGgurZ2Q,Best Part,Magaziine,2023-06-08,19,225972,QZPJ32210557
4sblRQJa9p5B70Wt1ZIcCq,Wonka's Case,Joby Talbot,2023-12-08,42,184490,USNLR2301726
1l1z45twP4mVGQL9UNILoq,Best Friend - Live at The Symphony,Laufey,2023-03-02,46,179866,QM4TW2367731
6q8nlNnBLSAn5tU6tH9Zlz,Highroad,Sir Woman,2019-06-11,61,230249,QM88K1900009
2OzhQlSqBEmt7hmkYxfT6m,Fortnight (feat. Post Malone),Taylor Swift,2024-04-18,85,228965,USUG12401028
1207xP3DSoGjDRr7Nc0ohN,What Love Will Do to You - Live at The Symphony,Laufey,2023-03-02,46,180000,QM4TW2367753
2hFcaybCYlGLn9elIsTuc3,Amelia,Katie Lynne Sharbaugh,2022-01-21,31,155973,QZTAT2140564
4mL3gs1HONGGLaZyW6OYMq,Close One,FIZZ,2023-10-27,44,235887,GBUM72302378
4bx0ZIQecKaet7Jtnes6KT,I Feel It Coming,Scary Pockets,2017-06-01,41,158500,QM2PV1745842
6eOc29YX6IoRO2gwPoUjAs,Marietta,Upstate,2019-02-08,33,237812,USME31800607
0gggjVyUJd90tYzAnmBjFV,Another Night,Real McCoy,1995-03-14,66,236933,DEC739400378
7LeYstsBY4QQa4rdseQA1U,Chocolate Fountain,Joby Talbot,2023-12-08,34,71010,USNLR2301743
0s39oFQ4PLIiecJaI0qRfV,Tell Me Lies (fin),Wasia Project,2024-08-29,42,121578,QM7282410458
5GpEHUNI0T7L7H3DnAaBXh,reckless driving,Lizzy McAlpine,2022-04-08,64,189247,GBKPL2280161
6jEi6mO39kO1WtOm6ksogj,Please Love Me,EASHA,2024-01-05,39,149485,QZWFR2317397
5XpbhQtOI92vbhjrRtDOjF,This Magic Moment,Lake Street Dive,2012,51,168426,TCABF1243953
09cWMixCAoFoFMmegG4wqf,My Little Island,Lyn Lapid,2022-04-15,45,189320,USUM72205341
42Ly3cfDuDaLZGvgOTwvLi,Street by Street,Laufey,2021-04-30,52,224098,QZDA42007629
6ibSWqU0gfg8J5qxjepe9W,Call Me Wild,Cory Wong,2023-08-18,35,184957,QZPLR2300687
6oPDWUwxTIsGejcHd9tLdc,This is what the drugs are for,Gracie Abrams,2023-06-16,63,245610,USUG12202354
39fD0qvjgk8RarJnoBiDTx,Lovesick,Laufey,2023-09-08,71,225360,QMDA62312089
6Ac4h5tnkLkHHlFyBfL3j4,Isn't It Obvious,Katherine Li,2024-02-14,46,158130,SGB502392996
5muDXHVGjNPaPYJlHZClG7,It's the End of the World as We Know It,Pomplamoose,2021-02-23,25,158539,QZGWW2124476
5I8wqCZfqMXhJ8NYwFHgwc,Fly Me to the Moon / Lucky (Mash-Up) [feat. Breea Guttery],Rick Hale,2016-06-14,60,194418,TCACP1616744
2ZvnX3tcCm4qwcvUuvZBvq,Moonshine,Caravan Palace,2019-08-30,46,213800,FR9W11912312
31kXmImsj99zlKKjqkaVlW,Valentine - Live,Laufey,2022-09-22,45,181133,GBKPL2213772
7JgDvGmgeKcdM633G1XAo9,When The World Stopped Moving,Lizzy McAlpine,2021-04-21,48,194278,QM24S2102293
2ttemPsvqBdA8ItME6DCbL,So Far Gone (feat. Lizzy McAlpine),ROLE MODEL,2024-07-19,62,196560,USUM72404562
63reuc8nVqfO3bmxCLUKDq,Baked Alaska,Carter Vail,2024-09-25,45,170282,QZVG82403210
1cIi1x8ANjMO97wH5OfYO1,Leave Me Alone,I DONT KNOW HOW BUT THEY FOUND ME,2020-10-23,56,215644,US5262023738
059gVW493dUeBHkn0gE1zm,Older,Lizzy McAlpine,2024-04-05,61,201186,USRC12303482
7iZ3cV8RcMHCIxODk7sMKL,Bad Dancer (feat. Lawrence),Jak Lizard,2020-11-19,29,202886,ZZOPM2003075
263KsGZODTZouh3RFGNaLX,Louise,TV Girl,2014-06-05,71,194453,USHM21438137
56j95eXJz24wxiVDjvHSYy,Dear Soulmate - Live,Laufey,2022-09-22,44,277333,GBKPL2213774
3tcCT8WhAIeRW2Ey9M4bL5,Staying,Lizzy McAlpine,2024-04-05,68,151653,USRC12301894
698zM4fC45zI9Rb5XqJ6FS,Lover Boy,Sophie May,2022-08-05,49,119645,QZLBC2200469
14ny3vlL25p6Vix2Sb8k1b,Do It All The Time,I DONT KNOW HOW BUT THEY FOUND ME,2018-08-24,61,167803,US5261823005
586LZeBShW57whWlD2iXu0,"You, Love (Interlude)",Lizzy McAlpine,2020-08-13,44,49893,GBKPL2015632
77ixMBo91onYG37mAZiaUj,Better By Myself,Hey Violet,2019-04-12,48,194409,USUG11900503
2niETvNkIt86p4wuKTkMIl,Partners in Crime,FINNEAS,2019-10-04,57,223283,GBKPL1967674
6oQyijuAVv8HMvT5kok5EQ,Oompa Loompa (Reprise),Hugh Grant,2023-12-08,44,65376,USNLR2301738
34nlIUkkDybtZAyEnvcpLL,You Make Me Feel,EASHA,2021-06-11,48,186562,TCAFO2193370
2k6qMVHTTzR5tJDjf1855E,Say It - Spotify Studio Oyster Recording,girl in red,2020-05-15,49,173175,GBKPL2001945
2wDdIa985VGHn5T1b6I1sK,we were girls together,Delaney Bailey,2023-06-28,0,137136,QZMEN2373936
2Z8YfdHluwoDLN9AxqaQaC,Like Before,Couch,2021-02-26,1,206971,QZFZ42123220
5ukAQcKEIJuzIbP55xp07x,LEMONS - Demo,Brye,2020-03-20,50,193207,USA2P2012611
4pOTM8mcaosHV1SbcJg4xl,Lucky for Me,Laufey,2022-10-14,58,144093,GBKPL2215407
1LmkdWSxjCV7wKTPsCvYWN,Winter Wonderland - Spotify Singles Holiday,Laufey,2023-11-14,61,132800,QMFME2359177
0rbKrBvZUYY9GN9l057BuY,"always, i'll care",Jeremy Zucker,2020-04-17,66,146160,USUM72001551
61k8ZA1BqCYXOrevJtzuH8,The Elevator,Lizzy McAlpine,2024-04-05,54,100266,USRC12301889
0nb8EZAhGSMM66lrhLIsml,Haze,Tessa Violet,2016-10-14,39,226440,ushm21662310
6SqT13xIwmd1YmeV8nV1uv,You've Never Had Chocolate Like This (Hoverchocs),Timothée Chalamet,2023-12-08,52,73345,USNLR2301723
3ZVFcD8Wlw9T9klGqmJf9F,Florida!!! (feat. Florence + The Machine),Taylor Swift,2024-04-18,72,215463,USUG12401035
0VLz3LRwGiPmnFL89JM8nH,Quest for Honor,Darren Korb,2017-07-25,16,83258,TCADE1746740
7yndcn7hoFZNNSbQYBKq8R,Willy and Noodle at the Zoo,Joby Talbot,2023-12-08,41,145508,USNLR2301728
0Y36El0k8fS2myogTVGXKP,All This Space,Stephen Day,2021-08-20,44,146897,TCAFQ2155827
4iUt4PddTybyCrpQAMoJH7,I should hate you,Gracie Abrams,2023-06-16,66,258948,USUG12202351
6vOcpn5zG3tAgSs5TCYR1o,Summer Child,Conan Gray,2022-06-24,59,179967,USUM72204109
10gvzlGLv9gEgfHORWtc1C,bonfire,wave to earth,2020-01-02,2,280541,KRMIM1925217
2EDxQGcJlVi32jBCXzUZhL,Beautiful Stranger,Laufey,2022-10-14,54,201266,GBKPL2298390
1FCdsMKI7eauYb1PJGGTbO,Missing Piece,Honey Butter,2019-12-02,44,229498,usl4q1930786
2Mznk1E3UAmLhLz2tVtXGT,Bookstore Girl,Charlie Burg,2018-07-20,47,203076,QM4DW1850623
3C8Z6rLzMjQiDSkZxpRHxV,Pedestal,Em Beihold,2023-10-12,38,191555,USUM72314422
4lhhYqzREcts4uOOqWHjRJ,Apollo,St. Paul & The Broken Bones,2018-09-07,58,283879,USQX91801487
1RyqmamAZTAB9WSZpX4S3f,perayaan mati rasa,Umay Shahab,2023-08-03,70,285810,QMBZ92392725
5kHvUNjWJR6DtSVaaYlJ2Z,hell or flying,Jeremy Zucker,2020-04-17,41,241213,USUM72003324
3qhlB30KknSejmIvZZLjOD,End of Beginning,Djo,2022-09-16,91,159245,GBKPL2205058
6dKtFsA6I8DZXfcclKoXRy,Happy,Scary Pockets,2018-05-09,27,150189,QZBRF1835649
6xsJn5g4oc2GYax11iFwCS,I Want You Back,Lake Street Dive,2012,59,259265,TCABF1243951
1S4dxxePAL21FZfgjdn5k0,For Months Now (III),Madi Diaz,2024-10-24,34,247000,USEP42404016
27KqSOzLiN6p9sjs95MnZg,Automatic,Lake Street Dive,2022-08-12,51,238613,USC4R2217336
45PRcjOnvjz6VMl7tI3O3c,You Could Start A Cult (with Lizzy McAlpine),Niall Horan,2023-10-27,56,194869,USUG12300238
6MXWILJmxK5lxBfAbAF2b9,We Didn't Even Date,Katherine Li,2022-02-10,0,177567,SGB502203194
5EXD5rXJ4IVb8g4xSwT0fc,If You Were the Rain,Stephen Day,2016-04-08,56,220588,TCACN1616268
03ZKxhlHbEK1L6xZHUEd5l,Finish Line,Delaney Bailey,2021-10-15,62,158048,UK6KW2100758
4GOfwIZckKlsgnt62esc40,Is This What Love Is?,Wasia Project,2024-03-20,52,217002,QM4TW2437258
00WULWtG4sSiShhyyVjPTh,Tandem Bike,Emma Jayne,2017-08-25,22,197360,TCADC1770329
4Y9Ge3i5r0vgFAZq653Yx3,Second Best,Laufey,2023-09-08,68,204813,QMDA62312085
6ZwtFt5fqL2QqbYdKsP2k9,Colours Of You,Baby Queen,2023-11-10,40,255346,GBUM72202301
1m9TZ1dpYEQnczSsI6z9Ku,"Pure Imagination (from ""Wonka"")",Timothée Chalamet,2023-12-08,63,187997,USNLR2301737
40GKeaD28h2nN9ap6qKC68,Deep End,Holly Humberstone,2022-10-24,51,171662,UKW522000001
4XHYJpbZL8ytyoZ5olW4nP,Know That I Know,Lake Street Dive,2021-03-12,56,242809,USNO12000097
4ekAGD4ZpYN7bmjJISRI41,good 4 u,stories,2021-10-15,15,146320,QZPJ32114987
4g3OtIGg9Xzhl7uTHDOK5V,Is This What Love Is?,Wasia Project,2024-07-11,27,217002,QM4TW2437258
5aKbhBbcywr6MdE6QfQ7ib,Noodle Gives Affable the Ledger,Joby Talbot,2023-12-08,34,87503,USNLR2301742
5pdc3oeoqidUv0pem5xenZ,Bewitched - Rework,Laufey,2024-06-07,50,262876,QM6N22490056
2MOOJh1xUgND4rLjB6h4jY,Get Up (Before The Night Is Over),Technotronic,1989-11-28,61,337093,BED019001477
59qmUODXmHXiWwvG8WdzEW,Love Is a Beautiful Thing,Vulfpeck,2018-12-07,42,233314,TCADW1815720
4PCsSHOvnIXh2TBdEzb0pr,Same Boat,Lizzy McAlpine,2020-08-13,55,202800,GBKPL2015629
0OuOPYd05eORfLw94apb8j,Street by Street,Laufey,2020-04-06,63,224098,QZDA42007629
5zQR0qoA4S1Iwj2bAwW03a,Best Friend,Laufey,2021-04-30,67,164277,TCAFJ2195330
7nUH7Adn5fq3xLGQQ6ug37,Britney Mashup: Toxic + Baby One More Time,Pomplamoose,2022-07-08,30,172400,QZGWX2155497
5a1aZ8imxtifdzQPftBTma,Sweet Tooth,Paterson Joseph,2023-12-08,50,130006,USNLR2301727
0ACoy3rzW779jyh76PI3UD,On Top of the World,Stephen Day,2021-08-20,54,239044,TCAFQ2155611
6bPF8VDAb12I4TG7IZjVeX,Workin' on Lovin',Juice,2018-06-14,48,234026,QZDA41832778
4S5F8SY0JV4xBm2juOXwSC,Really Mean It,Katherine Li,2024-01-18,0,194262,SGB502394174
0b0rwzZCms56M9VvEWkd0M,For the Time Being,Sammy Rae & The Friends,2022-07-15,39,245333,CAN112200459
0gPuDqBxwsManRTW6SfnM5,Glad I'm Not Alone,Victor Franco,2023-08-04,28,207194,QZLBC2309612
07glT1JH8qWRe3Om4dGcrC,Misty,Laufey,2024-04-26,53,209800,QM6P42387621
1zyVwJTIAkKEFg5WQmD4ZZ,Alexandra,"The Army, The Navy",2024-03-08,55,184527,QZS7J2358569
1pwm0FrNaeWIBy0OzqHIAC,To Get Better,Wasia Project,2024-08-29,47,317041,QM7282410449
50hI5ZXc0HC6igFXqrZ0xw,deja vu,Scary Pockets,2021-09-27,27,235498,QZPJ32120962
1bx9j48IeWnDnPqcTTqT8Q,Haunted,Laufey,2023-09-08,63,200626,QMDA62312086
2vjX1VkntJPIQkqwbJQvoa,do u really?,Lyn Lapid,2023-06-23,54,161120,USUM72300332
0EkUrEcg4DiQjVTuS2pDrh,Beautiful Stranger - Live at The Symphony,Laufey,2023-03-02,47,211733,QM4TW2367754
1sPaM56bzdnprqcwxbUvau,Nothing Left to Lose,Katie Lynne Sharbaugh,2021-05-01,33,159186,QZES62175665
5125gTidGz2jJSSDpUvdMt,Gemini Moon,Reneé Rapp,2023-08-18,55,160579,USUM72308742
2qyDx7MvNN6k8S9uVlbglv,Some Italian Mountain,Sophie May,2022-08-05,43,157245,QZLBC2200470
5DCBuVn6pMdTqFFDLVc25A,Edge of Seventeen,Magaziine,2023-06-08,17,229124,QZPJ32221266
0qL3JquOSa7ErWX3RXfUgo,Habits,Genevieve Stokes,2022-09-16,68,134865,USAT22210856
3GKFo6nRa2xnPXlZlKWPQo,never been in love,Gatlin,2020-08-21,50,186314,TCAET2077392
46gvG4Btf56iVXysXR3KLn,Hi,Laufey,2022-08-26,53,193573,GBKPL2298397
4TvZH3MgJ1ZNBPquN2xwjK,What Love Will Do to You,Laufey,2022-08-26,61,171253,GBKPL2298393
46kXlOq68HXFrhkxGV6qtI,All Falls Down,Lizzy McAlpine,2024-04-05,60,171840,USRC12301893
07OPaHl91cRxC7Q4DQloxi,How Deep Is Your Love,Scary Pockets,2017-06-01,33,133250,QM2PV1745844
5m9OR6G4lNt9Da6dy1xpHx,Never Gonna Be Alone (feat. Lizzy McAlpine & John Mayer),Jacob Collier,2022-06-10,49,249946,GBUM72203164
7epHo3miOIJ3fYEPAdCAf9,Angelina,Lizzy McAlpine,2021-04-21,57,225500,QM24S2102292
0LqCvXVNvcnkq78sCQsoO0,summer,keshi,2019-07-16,61,165213,GBKPL1948834
4zViEBkXQ68ObajzhGSqfF,Coffee Stained Smile,Delaney Bailey,2021-01-22,56,180912,UK6KW2100006
3uFp6gGgNMtSEmzx1cHTG4,Half of the Way,Vulfpeck,2018-12-07,41,196905,TCADW1815705
4kSC1tqpUxYdZTqtA0aztf,Must Be Love,Laufey,2023-09-08,62,184960,QMDA62312087
4ylj6KTRlC25nhizGTlFPA,the alternative,Lyn Lapid,2023-06-23,52,183693,USUM72308555
4fPjI40ElIwJQ4DJJxSCOe,Attracted to You,PinkPantheress,2021-07-09,74,67638,QZFZ52144176
263eNa0ryn0kWpKSbLXCOK,Dreams,Scary Pockets,2020-04-03,38,255077,QZDA42004171
3diD8b3u6oEn74BezQpujj,Kusut,Fourtwnty,2018-04-20,63,260003,TCADP1841506
70TM2AQY0TiC539o01iFJQ,Primrose,Mary Spender,2019-08-09,17,307498,QZFZ31960745
7I8qPfmUT4kofEFX0FlkLS,Over-the-Ocean Call,Lizzy McAlpine,2020-07-13,53,244402,GBKPL2009717
1BwUH7WAF6xfThHXH5ATdC,Let You Break My Heart Again - Live,Laufey,2022-09-22,48,280120,GBKPL2213776
35IcAVSMsU9qzHfpPbvC8A,Feels Like,Gracie Abrams,2021-11-12,77,152317,USUG12001932
0Exki6SgSuYfWQDP0npFlF,Pushing It Down and Praying,Lizzy McAlpine,2024-10-04,70,234076,USRC12402570
1nuK1tfVQPuMMfi12Q81kT,Let Me Love You,Scary Pockets,2020-04-03,45,200000,QM7MR2000140
7etPhiKxGfTihLqeDnvo9w,It's Gonna Be Me (feat. Brasstracks),Lawrence,2021-07-23,36,203653,QM24S2103875
33JtNLiczBlcVTAzxRqXEv,Killing Me Softly,Scary Pockets,2017-11-13,38,200000,QZANL1743807
4sHoInt3cgrylWmAS4WYnU,Oh Love,Delaney Bailey,2022-12-16,0,165600,QZHN52288046
0lEWIegMNMQ7W1ooB1zWT2,Sure Don't Miss You,The Dip,2019-02-08,65,174520,TCACZ1777416
3OrWcKf5zbAJV7wiVfD9Ma,Scrub Scrub,The Cast of Wonka,2023-12-08,51,109991,USNLR2301725
2esZG2XFtuoWWA9AfDvSxy,Gata Only,FloyyMenor,2024-08-09,81,222000,QZL382406049
3UXycXdtLSbUUCu4zYux6A,putting a spin on hey there delilah,Egg,2020-02-11,49,215479,QZFZ32025482
6ULJFyP87cAN5tSwBm5XnA,a boy named pluto,Hailey Knox,2020-10-16,46,201470,QMRSZ2002326
5L3FlmnCvJY2SN2jzvUwxL,Means Something,Lizzy McAlpine,2020-08-13,56,144631,GBKPL2097424
0OF3lDc1c9Ws1WyElEUnnW,Have Yourself A Merry Little Christmas,Norah Jones,2023-11-10,44,258332,USUM72315028
3uAk1bGnkgBOybte47PUm1,Across the Ocean,Prism Trio,2023-09-17,48,163570,QZAKB2352294
4vjFL3VnYcaJqX1HmQEBRa,The Nearness of You - Live at The Symphony,Laufey,2023-03-02,56,168400,QM4TW2367748
4cihlIG9MQWqFN64CR1kSa,"For Life (Take You Out, Treat You Right)",Stephen Day,2019-10-11,51,196386,TCAED1976978
51BXUxZhfG6V51uXNwRHe6,In Agreement,Lizzy McAlpine,2021-04-21,52,227488,QM24S2102288
7HBPnBqfJn3OR77xeC1Zp1,New Equipment,Chris Remo,2016-02-09,34,69721,TCADT1815656
6cx5CvFhqN19efStehJqoW,Valentine,Laufey,2022-08-26,79,168906,GBKPL2280365
7wCEgeKClkmEkuFcXybCQC,I Want You Back,Scary Pockets,2021-05-10,22,172696,QZGWX2172806
6ONTW7En776d3rHoJ2oynA,Want Me,Baby Queen,2023-11-10,46,258319,GBUM72003860
2EFI8iW7TkvdPkuGxLT5mA,Death by Chocolate,Joby Talbot,2023-12-08,35,259747,USNLR2301740
4lTJw12j9YhhdqzJNKLd7w,"You, Me, Lonely",FIZZ,2023-10-27,31,220614,GBUM72302382
3vkCueOmm7xQDoJ17W1Pm3,My Love Mine All Mine,Mitski,2023-09-15,89,137773,USJ5G2335007
7qlvp7ptVkvpHWEGV4NkCJ,23 (acoustic-ish),Lawrence,2023-12-08,32,282173,QM24S2308333
3usozzhsqnw7XnQt9WB3hX,Ghost Adventure Spirit Orb,chloe moriondo,2020-04-24,41,177009,USAT21907074
5SSN6VUT5PduTBsGbTd2Sd,Never Had a Chance,Katherine Li,2022-04-04,0,145520,SGB502246485
0sgsR2x5coRFacb9dyRL5r,Footloose,Scary Pockets,2018-09-23,33,173260,QZDA81836869
1ed6sZgCqTJelS9nq2AWmJ,Mamma's Secret,Joby Talbot,2023-12-08,40,162330,USNLR2301736
2f0Q46mx44CJyZfab01J12,Valentine - Live at The Symphony,Laufey,2023-03-02,50,180320,QM4TW2367678
22zpfWu4q7KaryXMnfG50d,Welcome to Scrubbit's,Joby Talbot,2023-12-08,43,196249,USNLR2301722
0pfpeTGQOWlGp6YUUbBD42,Bewitched,Laufey,2023-09-08,70,246693,QMDA62312097
6dA1JQt3f3meGzahhNN75m,California,Chappell Roan,2023-09-22,68,198089,USAT22002977
753iehfOnYSmjVfjx20znR,While You Were Sleeping,Laufey,2023-09-08,64,177493,QMDA62312088
0ufGu1NoCEIpGkBcF1dT6g,Good Looking (Stripped),Suki Waterhouse,2022-08-18,50,217690,USSUB2253704
4gJXJkd0zFFanZL2w0RsMB,Where or When,Laufey,2024-07-19,65,203300,QZPEW2476728
6Yt779dZmIFxoDoBZOhkSs,A Big Brown Dog Named Bagel,Nep,2024-03-27,0,205462,SE6XX2237794
63UbtEcqpisAAU3CWLWVA7,"500 Monks, 1 Giraffe",Joby Talbot,2023-12-08,38,264252,USNLR2301739
1ozWhltP7jnU01qOMWYBXH,star tripping,Kevin Atwater,2022-10-05,42,154054,QM24S2205165
4BzL0gi5iQAEoXvISn95Md,Beacon,Matt Duncan,2010-05-01,63,214360,USQY51336643
4J7JZr3LfTC96SLjbpIyDe,Stupid,Lizzy McAlpine,2021-04-21,50,222000,QM24S2102294
2ZruDrZNamNh3I9BKcwWbA,Don't Write Me Off,Hugh Grant,2006-02-13,42,150786,USAT20700318
6JHwXVyjq2SYY7mVqgpTDj,called you again,Lizzy McAlpine,2022-04-08,53,192757,GBKPL2280160
4LFLaPUVbDWQ6bhHjeNYNP,Cry Me a River,Magaziine,2023-06-08,12,214349,QZPJ32223571
0ofMkI3jzmGCElAOgOLeo3,The Rhythm of the Night,Corona,1994,74,264280,ITA199800041
3Nvfl1xalCWEkSiLUMxcrl,Could I Convince You,Katherine Li,2024-02-14,0,212109,SGB502394744
3Vevii7qKqrmW8CcyzBHDl,"So Long, London",Taylor Swift,2024-04-18,72,262974,USUG12401032
6l6VorBrQut6Ee0p19lYvG,Not over You,Tessa Violet,2016-10-14,34,193493,ushm21662309
1Ukxccao1BlWrPhYkcXbwZ,From The Start,Laufey,2023-05-11,77,169573,QM6N22309399
4VYSsQAbDCvEjztw1DUOjq,Everybody Wants to Rule the World,Pomplamoose,2020-05-05,39,198267,QZGWW1974939
5qVRDemV409QNWWzb4EElk,Falling Behind - Live,Laufey,2022-09-22,45,149173,GBKPL2213773
2xFmXeAKtzrG1ZQBT6adKc,Keep The Rain,Searows,2022-09-30,19,287676,CAENV2206973
3fKpSA5w8iqLe9sNdIDESW,Call Your Mom (with Lizzy McAlpine),Noah Kahan,2023-09-15,62,278670,USUM72313039
3b5MPNYlX8ztJowxAwzTai,Winner,Conan Gray,2023-08-25,54,217209,USUM72311980
3vcPpaLeTqELKCocWv5vb3,Like the Movies - Live at The Symphony,Laufey,2023-03-02,47,212000,QM4TW2367742
4s7LOaJspehPOffjcqD83L,So Is Mine,David Ryan Harris,2022-05-26,22,255980,QZPJ32172360
5oJq5DRCPPK6N811dl4C3U,The Oompa Loompa to the Rescue,Joby Talbot,2023-12-08,35,82187,USNLR2301741
07hbdNti9gk29sidptgZou,Everything Ends (feat. Lizzy McAlpine and Tiny Habits),JP Saxe,2023-09-22,39,133626,USAR12300168
5MlvAB51sadP8tIIhdXEkQ,Pager,Lyn Lapid,2022-04-15,43,166480,USUM72205347
1pyfaPU3aw8JorXRJQf6cs,It Could Happen To You,Laufey,2024-04-26,62,127853,QM4TW2430374
204t5SErksNRHRhU52g5JF,Oncle Jazz,Men I Trust,2019-09-13,64,57876,QZFZ31973919
1tXKuzYRdQsKa32ZUPiq0A,Itsy Bitsy,Lyn Lapid,2021-01-29,44,177013,USUM72100623
5BN59BDczcpxstFKILIH0q,Savior Complex,Phoebe Bridgers,2020-06-18,67,241640,USJ5G2020008
5H1IwgfILFhjPjAIuJqVtG,The Letter 'A',Joby Talbot,2023-12-08,39,97289,USNLR2301730
3QSnkhUvoPS5QogonimPfk,Always Be My Baby - Recorded at Sound Stage Nashville,Anderson East,2018-01-31,50,254834,USAT21705343
6aRmjhWmg9pAioffjegxtp,Movie Star,Lizzy McAlpine,2024-04-05,49,92040,USRC12301892
3s31XYGfswV1CR3UFCP2Sx,Just Like Chet,Laufey,2022-10-14,52,216453,GBKPL2298395
7eheoW4hxrH51ww2QePVwF,Gonna Make You Sweat (Everybody Dance Now) (feat. Freedom Williams),C & C Music Factory,1990,72,244093,USSM19000533
10eyhDAjsfbZHb1rJ1S2WH,Ready Aim Fire,Carter Vail,2024-07-19,42,154374,QZVG82403204
5DqSZFvWvSWg5eyCDi0CuW,Kita Ke Sana,Hindia,2023-07-21,76,282675,DGA052349019
0DfkLX1C6te9mUNCJvFpJ2,On/Off,Carter Vail,2021-06-10,36,203225,QZHN42141244
49VSK1KMCx9GdfQnXtg7BQ,Valentine,Laufey,2022-02-14,51,168906,GBKPL2280365
2UGWhW5YmrEDUDRB3H1fif,Little Chaos,Orla Gartland,2024-05-15,42,174893,QM6MZ2408584
5qZRyl3QDa1PbNXuYfBCEP,Tuhan Sebut Sia-Sia,Amigdala,2018,64,317453,USA2P1849054
1H1ODNzLPam5SjmSOOChyU,Can I,Genevieve Stokes,2023-04-07,38,180561,USAT22214967
0ZrmeApk2p2FY4BGvQHPoZ,Lady In Blue (Pickup Live Session),Lizzy McAlpine,2019-12-03,35,190217,QM24S1927016
1YyuWpjpjz9N39aqfqGXYV,Slow Lane,Alfie Jukes,2023-07-28,39,169000,QZNWR2382290
1TAC5SANfK7l6wGHtUQ7MX,Lone Digger,Caravan Palace,2015-10-16,58,229804,FR89R1500001
0WbMK4wrZ1wFSty9F7FCgu,"Good Luck, Babe!",Chappell Roan,2024-04-05,95,218423,USUG12401967
1tavnJYqOK4qdQu7hCddPC,Every Breath You Take + 500 Miles Mashup,Pomplamoose,2022-07-08,29,180693,QZGWX2181470
6l7iIfd4jGqUYbYnbeMvwa,Sour Inside,Stephen Day,2016-04-08,40,222857,TCACN1616278
47OE7SWp17bIHAlzznLEdq,Dear Soulmate - Live at The Symphony,Laufey,2023-03-02,46,292000,QM4TW2367724
4h3Wmtqn7EhMu0NVXII06h,Burn (Loop Version),Elise Trouw,2018-05-06,24,167880,usdy41830497
120tmueqvWTGdHET4u5sPP,Wonderwall,Scary Pockets,2017-09-24,37,222000,QZ9JZ1775080
4o3QnbzC8DoyUqe6nv5ExE,"Sorry, Noodle",Timothée Chalamet,2023-12-08,45,88313,USNLR2301735
2W779g2UrRZtVdf3FcEOO1,In My Mind,Lyn Lapid,2021-08-20,70,162794,USUM72115062
7HbMHjGwiPNGEAMpTBrplI,Takes Me Back Home,Wasia Project,2024-08-29,41,193137,QM6N22478964
7ijN634pExtKjNIm7vvvAa,History Of Man,Maisie Peters,2023-06-23,62,208280,GBAHS2300122
2ByjQyy3BYUdP4Dz84mlHg,Slide,Frankie Cosmos,2021-10-13,36,60905,QZAZS2107813
59Y1f3y8FuLjadWY9Bx2LC,Letter To My 13 Year Old Self,Laufey,2023-09-08,67,262680,QMDA62312096
2wFGq8rFKLPX0dkAwUwY8s,Let You Break My Heart Again - Live at The Symphony,Laufey,2023-03-02,50,302000,QM4TW2367751
2A1HiGqQd4KNEyiE994v55,I Knew,Lizzy McAlpine,2020-08-13,50,194840,GBKPL2015626
2qLyo5FeWquE7HBUbcVnEy,emails i can’t send,Sabrina Carpenter,2022-07-15,72,104408,USUM72210693
6XQzy3sYwgCKPCwGvTWQ7o,Rainbow,dodie,2020-12-11,37,166876,QMBZ92061367
2e99VkUhB9ydNPYdfbNxCx,Vienna,Ben Platt,2019-10-22,48,209631,USAT21905964
4u1cRUVmE8jGI36hht6nRl,March,Lizzy McAlpine,2024-04-05,48,161493,USRC12301901
17Wks0pgofBbv53Ay7m4Jc,poster boy,Lyn Lapid,2023-06-23,60,166306,USUM72304948
5HO2RD12vZ5NcIdAULo43M,Best,Gracie Abrams,2023-06-16,71,233499,USUG12202347
4R2DDseYW2tsmMhvdQQ2Po,erase me,Lizzy McAlpine,2022-04-08,59,214468,GBKPL2170841
3xkHsmpQCBMytMJNiDf3Ii,Beautiful Things,Benson Boone,2024-04-05,92,180304,USWB12307016
7ySoma7tOtUTPSELihpcko,Vortex,Lizzy McAlpine,2024-04-05,55,343360,USRC12301902
4udwC9nPbT6JXPUwyRmYnk,i'm confident that i'm insecure,Lawrence,2024-06-20,34,162200,QM24S2305273
30TMiaI1TpsUzJAI8ZIduk,pick your brain,Lyn Lapid,2023-06-23,52,219800,USUM72308546
2JN3ugW1cEahbYw0I5mw5U,Astronomy,Conan Gray,2022-06-24,76,243907,USUM72106337
3g62EjDXLltUvmgEFDn9eN,j's lullaby (darlin' i'd wait for you),Delaney Bailey,2022-12-16,1,289040,QZTAS2189795
6pYStr5mExsrLBeQqc4Lbl,September Told Me,Juice,2018-06-14,38,255880,QZDA41832779
42S2G34aFGrY68idLUPyHt,Thank God It's Friday,Mike Coen,2024-02-23,51,233319,SE5W32400204
2v1ivOOsgn64g5OywuH55L,The Smallest Man Who Ever Lived,Taylor Swift,2024-04-18,71,245541,USUG12401041
4mTd21pyWajN252LcouVIm,Sleeping On My Dreams,Jacob Collier,2020-08-14,42,256786,GBUM72000357
29Qre8uUWCuPUz8Oem2MYI,Spanish in Chinese,Zeauxi,2021-11-27,46,105321,SEYOK2035039
48Cp5S8EeXgF2lRe6AyvUz,Pure Imagination (Opening Titles Version),Joby Talbot,2023-12-08,46,65028,USNLR2301720
7LNV7SS5RPQShWMenVPBH9,Real Contender,The Dip,2022-03-04,0,201933,USDMG2137906
1YXot2MLAG9sttepCtBRM7,踊り子,Vaundy,2023-11-15,74,229328,JPR652100061
30ZvrgNk8y7CzeqGLDYJK0,Rocket Guy,Carter Vail,2020-09-25,22,161811,USQB52000512
3NjkBVj1BPB32SxY6qj1pI,Wake Me Up Before You Go-Go,Pomplamoose,2014-07-29,27,181104,USE830930456
2NHcCtzDui5P1ajfxubXVL,here we go again...,Mikayla Geier,2023-10-18,0,227615,UKXN22344138
2eAtxc1L97UPkxDf4LFtrK,Pretty Dirty (In the Fading Light),Ripe,2013-05-04,46,343404,TCABN1388795
5FYghZkT1UZtYL1IOPa8T2,Love Letter From The Sea To The Shore,Delaney Bailey,2022-12-16,0,191960,QZK6H2279196
2SPbioo65CuUB3H0aW1ID5,Bored,Laufey,2024-04-26,73,213213,QM4TW2430371
650FMW6fp1q1xDNGUuWudw,1000 Miles Away,Riouth,2023-07-14,0,288789,IDAC52390033
6dRjQxGUFZRY3ydat2JSu7,To Noise Making (Sing),Hozier,2019-03-01,48,206920,IEACJ1900003
3gRJynimeVjLlVoGtjzhtE,Force of Nature,Lizzy McAlpine,2024-10-04,57,242311,USRC12402861
1L4oBWTNSXuWCx419F1YnZ,Kiss Me,Pomplamoose,2021-02-23,42,187075,QZGWX2010520
6BQPRUFGHsgtNYJxuwhktR,This Is How It Feels (with Laufey),d4vd,2023-05-26,74,284305,USUM72305204
5V93DZxOOLqTT5zF8uWOm2,Hot Mess,dodie,2022-09-02,38,174558,GBCEN2200124
66yvX4stoMKIiTcZeDJGpt,A Little Bit of Everything - Spotify Singles,Lizzy McAlpine,2023-04-05,54,317106,QM6MZ2300543
586XY9PKIeyOtclmPvF1yS,Night Light,Laufey,2022-08-26,56,242186,GBKPL2298399
2R05HGHjfDXtz24bVoYHOu,Kindergarten,chloe moriondo,2020-04-24,47,145625,USAT21907070
0yM1sU6TAp8OEhwTC1ImNN,Dirt Man,Carter Vail,2024-03-13,56,35666,QZVG82403401
0W80RUTEEz2g4tI0Gi80PW,Fuck Up Your Shit,Carter Vail,2024-03-13,35,44000,QZVG82403402
1sjAoaDDTfeCrwz7rL5iaH,I Kissed A Girl y Me Gusta,Pomplamoose,2019,28,208929,QZ22B2067823
4zKYvJ7otMr3j9GtfLPm4c,The Real,Busty and the Bass,2015-06-23,44,291507,CAI251515302
5oEJyOsT68BDRwLoQQJl6W,Misty,Laufey,2023-09-08,61,209800,QMDA62312094
2hn2meFaK76jE4UVkPCvwe,Maybe It's You,Viv & Steve,2019-04-17,22,196821,USH241900002
5eBZPQjBjCRXKsu9DnfS21,False Art,Ben Kessler,2020-10-15,48,183454,QZ93L2048412
3KZMw5OzWmH8wfxkffhUqu,House Party No. 1,Blossom Caldarone,2019-09-27,11,238841,GBKPL1963719
1haEW65uXhvn0oy4Caiaje,I Say a Little Prayer,Scary Pockets,2018-09-23,39,162760,QZDA81880149
0aQuBy6wRLPE3Al7Eqv3Fa,Party City,Sir Woman,2022-04-20,0,264000,USF2M2100941
24BsZ8lMbzHz1C2QjuP6Pd,Sleepwalking (feat. Sasha Alex Sloan),Zach Hood,2024-11-15,49,176519,USAR12400381
72Y8v9ZjNI8mkCvqpUiaBO,Soccer Practice,Lizzy McAlpine,2024-10-04,62,238090,USRC12402859
1YxQxV5sKZN1TgVpXl5MLA,Dreamer,Laufey,2023-09-08,70,210826,QMDA62312084
6aaPlV81FtDuU7nMwD3kbr,A Big Brown Dog Named Bagel,Nep,2023-01-20,42,205462,SE6XX2237794
6aIfPfQrAmgLnZOutU247J,Bored,Thomas Headon,2021-03-26,40,159548,US23A1533793
71mYsAoHryAHkwvdq2Ow9w,You Don't Know Me,Pomplamoose,2019-03-21,13,229109,QZ22B2082506
4JOcIHUybIsL8a9pBpnIVv,Flying Chocolatiers,Joby Talbot,2023-12-08,41,86537,USNLR2301724
2HCfkGC95wUEkfHrMudUqQ,weird,Lizzy McAlpine,2022-04-08,44,209299,GBKPL2280162
5xBe1lhYyqrdYmxz1TPhTE,I Don't Need You To Survive,Delaney Bailey,2021-11-12,48,140383,UK6KW2100779
4AKSoFYpOKR2uV1MrBDGoZ,why did you invite me to your wedding,Kevin Atwater,2023-09-20,53,164355,QM24S2306508
5rukTp7yZJgpIKO7eDuwZg,old fashioned christmas,Lyn Lapid,2024-11-15,39,205240,USUM72413544
50v3d8khAIXOBBmIVbOM6Q,I Still Haven't Found What I'm Looking For,Pomplamoose,2021-02-23,26,263226,QZGWX2058604
6RSG1dKPV5gEvILwJb4QtS,loml,Taylor Swift,2024-04-18,72,277156,USUG12401039
0v0XEH9pzcIPKrehl914ky,Laut,Midnight Serenade,2024-11-29,59,270000,QMFME2435861
45dJrdg8O7Rz1XAlffMc9N,Dream Boy,Stacey Ryan,2023-10-27,43,204376,USUG12308002
7vuTIC1zVc3i5VffKd2cHq,Better Than This,Lizzy McAlpine,2024-04-05,52,214546,USRC12301898
2osA04Ftqanbf9P3uJjTJb,O.P. Jebediah,The Dip,2015-04-14,56,242773,TCACF1522242
6Fw5CcScOe4Gr37Eos3P4r,Ugly,Ellie Dixon,2020-03-09,21,200000,uscgh2085454
0No1Mcz6DJ9HlPAICTqI2v,Stranger,Miki Fiki,2017-11-17,10,231593,TCADI1731852
5Nc3vGiiHFyQegUNjsboj9,mona lisa,mxmtoon,2022-05-20,55,190052,GBKPL2278099
2zG6jWvzlPnYNp2XPkeVhs,In What World,Lizzy McAlpine,2021-04-21,43,204074,QM24S2102295
7h3bcoYiTGlmz7NLW08Cts,Headstones and Land Mines,Lizzy McAlpine,2020-08-13,47,155426,GBKPL2015628
78fJOZkbhtIdFvIvvO8Mu0,Seven Nation Army - Remasterisée,Ben L'Oncle Soul,2010-01-01,54,177853,FRUM70903150
3QRM0qZB7oMYavveH0iEqx,Here Comes the Hotstepper - Heartical Mix,iNi Kamoze,1994,71,250466,USSM19402084
0IcQVGl2Y8Rkf6ezmn4RHD,Serendipity,Laufey,2024-04-26,53,219906,QM6P42387623
2jkHDRWH6ZsDFvUtFK4Bip,September Serenade,Gene Hart Trio,2024-08-30,54,167000,SE5W32414183
1SdkSIyVEBu8o9ZsJnTJqO,Nick Of Time,Lake Street Dive,2022-07-15,46,250346,USC4R2217340
3X87xXj9SO8crggRjenwYZ,Ég Veit Þú Kemur - Live at The Symphony,Laufey,2023-03-02,55,216733,QM4TW2367728
79ypoYIQQniYFbUDUBKvLP,Fast as Fuck,Carter Vail,2024-03-13,36,30720,QZVG82403404
1WCjhRs2WBgyeGaybCX2Po,Graceland Too,Phoebe Bridgers,2020-06-18,66,236350,USJ5G2020010
1HRtVWNhS9tEvDQyOKD9Fs,Don't Stop 'Til You Get Enough - 2003 Edit,Michael Jackson,1979,58,236440,USSM10313531
0FAdft85l0fYbs8qHnMakf,If I Weren't Me,Katherine Li,2024-02-14,0,151631,SGB502382579
0dL0y3s5qiMESufGOY7C3h,Twenty Two and Some Change,Stephen Day,2019-10-11,44,174240,TCAED1976988
6liqkiqXho5TR8riHS3FBH,Don't Dream It's Over,Morgan James,2020-10-09,0,200313,QZK7P2000023
0Ah2wJirVEGUITkcPU6ali,Trouble,Laufey,2024-04-26,62,171760,QM4TW2430373
6A3D7GFWAeHS7d2Mh5nkDE,ヒロイン (Originally Performed by back number) -オルゴール-,オルゴール ミドリ,2015-01-28,22,241203,JPH451400195
74H6uHl17HLeYWshgDfMrX,Better Than Snow,Norah Jones,2023-11-10,46,166594,USUM72315026
17phhZDn6oGtzMe56NuWvj,Lose Control,Teddy Swims,2023-09-15,92,210688,USWB12302315
6G0HMtZVE5UhMp01uWnHad,Black Heart (feat. The Dap-Kings),Stealth,2021-04-09,40,174688,USUS11900016
1xwA8FprLFUHd9xM6trk4i,could've been you,Lyn Lapid,2023-12-01,45,187800,USUM72318013
7lLFkJIGJqdz3Oe6XmiYKV,nobody likes a secret,Lizzy McAlpine,2022-04-08,46,108778,GBKPL2280167
3PKxQ93NYX0LG6xs2JuM0j,Parking Lot,Genevieve Stokes,2021-03-05,45,161893,USAT22100703
2HRqTpkrJO5ggZyyK6NPWz,Espresso,Sabrina Carpenter,2024-08-23,91,175459,USUM72403305
6rEcXviYlZCEx01m1z7qZv,Come Down Soon,Lizzy McAlpine,2024-04-05,57,224960,USRC12301890
6zRZcXQacOxgBiiKe6na2H,Falling Behind - Live at The Symphony,Laufey,2023-03-02,49,175133,QM4TW2367729
5ao5BeXUi0FRKoP58rsUXB,Let Light Be Light,Lizzy McAlpine,2021-04-21,50,180482,QM24S2102289
2IChCRHxRCVbo8i2zP4NVF,Christmas Dreaming,Laufey,2023-11-03,4,153226,QMFME2347555
17bN37TI0A1ZqTB5XGvQj7,Oompa Loompa,Hugh Grant,2023-12-08,54,64834,USNLR2301733
5cxeDbK7ZEefo866N1vE8m,Valentine,Laufey,2022-10-14,54,168906,GBKPL2280365
5YZVINXGdthlMIrQAJKvKS,when ur around,Takayoshi,2022-12-07,12,101694,QZTB42292047
3Lw7zIcEyS4ZoR95EN08LP,White Light,Shura,2016-07-08,28,641056,GBUM71601363
0mDn9q0XZBVI3xICivkTY1,Curl up & Die,Matt Maltese,2020-11-20,64,202022,QMBZ91905228
1yDvme1TNme1B9qWArp6c1,Dear Soulmate,Laufey,2022-10-14,53,260026,GBKPL2298392
3lsGSsT7qt3XLnnkEEPlFe,You've Never Had Chocolate Like This,Timothée Chalamet,2023-12-08,52,228634,USNLR2301732
3s08bSH1iMzwpbt3EgF97W,How Do I Tell You?,Lizzy McAlpine,2020-08-13,49,186866,GBKPL2015633
1G9EQgDHJpQngoQLYKZYmu,Wherever I Go (feat. Lawrence & Michael McDonald),Jacob Collier,2024-03-01,52,165240,GBUM72309264
1xcfviDw2U2bCqRdeiXiRg,You've Got a Friend In Me,Cavetown,2019-12-13,41,138545,USWB11902445
4Z66AgIgtabDwpmPLIE6uB,JEWEL,Adam Melchor,2020-02-06,37,241225,QM24S2000620
0kfpT5XVwvOVAROUlh3ONM,christopher street,Kevin Atwater,2023-04-26,35,189969,QM24S2206519
26MJjeJ0NSOQDKeZzrEFMl,hate to be lame,Lizzy McAlpine,2022-04-08,68,156798,GBKPL2280166
7iyF7C1x7k606noMp9zFrO,D.N.A. Moves Like Jagger Mashup,Pomplamoose,2018-08-24,24,203006,QZ22B1990972
1eAXHyBCQijbrNhePcFXGK,"Hold On (From ""Dear Edward"")",Lizzy McAlpine,2023-02-03,36,156826,QM4TW2350175
4E4K8qooKOsDHpZrmquBGm,in my head,Mad Tsai,2023-04-27,42,224940,QZVEM2322694
1rA9VolfvqWbY4JI3rS8bG,It's Not All About You (acoustic-ish),Lawrence,2020-01-23,15,166000,QM24S2000526
0gOz9JUXsaKVzLTSmFDtdo,A Soulmate Who Wasn’t Meant to Be,Jess Benko,2019-07-19,63,316556,QZFZ31954857
2y1NtQ2ZfIq0zBUP3tOlbX,James,Laufey,2021-04-30,61,175970,TCAFJ2195510
1vqD0LaPZ3mgjRA7OUeXtf,Nothing / Sad N Stuff,Lizzy McAlpine,2020-08-13,52,267053,GBKPL2015625
0sdQ5hPULJilp0gpAXGq8E,Rocky Raccoon,Scary Pockets,2017-11-13,43,158000,QZANL1743815
5cddyAdFOA3JsC3MhYmc2Y,Everytime We Say Goodbye - Live at The Symphony,Laufey,2023-03-02,57,273546,QM4TW2367756
1vsggCwzIHcOKdmqZt2LKi,"Thank U, Next",Scary Pockets,2019-03-14,34,178793,QM7MR1704831
0WkcF1A4aQIrGQiodrVYEL,The Christmas Waltz,Laufey,2023-11-03,5,167666,QMDA72207000
6oCXDaFZYL7sHnowv6pdXb,Spring Into Summer,Lizzy McAlpine,2024-10-04,81,262518,USRC12402627
1RXysmMeZ1jvYgkpkCyYfi,Codependent,Sophie Holohan,2021-05-11,39,199829,US3DF2122963
7n7ibkmqKivXKOvlTBaAnS,Growing Up (Rara Sekar),Daramuda,2019-02-22,36,553625,FR10S1955942
60GNcfTVPbKYpdgyYDqUPq,Mr. Loverman (feat. Chloe Moriondo),Ricky Montgomery,2021-03-05,51,215482,USWB12100077
2dcPutROdT0VLw2ajhBwTc,Nocturne (Interlude),Laufey,2023-09-08,57,144066,QMDA62312091
6D2aYokxHoC0pr5L47SOBB,Mais Non - 1920 Version,Klischée,2017-10-06,46,191801,CHD241700001
5EszTBhrhj9NrQPSoZVIgL,firearm,Lizzy McAlpine,2022-04-08,51,182455,GBKPL2280165
2V6xyW0KBDHzyQ4Q0ZSq1W,I Guess,Lizzy McAlpine,2024-04-05,58,224413,USRC12301896
0FILw3ZbdxQFxR0ci91ONt,A Hatful of Dreams,Timothée Chalamet,2023-12-08,53,267439,USNLR2301721
3N0rdHyd2uyavMTaoTBOSZ,I Wish You Love - Live at The Symphony,Laufey,2023-03-02,53,169133,QM4TW2367725
0cCTtURCc4SYu9NHfbS7Ac,Method Acting (Demo),Lizzy McAlpine,2024-10-04,53,218983,USRC12402860
4smEceyd7k4ykSC5riSeFw,delay,Tiny Habits,2023-04-12,39,217687,QM4TX2394476
2G31WfcBUlMGZ8lpJ0bfA1,The Day That I Met You,Matilda Mann,2023-02-22,50,165080,USAR12300049
46RNrAkGsqWTDrv2ZPOAbx,Moon Song,Phoebe Bridgers,2020-06-18,71,277676,USJ5G2020007
4lR4pIGPQV7XcCsxm45Dnh,Out Like a Light 2,The Honeysticks,2019-02-15,15,271283,USA2P1910491
6xeqCawPZngDVqw2W2aGaR,Kembali Pulang,Suara Kayu,2022-10-28,79,207898,IDAA22200408
5TwOrHpV01ymb1vMFVRZJl,Hope - Acoustic,Tom Rosenthal,2020-05-15,47,223933,GBVHN2000005
5HQppSYyU4whulcnaYZyFP,Detached,Lyn Lapid,2022-10-07,52,146176,USUM72219185
0QLMAhZQACGtzi11XZVa6A,Lonely Town,Vulfpeck,2018-12-07,44,174614,TCADW1815716
2ZQ6YMcGxwyvAfV6dl8hkB,No One Knows (with Laufey),Stephen Sanchez,2023-09-22,64,239308,USUG12305751
0OQFriWHtnIzsRp3uImlGt,"Drunk, Running",Lizzy McAlpine,2024-04-05,59,245720,USRC12301897
2llz5UVyVk8MHlqFsyye3p,Cheap Apple Cider,saint street,2020-10-22,19,230071,QZMEQ2058111
2F3N9tdombb64aW6VtZOdo,Down Bad,Taylor Swift,2024-04-18,76,261228,USUG12401031
4KGGeE7RJsgLNZmnxGFlOj,Falling Behind,Laufey,2022-08-26,80,173640,GBKPL2298396
0i5cbXf89m1WPNvFB6vCoy,Man in the Mirror,Scary Pockets,2021-05-13,32,210891,QZGWX2122510
0KJRetlskz7CPFZXymA8l2,I Don't Know You At All,Lizzy McAlpine,2021-04-21,45,271000,QM24S2102291
4jLxibvYRtzEAiTDvbL9fO,To the Mountains,Lizzy McAlpine,2020-08-13,63,193800,GBKPL2087276
5n7N3X5lOhZHtTT2fNA0rz,Over-the-Ocean Call (Andrew),Lizzy McAlpine,2020-08-13,49,370133,GBKPL2015630
3dm2hB5JuzTTYaAImXvwxh,Strawberry Mentos,Leanna Firestone,2020-10-30,0,195322,QZMER2038815
5SBzve5oEsGhZSE8uZ8tjc,Takes Me Back Home,Wasia Project,2024-07-11,51,193137,QM6N22478964
5fwGZTe8i8JSm4FJwVRAWm,My Vine,Wasia Project,2022-12-09,50,188081,QMDA72270848
37mfTcSlX60JtAvAETytGs,Choke,I DONT KNOW HOW BUT THEY FOUND ME,2018-08-24,68,195717,TCADH1774692
79Bgpf10NtBBKN2aAxA6OJ,In Your Own Sweet Time,Zaska,2014-03-24,45,272185,UST8K1873758
0S9PGcpPhugStvXunPhtJa,Everything I Know About Love - Live,Laufey,2022-09-22,44,213560,GBKPL2213777
7yhdkk4O9QtZ9J5vWTQEM3,WE WERE KIDS,Carter Vail,2023-09-26,44,188100,QZVG82302404
3OsrfBSArPIfUXAO6sXd8i,You Forced Me To,Lizzy McAlpine,2024-04-05,47,183800,USRC12301899
4HkpA9A342kUYtXydj0VIR,Unwritten,Pomplamoose,2019-08-26,22,205448,QZGWW1956520
05jz5b4pcDEVZP6y7Vx879,Meaningless Kiss,Hugh Grant,2006-02-13,34,229493,USAT20700312
1WdbMVvjfOV8M0tkRVilKh,Empires,The Electric Swing Circus,2017-01-16,56,190508,GB8KE1650934
0etGeOL33kfAw2iuTKPF3z,tlit21c,Lyn Lapid,2023-12-01,32,66666,USUM72308548
4xoRJ2BJWRo5kFoEu4BpvC,Sweet Hibiscus Tea,Penelope Scott,2020-05-13,59,145300,QZES92051839
3SQxzzu41bjlCGGDCb83JY,ceilings - Spotify Singles,Lizzy McAlpine,2023-04-05,42,164586,QM6MZ2300542
7F3Ldw3W1jI4B3b0IFsNm8,Never Had a Chance,Katherine Li,2022-04-04,53,145520,SGB502246485
0J4PdreUozgygeHxhsDIMR,chemtrails,Lizzy McAlpine,2022-04-08,50,237513,GBKPL2280168
5yOhfiHWFUSm6H8CTBU5UE,For a Moment,Calah Lane,2023-12-08,52,202133,USNLR2301729
2lxZhv9vuzDKIWImiYhDh7,wave,wave to earth,2019-08-23,65,270095,KRMIM1914745
1COdnQgRzvCBOt58JfWYAR,like you want me to,Lyn Lapid,2023-12-01,33,157773,USUM72308545
2LlOeW5rVcvl3QcPNPcDus,Always,Daniel Caesar,2023-04-07,84,225312,USUG12209355
4UDus24wWxzVM1uCbkRFNF,I've Never Been In Love Before,Laufey,2022-10-14,51,222146,GBKPL2298394
4R3AU2pjv8ge2siX1fVbZs,Goddess,Laufey,2024-03-06,64,267866,QM4TW2430375
2LugzQOBlEYaotBVD7veNI,The Record Player Song,Daisy the Great,2022-10-27,49,203352,QM2PV1788811
4Yo07496qPA3ETYAh3xfCQ,get what u get,quinnie,2023-02-24,37,66986,USSM12209906
4Sz61x2L4mYmtw47NBrzfC,Somebody Come Through,Wasia Project,2024-08-29,57,238381,QM7282410446
0g9BOSeEnmv7L2qoFQKyBB,dead girl in the pool.,girl in red,2019-05-08,58,186642,GBKPL1947902
0FnmNoDwLL21lrL6a9kLw7,Broken Glass,Lizzy McAlpine,2024-04-05,50,220586,USRC12301895
3XlPZA9awTrrgRMcSAaLVx,Fragile - Live,Laufey,2022-09-22,44,219186,GBKPL2213775
5Avmd3awxZBFLmma5sHGmG,Space Out!,Ellie Dixon,2022-04-07,36,183573,USHM82000060
3Z5CTb7JeMn4ePGenDy94F,Casualty (acoustic-ish),Lawrence,2019-07-10,14,170904,QM24S1922361
6kdeGvVzjBvNydR5cfcbKm,Monster Mashup,Pomplamoose,2018-10-23,21,167350,QZ22B2017260
6uaBrivDHCaV0uBTiwHTUi,Comfort Crowd,Conan Gray,2020-03-20,64,174680,USUM71915466
5QDtGxC2khjwLEq1bXhdEj,Isn't It Obvious,Katherine Li,2023-11-16,0,158130,SGB502392996
3vwBYoGucbkHtlDHzXqfLG,Come Together,Scary Pockets,2018-03-02,39,163000,QZBRF1807591
2tGDVVK0QBtiF9K4nGeNmh,Miracle,Caravan Palace,2019-08-30,50,216213,FR9W11827929
0yfDVYKVKYrHknz9gVOlQr,Fight or Flight,Conan Gray,2020-03-20,65,171480,USUM71924261
6RObO033GGC7mReVoRQJPU,80's makeout session,dacelynn,2019-07-24,3,102468,GBSMU6665743
2SEeyc2KS9DIjiJPCYtfgJ,Goddess,Laufey,2024-04-26,68,267866,QM4TW2430375
709p9UGPAuyImWf1Z3vjRo,Let You Break My Heart Again,Laufey,2021-08-13,79,269066,TCAFR2175884
5BArc3UpONi77FMkNT4LYU,Producer Man,Lyn Lapid,2020-10-14,55,141672,USUM72019134
3mtSPmyeEkkqvHdXj7W4qg,I Guess That Was Goodbye,Lyn Lapid,2022-02-04,43,190243,USUM72200968
6suxD2gxLufLtnFBNObyQg,Free Fallin',Magaziine,2023-06-08,15,229756,QZPJ32228793
6pJEcJA1WS2z9Rxlsvxrh0,Check Your DMs,Sam Greenfield,2022-02-25,0,197990,QZFYY2283057
1WUAyibDAavzj94N8JwVpW,Dance With You Tonight,Laufey,2022-08-26,55,158560,GBKPL2298398
5U6OCA7MYnAcSgN3ag2DDH,Crush + Someone Like You Mashup,Pomplamoose,2018-08-20,24,153156,QZ22B1988244
3F3YMGCp5ErvS14f71s8LX,Saturn,Lyn Lapid,2022-12-02,45,213666,USUG12208469
6ME6KRwUQoDfaVmKtwUdPT,Morning,Emma Jayne,2019-04-05,34,195262,TCAED1995012
1ZfYtdc9FXkRmVXyNXxjoy,A World of Your Own,Timothée Chalamet,2023-12-08,54,222166,USNLR2301734
6kGLWfGeZQ9RZHcGis9KN6,Lucky,Zeph,2020-04-18,44,192000,QZDA72031335
01gMb1CPO0jNeQhZUrBaoB,IDKW,Daisy the Great,2019-01-18,32,105897,QZ4JJ1983917
5xdEYxSLIF1b7WC9NAHdcX,Honest Man,Fat Night,2017-02-24,39,325145,QM4TW1744286
5yIuA6g8P4nwWGMzXfhX4a,Serendipity,Laufey,2023-09-08,61,219906,QMDA62312095
1nYzjrdVQ8RpF93M0jPFW7,Remember That Night?,Sara Kays,2020-11-06,75,227186,USAT22007230
08PdFBcXzpkn1cWNgmKqhn,Promise,Laufey,2023-09-08,80,234266,QMDA62312092
4s3kaH1AaZKmIFOpRYjniB,Love Yourself,Scary Pockets,2018-03-02,19,211000,QZBRF1807588
1oPd8gfPWu6zeKQX9flbpk,fall in love with a girl (feat. Beabadoobee),Cavetown,2022-11-04,52,190853,USWB12200067
553T7eH1hqLwFisoXQatVd,Good Morning Beauty Queen,Jacob Sigman,2018-03-09,35,141444,QZBRF1834899
0rDGJgeeJETqavhY1lhRM9,Night Light - Live at The Symphony,Laufey,2023-03-02,47,247133,QM4TW2367726
1o0nAjgZwMDK9TI4TTUSNn,LAX,Vulfpeck,2020-10-23,45,225665,QZK6L2063704
5U2LnoPuuALkwJGNkpkXc8,I Think We Danced (But I Can't Be Sure),itsjustrand,2020-02-28,34,228714,QZFZ22027268
6Ngps97GnSV17gGxsYX1NZ,orange show speedway,Lizzy McAlpine,2022-04-08,55,226736,GBKPL2280169
0ySkMC5CSdVFuBkiEDCQfF,Panther City,Leon Bridges,2024-10-04,58,247666,USSM12405608
3MkEVGXroAZV4BAtBV9yOf,I'd Have to Think About It,Leith Ross,2021-10-08,58,150141,QMFME2134680
50QZSJLlPPbE33kloSoNEj,Really Mean It,Katherine Li,2024-02-14,40,194262,SGB502394174
1kKfongVKZGM51w6sd3TIx,Revive (Alternate Version),Riouth,2020-02-05,0,202826,USANG2013319
7c4wBeGKsOF2mCMIZurq7G,Grace Kelly,Pomplamoose,2022-07-08,26,247346,QZPJ32120966
6PAfPRBtkg2YR72cHtc7oK,Dance With You Tonight,Laufey,2022-10-14,52,158560,GBKPL2298398
0WYip0MXpOGYvNH2h7q8ng,For Sale Sign (feat. Lizzy McAlpine),Tiny Habits,2024-11-21,57,266666,USQE92400296
1K8WYDzJ5aHF6Kr99q2gSI,Lights Out,FIZZ,2023-10-27,29,226410,GBUM72302383
3EOP2LAoeiosRO0NlbbfQJ,Girls Just Want to Have Fun,Scary Pockets,2018-07-02,28,158336,QZDA51882977
43iIQbw5hx986dUEZbr3eN,From The Start,Laufey,2023-09-08,83,169573,QMDA62312093
02H1K5Cw9Ar89b35XwSEw6,My Heart Is Buried in Venice,Ricky Montgomery,2016-04-08,63,184866,USA2P1624701
74IgSPXYXx7v95NpCzGgsW,Share Your Address,Ben Platt,2019-03-29,51,182466,USAT21900701
4CxFN5zON70B3VOPBYbd6P,you were good to me,Jeremy Zucker,2019-05-03,71,219146,USUM71906797
0UmNhsqUlGWs9h44hIQNAm,Like It Tends To Do,Lizzy McAlpine,2024-04-05,50,205960,USRC12301891
2l2qbgyVMF2tEwLlOsPwa1,Fragile - Live at The Symphony,Laufey,2023-03-02,50,249000,QM4TW2367712
4KqBoq7MoDJeVsvUHTjXCM,Sweet Pea,Amos Lee,2006-01-01,66,129626,USBN20600451
7sOUsRHqnu18iSYE0KM11f,Second Best,Laufey,2024-04-26,57,204813,QM6P42387647
1L9QNJWAnxApkRKXAKFjTO,Where Do I Go?,Lizzy McAlpine,2020-08-13,49,206533,GBKPL2015631
01YcHuIQmLIt5bchtVtViv,Forgetting Delaney,Delaney Bailey,2022-12-16,0,152226,QZNWR2283235
2IHaGyfxNoFPLJnaEg4GTs,"What Is Love - 7"" Mix",Haddaway,1993-09-13,9,270373,DEA410500401
4K3gM7kzX4POAfrs71HomN,Lookalike,Conan Gray,2018-11-16,65,220866,USUM71816677
39sDitIeCMrVX2QyXHY46t,Blue Hair,TV Girl,2018-05-08,85,217000,USDY41861506
3dQ2E2GBBmCY4a7ax0HE4m,Winter Wonderland,Laufey,2023-11-03,1,132800,QMFME2359177
4go1eXuS30dO4BVYsGJJkS,Clock Tower,Joby Talbot,2023-12-08,37,49191,USNLR2301731
79Rkf1DbnL3S6PAlFRgiC5,till i go red,runo plum,2023-03-24,0,188336,QZES62302749
5VP1yXviUwA0KA0ewit5pe,California and Me,Laufey,2023-09-08,63,216306,QMDA62312090
4kevrm6eqiUXb3D5mRDSOB,what a shame,Lizzy McAlpine,2022-04-08,46,168022,GBKPL2280164
2HvtedoEeymVWrBPyAMNwZ,SUPERBLOOM,MisterWives,2020-07-24,58,213546,USAT22001763
3hxpEr7BsPJPLSVCDWVnbE,Valentine - Live at The Symphony,Laufey,2023-02-14,43,180320,QM4TW2367678
76pV06GMcz7OMVEnmjV83e,Don't Hate Me When It's Over,Stephen Dawes,2023-10-27,49,156284,USUG12308267
1NCZMAnGrzUmpBzkBlJjNw,It's Alright,Mother Mother,2018-11-02,61,175000,CAAUN1800019
2OcTokSU4FnEaIMpNSAh9F,Dear Soulmate,Laufey,2022-08-26,57,260026,GBKPL2298392
7da2Mfqu261k0lJdALIUDO,Feels Like We Only Go Backwards,Magaziine,2023-06-08,18,142394,QZPJ32232722
2zlvJLzZdU00biRqmxQBNA,Letter To My 13 Year Old Self,Laufey,2024-04-26,55,262680,QM6P42387624
09TFxxPwtAplKxJgOYbULc,Pack Up The Louie - Caravan Palace Remix,Caro Emerald,2013,47,207531,NLHR31400427
1CDTADeg2GTtviwTcioBJi,...What Are We?,Lizzy McAlpine,2021-04-21,55,218500,QM24S2102290
6L43dZ9e2mj2bISgJV04Yp,…,Wasia Project,2024-08-29,39,39958,QM7282410456
3L0pNNfvsCbCKP1HvoyBhZ,Thank My Self,Earl St. Clair,2019-10-25,41,157044,QZHN71978838
4Do3s3aivnqbUAvUEDEsAG,We'll Never Have Sex,Leith Ross,2023-05-19,72,100716,USUM72203822
6ixzUhqQCQcOKJB15XzKcY,That Thing You Do,stories,2021-11-11,15,189134,QZPJ32121287
1k2pQc5i348DCHwbn5KTdc,Pink Pony Club,Chappell Roan,2023-09-22,89,258034,USAT22001300
2L9N0zZnd37dwF0clgxMGI,ceilings,Lizzy McAlpine,2022-04-08,82,182887,GBKPL2280163
